Inosita Tab. 100mg 28's,2024,1,2789,4342653.6975
Ferfer Gro Sac. 30's,2024,1,7069,2961310.77099997
Duzalta Cap. 20mg 14's,2024,1,10448,5852578.42000031
LIMITROL TABS F.C. 0010MG X 10,2024,1,2,255
Treatan Tab. 16mg 28's,2024,1,2621,2716408.576
Arbi-D Tab. 300/25mg 14's,2024,1,1002,759299.3425
Avsar Tab. 160/10mg 14's,2024,1,54198,32582764.125
Galvecta Tab. 50mg 10's,2024,1,2403,813258.3729
"Opt-D Inj. 200,000 IU 1's",2024,1,35801,5100769.97450009
Eglaro-S Tab. 5/100mg 14's,2024,1,2757,1577797.115
Omron Weigh Scale BF-508,2024,1,2,35062.151
Evofix Susp. 100mg/5mL 60ML,2024,1,1856,455485.870499999
Orslim Cap. 120mg 30's,2024,1,21384,46466972.5525
Aircare DPI Device 1's,2024,1,2009,870762.558000003
Thewril Cap. 4mg 20's,2024,1,6026,3417601.214
Paridopa Tab. 150/37.5/200mg 30's,2024,1,-57,-82744.899
Gouric Tab. 40mg 20's,2024,1,73089,39464427.977
Xcept Tab. 2.5mg 10's,2024,1,17290,5114431.635
AXIFER IV 100MG 5AM,2024,1,411,300103.075
Omron BPM M1 Basic Limited Edition (DH),2024,1,5,26943.79
Galvecta Plus Tab. 50/1000mg 14's,2024,1,4145,2137633.3313
Zoltar Inj. 40mg 1's,2024,1,22458,4033383.05120001
IBANDRO TABS 150MG,2024,1,-15,-6649.125
Duzalta Cap. 60mg 10's,2024,1,3474,1991522.11620002
Evokalm Tab. 25mg 10's,2024,1,19075,3608676.5145999
Erli Plus Tab. 12.5/500mg 14's,2024,1,6333,2282859.11
Ad-D Chewable Tab. 10000IU 8's,2024,1,844,142789.499
Xcept Tab. 20mg 14's,2024,1,14188,11711709.395001
Retzole Tab. 2.5mg 10's,2024,1,2872,5096751.3
EvoCheck Go BGM Test Strip 50's,2024,1,3920,5430763.10999999
REKLAIM SACHET 30's,2024,1,15,6828.14900000001
Zilero Tab. 2.5mg 30’s,2024,1,760,576908.685
Paridopa Tab. 125/31.25/200mg 30's,2024,1,-183,-251596.515
Zibes Tab. 2.5mg 14's,2024,1,13511,746138.622000015
Erli Plus XR Tab. 5/1000mg 14's,2024,1,2157,801633.936
Evopride Tab. 2mg 30's,2024,1,9644,4217269.69000012
Treatan-D Tab. 16/12.5mg 28's,2024,1,1881,1576253.4129
Sacvin Tab. 50mg 30's,2024,1,20743,27231148.6979045
BD PEN NEEDLE 4MM 100’S,2024,1,87098,1934694.8889
Tiocap Cap. 18mcg 6's,2024,1,21270,2698592.274
Evokalm Tab. 100mg 10's,2024,1,9717,3996967.43830007
Xilica Cap. 150mg 14's,2024,1,1463,844951.369900004
X-Plended Tab. 10mg 10's,2024,1,181002,72888372.139216
Vible Tab. 30's,2024,1,6324,4540499.58069991
Erlina Tab. 10/5mg 14's,2024,1,10190,4942534.09999989
Tansin Tab. 50mg 10's,2024,1,23059,4477620.98920012
Erli Plus XR Tab. 12.5/1000mg 14's,2024,1,15560,7449248.10499967
Xilica Cap. 100mg 14's,2024,1,2148,1079270.02849999
Nise Tab. 100mg 20's,2024,1,216778,56233102.3253194
Revolic Tab. 30's,2024,1,1714,928483.147600006
X-Plended Tab. 20mg 10's,2024,1,100143,56586767.4212003
BD PEN NEEDLE 31GA 8MM (320109),2024,1,6520,148626.9286
Galvecta Plus Tab. 50/850mg 14's,2024,1,8111,4111572.6538
Duzalta Cap. 30mg 14's,2024,1,15173,9109780.26800037
Arbi Tab. 150mg 10's,2024,1,9265,2937606.2085
Erli Tab. 10mg 14's,2024,1,20922,7904357.37730073
Tansin DS Tab. 100mg 10's,2024,1,816,252253.2297
Erlina Tab. 25/5mg 14's,2024,1,9256,6357006.29400023
Klevra Tab. 500mg 30's,2024,1,2505,4046871.15399995
Histalis Tab. 10mg 10's,2024,1,9437,1441481.2164
Busonide Cap. 400/12 mcg 30's,2024,1,18826,8238193.54000039
Inosita Plus Tab. 50/1000mg 28's,2024,1,21055,22301901.4894
Galvecta Plus Tab. 50/500mg 14's,2024,1,5195,2547948.365
Paridopa Tab. 200/50/200mg 30's,2024,1,923,1845756.725
"Opt-D Cap. 25,000IU 4's",2024,1,3032,596269.930400002
Telsarta-A Tab. 10/80mg 10's,2024,1,1745,635886.3592
Telsarta Tab. 80mg 10's,2024,1,4131,1568977.3357
EvoCheck GS700 BGM Test Strips 50's,2024,1,6910,14582433.3099998
Byvas Tab. 2.5mg 14's,2024,1,33559,7252899.15489999
Supercran Sac. 10's,2024,1,1759,632701.504900001
Evokalm XR Tab. 300mg 10's,2024,1,2238,1351328.0184
EvoCheck GM700S BGM Meter Kit,2024,1,689,2446976.15
"Opt-D Cap. 200,000IU 1's",2024,1,65989,19723948.0140987
Busonide Cap. 200/6 mcg 30's,2024,1,2803,991652.500000004
Inosita TABS 100MG 14`S,2024,1,2,985.32
Zibes Tab. 10mg 20's,2024,1,1058,394958.1676
Inosita Plus TABS 50/850MG 14'S,2024,1,-2,-643.2
Diu Tansin Tab. 50/12.5mg 10's,2024,1,9812,2282948.3535
Erli Plus Tab. 5/1000mg 14's,2024,1,607,109371.2
Onita Sac. 2g 7's,2024,1,10091,11907047.9025
Byvas Tab. 5mg 14's,2024,1,41618,13650481.2573997
Oxivort Tab. 20mg 14's,2024,1,62,30849.2625
Eglaro Tab. 5mg 14's,2024,1,337,118046.73
Oxivort Tab. 10mg 14's,2024,1,2281,781980.235
Eglaro-S Tab. 15/100mg 14's,2024,1,7154,4791326.4965
Evopride Tab. 1mg 30's,2024,1,4388,997907.690200045
Avsar Plus Tab. 160/5/12.5mg 28's,2024,1,35670,15202522.1545026
Zoltar Cap. 40mg 14's,2024,1,5588,1841030.98069997
Avsar Plus Tab. 160/10/25mg 28's,2024,1,8935,4042880.61919998
Ferfer Sac. 30's,2024,1,14107,10617419.2736001
Femova Sac. 10's,2024,1,11349,12184229.9383994
Avsar Plus Tab. 160/5/25mg 28's,2024,1,2738,1157892.17000001
BD PEN NEEDLE 31GA 5MM (320119),2024,1,25973,592415.8211
Eglaro Tab. 15mg 14's,2024,1,374,165326.768
UFI Tab 5mg CP,2024,1,-15,-4513.075
Evokalm XR Tab. 200mg 10's,2024,1,809,441367.9128
Estar Tab. 10mg 14's,2024,1,62211,25998276.58
UriTreat Cap. 0.4mg 20's,2024,1,2470,2054416
Erli Plus XR Tab. 10/1000mg 14's,2024,1,3750,1710434.006
Omron BPM M1 Basic,2024,1,1891,13937267.7875
BD SYRINGE - BAG 1CC 30GA 8MM 10 (328838),2024,1,1642031,55925116.0713
"Opt-D Cap. 100,000IU 2's",2024,1,2309,591852.946499998
Klevra XR Tab. 500mg 10's,2024,1,607,342490.296
Treatan Tab. 4mg 14's,2024,1,16840,5684041.31099994
Agoviz Tab. 25mg 14's,2024,1,4870,3448425.11260008
Avsar Tab. 160/5mg 14's,2024,1,53436,26511852.296902
Evopride Plus Tab. 1/500mg 30's,2024,1,15121,4061708.17330049
Xilica Cap. 50mg 14's,2024,1,8779,3186661.65029988
Actnise Crm. 50gm 1's,2024,1,11792,3980779.45730011
MYOPRO 20MG 10'S,2024,1,-1,-264.32
Sacvin Tab. 200mg 30's,2024,1,527,1213091.1
Aireez Tab. 5mg 30's,2024,1,1263,503714.675
Xilica Cap. 25mg 14's,2024,1,2711,654178.0383
Gouric Tab. 80mg 20's,2024,1,18963,16168314.261
FREEDEP TABS F.C. 0050MG X 30,2024,1,9,2065.5
Anplag Tab. 60mg 14's,2024,1,1294,915289.01
Klevra Tab. 250mg 30's,2024,1,1576,1540891.58039998
Xcept Tab. 15mg 14's,2024,1,15059,10468068.52
Evokalm Tab. 200mg 10's,2024,1,1069,496942.503000003
Evofix DS Susp. 200mg/5mL 30ML,2024,1,4957,1252158.1795
Telsarta-A Tab. 5/40mg 14's,2024,1,45618,18920821.7616001
Evopride Tab. 4mg 30's,2024,1,7548,7090046.685
Avsar Tab. 80/5mg 14's,2024,1,156921,61396551.9615073
Voxamine Tab. 100mg 10's,2024,1,8178,5032767.69499999
K-1000 Tab. 30's,2024,1,19895,12407378.0844003
WINZITH TABS 500MG 6`S,2024,1,-1,-191.25
Inosita Tab. 50mg 28's,2024,1,9925,9849181.99249928
EvoCheck Go BGM Meter Kit,2024,1,1241,3317402.2
BD SYRINGE - BAG 1ML 31G 6MM,2024,1,116690,4493517.91499996
Telsarta-A Tab. 5/80mg 14's,2024,1,13104,7045385.30679986
EvoCheck BPM68,2024,1,149,727038.72
Ivadin Tab. 7.5mg 14's,2024,1,1249,441607.045
Omron ETB Eco Temp Basic,2024,1,217,314867.9909
Erli Plus Tab. 12.5/1000mg 14's,2024,1,2755,992406.11
Treatan Tab. 8mg 14's,2024,1,13139,5297268.78250006
Telsarta Tab. 20mg 10's,2024,1,9145,1700359.5148
Paridopa TABS 100/25/200MG 10's,2024,1,-2,-561
Inosita Tab. 25mg 10's,2024,1,932,267127.596
Tiocap Cap. 18mcg 30's,2024,1,54,34425
Fasteso Tab. 40mg 14's,2024,1,6060,2382444.83119995
Lowplat Plus Tab. 75/75mg 10's,2024,1,417492,105442056.796534
Kalsob Tab. 30's,2024,1,28537,17757695.9202986
Inosita Plus Tab. 50/500mg 28's,2024,1,51901,53566751.1282075
Paridopa Tab. 75/18.75/200mg 14's,2024,1,-349,-146691.368
Omron BPM M7 Intelli IT,2024,1,104,2421680.972
Inosita Plus Tab. 50/850mg 28's,2024,1,14682,15425236.4634
Arbi-D Tab. 300/12.5mg 10's,2024,1,7102,4022622.8105
Ramipace Tab. 2.5mg 28's,2024,1,34809,18940684.5990022
Anplag Tab. 90mg 20's,2024,1,12977,18540184.055
Anex-M Tab. 85/500mg 2's,2024,1,2263,751918.499999992
HIFAZAT Hand Sanitizer 100ML,2024,1,-91,-19020.4769
Ivadin Tab. 5mg 14's,2024,1,7704,2738744.0275
Estar Tab. 20mg 14's,2024,1,6238,3409908.445
Redexa Cap. 60mg 30's,2024,1,5771,4359878.65
Estar Tab. 5mg 14's,2024,1,38548,11006373.5259985
Klevra Soln. 500mg/5mL 60mL,2024,1,3717,2037666.34079998
X-Plended Tab. 5mg 10's,2024,1,50549,11689937.5166014
Paridopa Tab. 100/25/200mg 30's,2024,1,2466,3778443.205
EVOZID VIAL DRY 0010ML 0001G  X 1,2024,1,-1,-191.25
X-Plended EZ Tab. 20/10mg 10's,2024,1,8963,5136108.75999987
Ramipace Tab. 5mg 28's,2024,1,17816,12917203.3220006
Telsarta-D Tab. 80/12.5mg 14's,2024,1,5609,3461543.3432
Evofix Susp. 100mg/5mL 30ML,2024,1,10349,2338556.9325
Inosita Plus XR Tab. 100/1000mg 14's,2024,1,8535,5850903.92940029
Telsarta Tab. 40mg 10's,2024,1,17394,4852185.0655
SPEDICAM TABS 8MG 10`S,2024,1,-34,-4320.72
Telsarta-A Tab. 10/40mg 10's,2024,1,8725,2804685.5621
Zilfom Tab. 400mg 5's,2024,1,3282,1461608.7875
Erli Plus Tab. 12.5/850mg 14's,2024,1,3967,1430882.01
EvoCheck Pulse Oximeter,2024,1,116,305960
Dapwiz Tab. 5mg 10's,2024,1,7125,1507459.962
Zilero Tab. 5mg 30’s,2024,1,587,519933.78
Inosita Plus XR Tab. 50/500mg 14's,2024,1,29383,17020661.147998
Sparliv Tab. 30's,2024,1,4249,3352783.2146001
UFI Tab 10mg CP,2024,1,-56,-27081
Evopride Tab. 3mg 30's,2024,1,4200,2562615.4775
Arbi Tab. 300mg 10's,2024,1,3924,1658146.6999
Azliv Tab. 500mg CP 6's,2024,1,-223,-51717.1875
Phytus Syp. 120ML,2024,1,8725,3250812.69180002
Sacvin Tab. 100mg 30's,2024,1,3311,6425685.35560012
Fasteso Tab. 20mg 14's,2024,1,2318,514710.444999994
Telsarta-D Tab. 40/12.5mg 14's,2024,1,9559,3966671.5813
"Omron Weigh Scale HN-289 ",2024,1,49,270168.9078
Ad Folic Tab. 30's,2024,1,25367,9824302.67980173
X-Plended EZ Tab. 5/10mg 10's,2024,1,7946,1949392.6375
Evo Joshanda Sac. 30's,2024,1,6220,2849371.6104
X-Plended EZ Tab. 10/10mg 10's,2024,1,24220,9017371.801
Actiflor Sac. 250mg 10's,2024,1,5434,3430419.4293
Neo Q 10 Cap. 100mg 20's,2024,1,2970,3299519.88699995
Dapwiz Tab. 10mg 10's,2024,1,16207,5207936.0683
MYOPRO 10MG 10'S,2024,1,-1,-145.86
Erli Plus Tab. 5/850mg 14's,2024,1,317,57553.5000000001
LACTEUS GROW 3 400g,2024,1,-2,-2386.5
Ramipace Tab. 1.25mg 28's,2024,1,10041,3643318.3180001
Voxamine Tab. 50mg 10's,2024,1,7766,2401398.11800004
Xcept Tab. 10mg 10's,2024,1,37959,17149808.2088
Byvas Tab. 10mg 14's,2024,1,3482,1397330.6375
Omron BPM Wrist RS1,2024,1,93,737078.3275
Lowplat Tab. 75mg 10's,2024,1,334113,78774945.0624957
Xilica Cap. 75mg 14's,2024,1,10613,4786291.44459998
Erli Plus XR Tab. 25/1000mg 14's,2024,1,8714,5946272.03599967
Ramipace Tab. 10mg 28's,2024,1,2690,2626615.89529999
Azliv Tab. 250mg CP 6's,2024,1,70,10958.766
Arbi-D Tab. 150/12.5mg 10's,2024,1,13141,4998919.30800001
Aireez Sac. 4mg 14's,2024,1,5080,1610157.125
Aireez Tab. 10mg 30's,2024,1,16217,10307016.3152
Ad-D Chewable Tab. 2000IU 30's,2024,1,960,362700.468999999
Evofix Cap. 400mg 10's,2024,1,5492,3599755.78
Erli Tab. 25mg 14's,2024,1,9317,4630445.77499981
Zoltar Cap. 20mg 14's,2024,1,7708,2353762.22160005
Erli Plus Tab. 5/500mg 14's,2024,1,768,221586.5
Zibes Tab. 5mg 20's,2024,1,14845,3001127.4134
Avsar Plus Tab. 160/10/12.5mg 28's,2024,1,35322,16324233.2790041
SheVit Tab. 30's,2024,1,12519,6192174.8891999
EvoCheck Infrared Thermometer,2024,1,23,110934.3903
Redexa Cap. 30mg 30's,2024,1,4620,2251060.032
Paridopa Tab. 50/12.5/200mg 30's,2024,1,1022,1062588.62499999
Inosita Plus XR Tab. 50/1000mg 14's,2024,1,12009,7506905.4765
Evopride Plus Tab. 2/500mg 30's,2024,1,40009,19697933.3255982
Lowplat Plus Tab. 75/150mg 10's,2024,1,1004,255660.9309
Histalis Tab. 20mg 10's,2024,1,1396,402917.7565
Omron BPM M3 Comfort,2024,1,113,1852482.1808
Dipof Cap. 6/25mg 20's,2024,1,1880,616419.607900008
Dipof Cap. 3/25mg 20's,2024,1,5823,1135870.12419999
FREEDEP TABS F.C. 0100MG X 20,2024,1,-9,-2295
Ad Folic OD Tab. 600mcg 30's,2024,1,31389,16384957.187598
Avsar Plus Tab. 320/10/25mg 28's,2024,1,3044,1716103.925
Tiocap Cap. 18mcg 6's,2024,2,21547,2726225.196
X-Plended Tab. 5mg 10's,2024,2,49591,11480570.576301
Eglaro-S Tab. 5/100mg 14's,2024,2,2767,1583874.36
Evokalm Tab. 100mg 10's,2024,2,9119,3751949.49900004
Byvas Tab. 5mg 14's,2024,2,43032,14115852.3379996
Ad-D Chewable Tab. 10000IU 8's,2024,2,1206,204004.926999999
Avsar Plus Tab. 160/10/25mg 28's,2024,2,8578,3886119.74879994
Erli Plus Tab. 12.5/500mg 14's,2024,2,8501,3064849.08
Evokalm Tab. 200mg 10's,2024,2,873,405234.970400001
Vible Tab. 30's,2024,2,5799,4164382.70649997
Galvecta Plus Tab. 50/500mg 14's,2024,2,5102,2500286.1386
Klevra Tab. 500mg 30's,2024,2,774,1248798.2708
REKLAIM SACHET 30's,2024,2,45,22106.4491
Treatan Tab. 16mg 28's,2024,2,2539,2632082.7884
Ramipace Tab. 5mg 28's,2024,2,16829,12203545.6968004
"Opt-D Inj. 200,000 IU 1's",2024,2,34108,4861881.60000006
Avsar Plus Tab. 160/5/25mg 28's,2024,2,2759,1166263.76000001
Onita Sac. 2g 7's,2024,2,10023,11848325.1
IBANDRO TABS 150MG,2024,2,-53,-23562
Telsarta-D Tab. 80/12.5mg 14's,2024,2,192,118805.186
Busonide Cap. 200/6 mcg 30's,2024,2,3015,1067848.20000001
Duzalta Cap. 30mg 14's,2024,2,14278,8568658.92000031
BD PEN NEEDLE 31GA 8MM (320109),2024,2,6512,147036.2618
Inosita Tab. 100mg 28's,2024,2,2376,3695562.34
Inosita Tab. 50mg 28's,2024,2,9319,9262422.75999958
Xilica Cap. 100mg 14's,2024,2,2049,1036371.436
Byvas Tab. 2.5mg 14's,2024,2,33508,7242513.9209
Galvecta Tab. 50mg 10's,2024,2,2324,786739.7375
Zilero Tab. 2.5mg 30’s,2024,2,900,683655
Aircare DPI Device 1's,2024,2,2085,906493.281000001
Omron ETB Eco Temp Basic,2024,2,73,108584.7907
Telsarta Tab. 20mg 10's,2024,2,8648,1610658.3492
Telsarta-A Tab. 5/80mg 14's,2024,2,9168,4931848.63960011
Dapwiz Tab. 5mg 10's,2024,2,7263,1537252.054
EvoCheck GS700 BGM Test Strips 50's,2024,2,8234,15445410.7899998
Inosita Plus Tab. 50/1000mg 28's,2024,2,20450,21652113.7863
K-1000 Tab. 30's,2024,2,19963,12463016.6325003
Erli Plus Tab. 12.5/1000mg 14's,2024,2,3199,1154180.15
Evopride Tab. 4mg 30's,2024,2,8261,7760615.975
Paridopa Tab. 150/37.5/200mg 30's,2024,2,351,492014.425
Tansin Tab. 50mg 10's,2024,2,22319,4330904.27640023
Actnise Crm. 50gm 1's,2024,2,6325,2061734.73750005
X-Plended Tab. 20mg 10's,2024,2,100345,56783168.3902003
Fasteso Tab. 40mg 14's,2024,2,6566,2583816.39999996
Galvecta Plus Tab. 50/850mg 14's,2024,2,7826,3965007.8922
Avsar Tab. 160/5mg 14's,2024,2,52883,26233888.0931013
EvoCheck Pulse Oximeter,2024,2,15,41480
Klevra Soln. 500mg/5mL 60mL,2024,2,3048,1671799.94079998
Stevo Tab. 15mg 100's,2024,2,3,1109.76
Zilfom Tab. 400mg 5's,2024,2,4499,2004529.5
Xcept Tab. 2.5mg 10's,2024,2,16190,4788675.43
Inosita Tab. 25mg 10's,2024,2,824,235866.568
Erli Plus Tab. 12.5/850mg 14's,2024,2,4127,1487696.35
Tansin DS Tab. 100mg 10's,2024,2,1939,598794.6851
X-Plended Tab. 10mg 10's,2024,2,174182,70156153.610609
Evokalm XR Tab. 300mg 10's,2024,2,1995,1207271.286
Azliv Tab. 500mg CP 6's,2024,2,-51,-11921.25
Omron BPM M1 Basic,2024,2,111,678834.995
Xcept Tab. 10mg 10's,2024,2,38445,17381693.7663
"Opt-D Cap. 200,000IU 1's",2024,2,59107,17673789.2491995
Evo Joshanda Sac. 30's,2024,2,10227,4250704.9178
Erli Tab. 25mg 14's,2024,2,9005,4475014.11949986
Erlina Tab. 10/5mg 14's,2024,2,11033,5353848.07999995
Evopride Tab. 1mg 30's,2024,2,4307,978988.803300039
Xilica Cap. 75mg 14's,2024,2,10097,4555821.68739996
EvoCheck Go BGM Test Strip 50's,2024,2,7281,8247149.4459998
MFIT CAPS 400MG 30'S,2024,2,-1,-1220.52
Oxivort Tab. 20mg 14's,2024,2,388,210726.3575
Erli Plus XR Tab. 5/1000mg 14's,2024,2,2373,882689.5087
EvoCheck Infrared Thermometer,2024,2,1,-1025.6265
UriTreat Cap. 0.4mg 20's,2024,2,1741,1469466.4
"Opt-D Cap. 25,000IU 4's",2024,2,2796,550304.400000002
Evokalm XR Tab. 200mg 10's,2024,2,1713,939669.8898
Duzalta Cap. 20mg 14's,2024,2,9728,5447990.48100025
Agoviz Tab. 25mg 14's,2024,2,4693,3326712.84510003
Arbi-D Tab. 300/25mg 14's,2024,2,431,325545.9836
Zoltar Inj. 40mg 1's,2024,2,21785,3875432.04870001
Dapwiz Tab. 10mg 10's,2024,2,16046,5154026.8888
Phytus Syp. 120ML,2024,2,7070,2597966.19959998
Lowplat Tab. 75mg 10's,2024,2,338066,79782505.8469982
Evokalm Tab. 25mg 10's,2024,2,17527,3318889.8330999
Telsarta Tab. 80mg 10's,2024,2,3601,1370312.3769
Sacvin Tab. 100mg 30's,2024,2,3774,7304686.83490009
Xcept Tab. 20mg 14's,2024,2,14016,11564883.8450009
AXIFER IV 100MG 5AM,2024,2,589,449384.325
Paridopa Tab. 125/31.25/200mg 30's,2024,2,67,90026.9
Zoltar Cap. 40mg 14's,2024,2,5383,1771403.72739997
Paridopa Tab. 200/50/200mg 30's,2024,2,1067,2135665.035
Histalis Tab. 10mg 10's,2024,2,8201,1252272.5013
Avsar Tab. 160/10mg 14's,2024,2,53722,32302070.3517
Xilica Cap. 50mg 14's,2024,2,9149,3318531.06309989
Ferfer Gro Sac. 30's,2024,2,7630,3202954.67279993
Arbi Tab. 150mg 10's,2024,2,8690,2755763.0615
EvoCheck GM700S BGM Meter Kit,2024,2,2845,9702687.85999997
Gouric Tab. 80mg 20's,2024,2,18213,15544023.862
Ad Folic OD Tab. 600mcg 30's,2024,2,26780,13976076.3197985
Stevo Sac. 1gm 50's,2024,2,3,1350
Redexa Cap. 30mg 30's,2024,2,4330,2111161.8275
Voxamine Tab. 50mg 10's,2024,2,7595,2342814.56350002
Zibes Tab. 2.5mg 14's,2024,2,13336,737221.224800014
Aireez Tab. 5mg 30's,2024,2,978,390252.86
Zoltar Cap. 20mg 14's,2024,2,7357,2249444.31810006
HIFAZAT Hand Sanitizer 50ml,2024,2,-3,-337.83
Evofix Cap. 400mg 10's,2024,2,5166,3453303.16
Erli Tab. 10mg 14's,2024,2,20535,7759382.94430061
Xcept Tab. 15mg 14's,2024,2,15937,11102061.23
Galvecta Plus Tab. 50/1000mg 14's,2024,2,3887,2005426.5215
BD PEN NEEDLE 4MM 100’S,2024,2,74560,1656684.7125
Redexa Cap. 60mg 30's,2024,2,5431,4106092.45
Ramipace Tab. 2.5mg 28's,2024,2,34035,18523284.5000013
Inosita Plus Tab. 50/850mg 28's,2024,2,14652,15406703.159
Inosita TABS 100MG 10`S,2024,2,-2,-612
Omron BPM M7 Intelli IT,2024,2,132,3069317.978
Erli Plus Tab. 5/850mg 14's,2024,2,391,70954.6000000003
Actiflor Sac. 250mg 10's,2024,2,5070,3213498.5405
Retzole Tab. 2.5mg 10's,2024,2,2727,4850635.5
Arbi-D Tab. 300/12.5mg 10's,2024,2,7028,3980544.1743
Aireez Sac. 4mg 14's,2024,2,4991,1583421.82
Aireez Tab. 10mg 30's,2024,2,15948,10145076.57
Thewril Cap. 4mg 20's,2024,2,5637,3201687.4961
Arbi Tab. 300mg 10's,2024,2,3814,1608557.0838
Duzalta Cap. 60mg 10's,2024,2,3093,1774582.80140002
Evofix DS Susp. 200mg/5mL 30ML,2024,2,4869,1257503.77
EvoCheck BPM68,2024,2,-288,-1467344.1564
Orslim Cap. 120mg 30's,2024,2,21744,47282297.225
Sparliv Tab. 30's,2024,2,3608,2845126.00780008
Omron Weigh Scale BF-508,2024,2,1,19273.71
FORMIS TABS 257.05MG 30'S,2024,2,0,0
LACTEUS GROW 3 400g,2024,2,-1,-1193.25
Erli Plus XR Tab. 12.5/1000mg 14's,2024,2,14940,7153736.61799984
BD SYRINGE - BAG 1ML 31G 6MM,2024,2,129400,5000397.12749996
Ad Folic Tab. 30's,2024,2,25906,10041750.1847019
Evopravir Tab. 200mg CP 30's,2024,2,0,0
Estar Tab. 20mg 14's,2024,2,5322,2911875.5575
Revolic Tab. 30's,2024,2,1723,933150.590400006
Ad-D Chewable Tab. 2000IU 30's,2024,2,978,368483.331899999
Evofix Susp. 100mg/5mL 30ML,2024,2,9842,2234565.085
Ivadin Tab. 7.5mg 14's,2024,2,315,110059.02
Telsarta-A Tab. 10/40mg 10's,2024,2,6727,2167355.2157
Stevo Tab. 15mg 200's,2024,2,3,1555.92
Erlina Tab. 25/5mg 14's,2024,2,9958,6824845.27900027
Azliv Tab. 250mg CP 6's,2024,2,-2,-313.78
Evofix Susp. 100mg/5mL 60ML,2024,2,2431,595027.965
UFI Tab 10mg CP,2024,2,10,4335
Inosita Plus XR Tab. 50/500mg 14's,2024,2,27598,15985246.4219982
Avsar Tab. 80/5mg 14's,2024,2,158136,61889805.07151
Busonide Cap. 400/12 mcg 30's,2024,2,18571,8136080.83000037
Gouric Tab. 40mg 20's,2024,2,76575,41358288.412
Zilero Tab. 5mg 30’s,2024,2,586,517843.29
Treatan-D Tab. 16/12.5mg 28's,2024,2,1514,1270574.4914
Dipof Cap. 6/25mg 20's,2024,2,2296,752276.32760001
Telsarta-A Tab. 5/40mg 14's,2024,2,25020,10383941.8746
Histalis Tab. 20mg 10's,2024,2,1509,435283.7748
Paridopa Tab. 50/12.5/200mg 30's,2024,2,338,352149.7
Sacvin Tab. 50mg 30's,2024,2,21822,28616377.8555046
Ivadin Tab. 5mg 14's,2024,2,7240,2574279.4225
Evopride Tab. 2mg 30's,2024,2,9566,4182667.32250014
Anplag Tab. 90mg 20's,2024,2,12885,18408507.5468
Xilica Cap. 150mg 14's,2024,2,1116,649705.054100003
Avsar Plus Tab. 160/10/12.5mg 28's,2024,2,34233,15821209.0035042
Nise Tab. 100mg 20's,2024,2,190795,49508119.9597161
Telsarta Tab. 40mg 10's,2024,2,17711,4945857.7215
Erli Plus Tab. 5/500mg 14's,2024,2,1280,369615.7
Ramipace Tab. 1.25mg 28's,2024,2,9275,3367315.39220008
X-Plended EZ Tab. 20/10mg 10's,2024,2,8908,5106720.17249989
LACTEUS 2 400g,2024,2,0,0
Estar Tab. 5mg 14's,2024,2,37503,10706570.1164988
Zibes Tab. 5mg 20's,2024,2,11664,2359587.551
Inosita Plus XR Tab. 50/1000mg 14's,2024,2,9095,5687196.15
SheVit Tab. 30's,2024,2,10330,5111611.22899987
Evopride Tab. 3mg 30's,2024,2,4193,2554483.415
Aireez TABS CHWE 0004MG X 14,2024,2,-2,-285.6
Erli Plus XR Tab. 10/1000mg 14's,2024,2,3643,1656904.7494
Avsar Plus Tab. 160/5/12.5mg 28's,2024,2,35695,15215298.5775026
Anex-M Tab. 85/500mg 2's,2024,2,4425,1466147.1432
Paridopa Tab. 75/18.75/200mg 14's,2024,2,-34,-14450
Inosita Plus Tab. 50/500mg 28's,2024,2,50994,52635262.4662039
Oxivort Tab. 10mg 14's,2024,2,2234,762747.035
Eglaro-S Tab. 15/100mg 14's,2024,2,7191,4815933.9181
BD PEN NEEDLE 31GA 5MM (320119),2024,2,30998,705178.4263
Inosita TABS 100MG 14`S,2024,2,-1,-492.66
Erli Plus Tab. 5/1000mg 14's,2024,2,688,124917.7
Omron BPM Wrist RS1,2024,2,143,1121133.579
Byvas Tab. 10mg 14's,2024,2,3838,1542356.0925
"Opt-D Cap. 100,000IU 2's",2024,2,2534,647542.918999997
Kalsob Tab. 30's,2024,2,27236,16943984.3950992
EvoCheck Go BGM Meter Kit,2024,2,4675,10726158.866
Zibes Tab. 10mg 20's,2024,2,1225,459386.503999998
"Omron Weigh Scale HN-289 ",2024,2,8,44889.0111
Voxamine Tab. 100mg 10's,2024,2,7403,4549164.09499992
Klevra Tab. 250mg 30's,2024,2,1331,1302389.703
Ferfer Sac. 30's,2024,2,14733,11088325.169
X-Plended EZ Tab. 5/10mg 10's,2024,2,8226,2018300.785
Neo Q 10 Cap. 100mg 20's,2024,2,2898,3212852.29899999
Femova Sac. 10's,2024,2,11822,12699297.1932994
X-Plended EZ Tab. 10/10mg 10's,2024,2,20211,7528331.496
Inosita Plus XR Tab. 100/1000mg 14's,2024,2,6245,4283222.31930011
UFI Tab 5mg CP,2024,2,-2,-1219.75
Telsarta-A Tab. 10/80mg 10's,2024,2,14249,5185046.37040001
Evopride Plus Tab. 1/500mg 30's,2024,2,14236,3821932.87950044
Inosita Plus TABS 50+1000MG 14`S,2024,2,0,0
Arbi-D Tab. 150/12.5mg 10's,2024,2,11576,4400424.93630001
Telsarta-D Tab. 40/12.5mg 14's,2024,2,6709,2784125.4918
Fasteso Tab. 20mg 14's,2024,2,2428,539862.781099994
Lowplat Plus Tab. 75/150mg 10's,2024,2,5601,1419348.35059998
Evopride Plus Tab. 2/500mg 30's,2024,2,36804,18123080.4703981
Sacvin Tab. 200mg 30's,2024,2,254,586408.2
Treatan Tab. 8mg 14's,2024,2,12342,4976134.57750007
Supercran Sac. 10's,2024,2,1402,504244.9497
Anplag Tab. 60mg 14's,2024,2,1401,989439.083
Erli Plus XR Tab. 25/1000mg 14's,2024,2,8489,5783724.52999976
Estar Tab. 10mg 14's,2024,2,61331,25646026.5925
Treatan Tab. 4mg 14's,2024,2,15405,5198907.38650003
Eglaro Tab. 5mg 14's,2024,2,337,118021.978
Eglaro Tab. 15mg 14's,2024,2,429,189720.952
Klevra XR Tab. 500mg 10's,2024,2,533,299856.812
BD SYRINGE - BAG 1CC 30GA 8MM 10 (328838),2024,2,1739960,59091589.2937
Lowplat Plus Tab. 75/75mg 10's,2024,2,404465,102176359.068431
SPEDICAM TABS 8MG 10`S,2024,2,-52,-6608.16
Ramipace Tab. 10mg 28's,2024,2,2556,2499338.03590001
Tiocap Cap. 18mcg 30's,2024,2,59,37612.5
Diu Tansin Tab. 50/12.5mg 10's,2024,2,8939,2081130.5607
Omron BPM M3 Comfort,2024,2,85,1394878.8792
Paridopa Tab. 100/25/200mg 30's,2024,2,2247,3448839.9375
Dipof Cap. 3/25mg 20's,2024,2,6480,1264253.47789999
Avsar Plus Tab. 320/10/25mg 28's,2024,2,2255,1273301.485
Xilica Cap. 25mg 14's,2024,2,2767,666759.4536
Erli Plus Tab. 5/850mg 14's,2024,3,636,115265.1
Redexa Cap. 60mg 30's,2024,3,5946,4501231.1
NUVAL D TABS 160+25MG 14`S,2024,3,-8,-2277.2
Xcept Tab. 10mg 10's,2024,3,41068,18572728.7782
Onita Sac. 2g 7's,2024,3,11201,13238454.03
Oxivort Tab. 20mg 14's,2024,3,269,147118.0425
Arbi-D Tab. 300/12.5mg 10's,2024,3,6757,3828159.54
UriTreat Cap. 0.4mg 20's,2024,3,1986,1674500
Aireez Tab. 10mg 30's,2024,3,17380,11055378.4588
Paridopa TABS 100/25/200MG 10's,2024,3,-5,-1402.5
LACTEUS GROW 3 400g,2024,3,-1,-1193.25
Aireez Sac. 4mg 14's,2024,3,4153,1313232.80850001
Inosita Plus TABS 50/850MG 14'S,2024,3,-1,-321.6
Ramipace Tab. 2.5mg 28's,2024,3,34590,18843224.4150012
Estar Tab. 5mg 14's,2024,3,36956,10546337.2656987
Inosita Plus Tab. 50/850mg 28's,2024,3,14499,15251719.547
Avsar Plus Tab. 160/10/12.5mg 28's,2024,3,37158,17181752.5625047
Actiflor Sac. 250mg 10's,2024,3,8566,5428384.9999
Erli Tab. 25mg 14's,2024,3,9616,4775517.64299979
Evokalm XR Tab. 300mg 10's,2024,3,1929,1169411.4224
Anplag Tab. 90mg 20's,2024,3,13967,19894840.5732
Omron BPM M1 Basic,2024,3,2335,17325496.719
Omron ETB Eco Temp Basic,2024,3,284,403223.5127
Telsarta Tab. 40mg 10's,2024,3,17199,4801864.223
Evofix Cap. 400mg 10's,2024,3,5115,3368315.6995
Telsarta Tab. 80mg 10's,2024,3,4228,1605938.5749
Paridopa Tab. 50/12.5/200mg 30's,2024,3,990,1027351.99
EvoCheck Infrared Thermometer,2024,3,3,12307.7
Telsarta-D Tab. 80/12.5mg 14's,2024,3,7478,4616864.2199
Evocheck M BGM Test Strip,2024,3,-17,-22304
NUVAL TABS 160MG 14`S,2024,3,-6,-1559.4
ESMART TABS 75MG 20`S,2024,3,-6,-1311.54
EvoCheck GS700 BGM Test Strips 50's,2024,3,7315,14709019.9199997
INNOGEN N NPH INSULIN,2024,3,-1,-394.4
Ramipace Tab. 5mg 28's,2024,3,17981,13047695.8303004
Histalis Tab. 20mg 10's,2024,3,1530,441499.2975
Byvas Tab. 5mg 14's,2024,3,44461,14583072.8045995
Byvas Tab. 2.5mg 14's,2024,3,34594,7478442.2134
Inosita Tab. 50mg 28's,2024,3,9724,9642557.19149943
Inosita Plus XR Tab. 50/1000mg 14's,2024,3,11770,7347189.66199999
Evofix Susp. 100mg/5mL 30ML,2024,3,8876,2014682.92
Fasteso Tab. 40mg 14's,2024,3,6504,2557955.90479993
Voxamine Tab. 50mg 10's,2024,3,7801,2413509.91640004
UFI Tab 10mg CP,2024,3,-160,-80835
Evopride Tab. 1mg 30's,2024,3,3642,828978.11270003
Telsarta-A Tab. 5/40mg 14's,2024,3,27343,11341795.0072
Evokalm Tab. 200mg 10's,2024,3,717,333813.094800001
Avsar Tab. 80/5mg 14's,2024,3,171181,67008099.14051
Stevo Tab. 15mg 200's,2024,3,4056,2007717.64679996
Evofix DS Susp. 200mg/5mL 30ML,2024,3,4349,1116685.03499999
Klevra Soln. 500mg/5mL 60mL,2024,3,3253,1782706.23589998
Arbi Tab. 300mg 10's,2024,3,3711,1564866.8649
Telsarta-A Tab. 5/80mg 14's,2024,3,10505,5650042.78869999
Sparliv Tab. 30's,2024,3,3537,2794291.16970008
EvoCheck BPM68,2024,3,-77,-393389.5442
Inosita Tab. 25mg 10's,2024,3,869,248802.382499999
SECURIN TAB 10mg 20's,2024,3,-3,-646.62
Erli Plus Tab. 12.5/1000mg 14's,2024,3,3648,1315616.74
K-1000 Tab. 30's,2024,3,19532,12186656.2000004
Arbi-A Tab. 100/5mg 10's,2024,3,2948,801838.672499979
SheVit Tab. 30's,2024,3,13168,6513389.20139983
X-Plended Tab. 5mg 10's,2024,3,54403,12568245.3541012
Aireez TABS CHWE 0004MG X 14,2024,3,-10,-1428
Dapwiz Tab. 10mg 10's,2024,3,17317,5561267.1437
Omron BPM Wrist RS1,2024,3,149,1149336.704
Kalsob Tab. 30's,2024,3,27136,16891255.548999
Lowplat Tab. 75mg 10's,2024,3,345655,81555954.7689864
Arbi Tab. 150mg 10's,2024,3,8499,2693414.4762
Evokalm Tab. 25mg 10's,2024,3,18281,3457432.4956999
Dapwiz Tab. 5mg 10's,2024,3,7554,1598590.376
MFIT CAPS 400MG 30'S,2024,3,-15,-18307.8
Evopride Plus Tab. 2/500mg 30's,2024,3,39274,19346470.3322984
Lowplat Plus Tab. 75/150mg 10's,2024,3,4245,1073821.49099999
REKLAIM SACHET 30's,2024,3,7,3584.15199999999
Paridopa Tab. 125/31.25/200mg 30's,2024,3,35,48078.55
NOZEA 500MG/40MG,2024,3,-4,-958.96
LACTEUS LF 400GM,2024,3,-27,-35964
Telsarta Tab. 20mg 10's,2024,3,9002,1675801.6956
AXIFER IV 100MG 5AM,2024,3,629,460221.875
Ramipace Tab. 10mg 28's,2024,3,2686,2626859.9713
Anex-M Tab. 85/500mg 2's,2024,3,3770,1249546.01939999
Evo Joshanda Sac. 30's,2024,3,1279,625173.664899998
NEBULIZERS NE-C300-E-A3 Complete Compressor,2024,3,0,0
Azliv Tab. 500mg CP 6's,2024,3,-28,-6545
Stevo Tab. 15mg 100's,2024,3,6481,2326460.9527999
X-Plended EZ Tab. 5/10mg 10's,2024,3,7738,1897727.2525
WINZITH TABS 500MG 6`S,2024,3,-2,-382.5
CLEAR LAX TABS 15MG 30's,2024,3,-1,-408
LACTEUS 1 400g,2024,3,-40,-47730
Vible Tab. 30's,2024,3,6743,4842384.24899989
Redexa Cap. 30mg 30's,2024,3,4798,2341811.1175
X-Plended EZ Tab. 10/10mg 10's,2024,3,19041,7094644.239
SETSPIN TABS 16MG 30S,2024,3,-8,-2473.76
Inosita Plus Tab. 50/500mg 28's,2024,3,55316,56977058.2829086
Erli Plus Tab. 12.5/850mg 14's,2024,3,4388,1581927.35
Zilfom Tab. 400mg 5's,2024,3,4275,1903592.425
Avsar Plus Tab. 320/10/25mg 28's,2024,3,3550,2002342.82
Xilica Cap. 100mg 14's,2024,3,1968,994547.032499998
Paridopa Tab. 75/18.75/200mg 14's,2024,3,-34,-14175.11
Evopride Tab. 4mg 30's,2024,3,8774,8249883.368
EvoCheck Pulse Oximeter,2024,3,15,39000
Evopride Tab. 3mg 30's,2024,3,3785,2308938.9375
BD PEN NEEDLE 31GA 8MM (320109),2024,3,5330,121354.1556
Xilica Cap. 75mg 14's,2024,3,10333,4661836.81779997
Zibes Tab. 2.5mg 14's,2024,3,14956,826606.220400014
Tiocap Cap. 18mcg 30's,2024,3,48,30600
Paridopa Tab. 150/37.5/200mg 30's,2024,3,282,395077.62
Ad Folic OD Tab. 600mcg 30's,2024,3,34311,17916328.6146982
Galvecta Plus Tab. 50/850mg 14's,2024,3,7694,3905717.4595
Byvas Tab. 10mg 14's,2024,3,4017,1614230.0255
Treatan Tab. 16mg 28's,2024,3,1999,2072490.7139
Inosita Plus TABS 50+500MG 14`S,2024,3,-1,-314.76
Zoltar Cap. 20mg 14's,2024,3,8146,2490107.40480007
Telsarta-D Tab. 40/12.5mg 14's,2024,3,10308,4277942.3276
Phytus Syp. 120ML,2024,3,7255,2669466.5074
Zoltar Inj. 40mg 1's,2024,3,26529,4688683.56770001
Fasteso Tab. 20mg 14's,2024,3,2066,459277.083799995
HIFAZAT Hand Sanitizer 50ml,2024,3,-3,-337.83
PAIN GEAR BACK PAIN 1'S,2024,3,-15,-39639.438
"Omron Weigh Scale HN-289 ",2024,3,41,237545.715
Xcept Tab. 2.5mg 10's,2024,3,17023,5035795.745
Sacvin Tab. 100mg 30's,2024,3,3872,7507459.45250017
Klevra Tab. 500mg 30's,2024,3,2927,4735945.77439992
IBANDRO TABS 150MG,2024,3,-50,-22225.942
Galvecta Plus Tab. 50/1000mg 14's,2024,3,3743,1932594.9244
Ferfer Sac. 30's,2024,3,16083,12107548.3521
Avsar Plus Tab. 160/5/25mg 28's,2024,3,2363,1001206.02100002
Duzalta Cap. 60mg 10's,2024,3,3190,1831659.57880003
Ad-D Chewable Tab. 10000IU 8's,2024,3,535,90412.2349999999
BONEDOL TABS 00.5Y  X 10,2024,3,-1,-127.5
Busonide Cap. 200/6 mcg 30's,2024,3,3478,1231109.74000002
BD PEN NEEDLE 4MM 100’S,2024,3,71232,1585140.7098
Oxivort Tab. 10mg 14's,2024,3,1819,621040.26
FREEDEP TABS F.C. 0100MG X 20,2024,3,-7,-1785
Evokalm Tab. 100mg 10's,2024,3,8920,3653295.39880007
Zilero Tab. 2.5mg 30’s,2024,3,864,658988.085
LACTEUS 2 400g,2024,3,-49,-58469.25
Avsar Plus Tab. 160/10/25mg 28's,2024,3,8855,4009194.93699996
RIXABAC TAB 550MG 10s,2024,3,-1,-434.53
Sacvin Tab. 50mg 30's,2024,3,23048,30244407.7580052
Tiocap Cap. 18mcg 6's,2024,3,24293,3088053.876
Inosita TABS 50MG 14`S,2024,3,-6,-1806.42
LACTEUS AR 400g,2024,3,-45,-58928.5125
Eglaro-S Tab. 5/100mg 14's,2024,3,2831,1618080.91
Neo Q 10 Cap. 100mg 20's,2024,3,2827,3139360.29369998
Klevra XR Tab. 500mg 10's,2024,3,792,448496.856
Zibes Tab. 5mg 20's,2024,3,10827,2189037.2552
BD SYRINGE - BAG 1CC 30GA 8MM 10 (328838),2024,3,1572810,53681863.7686
Erli Plus XR Tab. 12.5/1000mg 14's,2024,3,15832,7582386.90999974
Avsar Tab. 160/5mg 14's,2024,3,56555,28065376.1240026
Avsar Plus Tab. 160/5/12.5mg 28's,2024,3,38701,16496019.8250031
Xilica Cap. 150mg 14's,2024,3,1410,820808.632300004
Tansin Tab. 50mg 10's,2024,3,23431,4551121.15420008
Erli Plus XR Tab. 25/1000mg 14's,2024,3,9509,6478452.45499966
Actnise Crm. 50gm 1's,2024,3,7193,2379678.41900005
Diu Tansin Tab. 50/12.5mg 10's,2024,3,9399,2188558.488
Evopride Plus Tab. 1/500mg 30's,2024,3,14358,3858076.06930043
Duzalta Cap. 30mg 14's,2024,3,13532,8126543.26940044
Arbi-A Tab. 100/10mg 10's,2024,3,2830,878045.160000016
Nise Tab. 100mg 20's,2024,3,195914,50811501.1886155
Revolic Tab. 30's,2024,3,1924,1043499.68660001
Erli Plus Tab. 12.5/500mg 14's,2024,3,6622,2389041.62
Anplag Tab. 60mg 14's,2024,3,1433,1008657.838
X-Plended Tab. 20mg 10's,2024,3,105375,59571041.0398003
INNOGEN R INSULIN REGULAR,2024,3,-4,-1577.6
Galvecta Plus Tab. 50/500mg 14's,2024,3,4940,2427625.6255
Erlina Tab. 25/5mg 14's,2024,3,10617,7285423.23600035
Omron BPM M3 Comfort,2024,3,101,1660273.4528
Galvecta Tab. 50mg 10's,2024,3,2221,752715.8654
Tansin DS Tab. 100mg 10's,2024,3,1678,519575.6908
Dipof Cap. 6/25mg 20's,2024,3,2712,886879.189300016
Inosita Plus Tab. 50/1000mg 28's,2024,3,21374,22631218.8375
Zilero Tab. 5mg 30’s,2024,3,230,206790.975
Dipof Cap. 3/25mg 20's,2024,3,7398,1444581.02309998
MYOPRO 40MG 10'S,2024,3,-1,-339.15
Ad Folic Tab. 30's,2024,3,26409,10233796.9819021
Ramipace Tab. 1.25mg 28's,2024,3,9872,3587271.47950009
Supercran Sac. 10's,2024,3,2495,896178.501000001
ESMART TABS 50MG 10X2`S,2024,3,-15,-3155.4
Evopravir Tab. 200mg CP 30's,2024,3,-10,-19125
Inosita Tab. 100mg 28's,2024,3,2565,3993497.4975
Azliv Tab. 250mg CP 6's,2024,3,-7,-1091.855
Ad-D Chewable Tab. 2000IU 30's,2024,3,754,284640.579099999
Aircare DPI Device 1's,2024,3,4079,1673171.637
Arbi-D Tab. 150/12.5mg 10's,2024,3,12304,4679852.9088
"Opt-D Inj. 200,000 IU 1's",2024,3,40930,5828449.99700012
Telsarta-A Tab. 10/80mg 10's,2024,3,9484,3447185.5047
Omron Weigh Scale BF-508,2024,3,4,77682.62
Evofix Susp. 100mg/5mL 60ML,2024,3,2306,569558.947499999
Gouric Tab. 40mg 20's,2024,3,85836,46389855.5215
Erli Plus Tab. 5/500mg 14's,2024,3,1491,430365.2
X-Plended Tab. 10mg 10's,2024,3,181490,73112620.8844149
Zibes Tab. 10mg 20's,2024,3,1211,453009.8108
MYOPRO 10MG 10'S,2024,3,-22,-3208.92
Thewril Cap. 4mg 20's,2024,3,5807,3297440.3624
Inosita Plus XR Tab. 50/500mg 14's,2024,3,29306,16977020.2384981
"Opt-D Cap. 100,000IU 2's",2024,3,2345,599735.924499998
Agoviz Tab. 25mg 14's,2024,3,4808,3408501.45150004
Erli Plus Tab. 5/1000mg 14's,2024,3,744,135053.099999999
Histalis Tab. 10mg 10's,2024,3,9894,1509780.0538
SETSPIN TABS 24MG 30S,2024,3,-5,-2432.4
FORMIS TABS 257.05MG 30'S,2024,3,-5,-2179.5
BD PEN NEEDLE 31GA 5MM (320119),2024,3,26777,610592.8352
NUVAL D TABS 80+12.5MG 14`S,2024,3,-18,-3564.36
Busonide Cap. 400/12 mcg 30's,2024,3,20189,8844609.89000036
Klevra Tab. 250mg 30's,2024,3,982,963069.934600006
Sacvin Tab. 200mg 30's,2024,3,-44,-100388.4
"Opt-D Cap. 200,000IU 1's",2024,3,62089,18530319.735199
Femova Sac. 10's,2024,3,10969,11786489.4271994
Retzole Tab. 2.5mg 10's,2024,3,2422,4308802.15
Zoltar Cap. 40mg 14's,2024,3,5631,1856603.87969996
EvoCheck Go BGM Test Strip 50's,2024,3,4787,5736206.51599992
Erli Plus XR Tab. 5/1000mg 14's,2024,3,2259,840587.617
SETSPIN TABS 8MG 30S,2024,3,-17,-3777.432
Eglaro-S Tab. 15/100mg 14's,2024,3,8637,5780245.186
Erli Tab. 10mg 14's,2024,3,21244,8028416.58090072
Xcept Tab. 20mg 14's,2024,3,16169,13363197.2450011
"Opt-D Cap. 25,000IU 4's",2024,3,3051,598984.399800002
Estar Tab. 10mg 14's,2024,3,55288,23123583.8125
Aireez Tab. 5mg 30's,2024,3,1133,451853.665
Treatan-D Tab. 16/12.5mg 28's,2024,3,1633,1366112.5735
Evokalm XR Tab. 200mg 10's,2024,3,1456,799743.8384
NUVAL TABS 80MG 14`S,2024,3,-11,-2042.04
Ivadin Tab. 5mg 14's,2024,3,7829,2782918.2725
Eglaro Tab. 15mg 14's,2024,3,400,175658.144
Erlina Tab. 10/5mg 14's,2024,3,11515,5589808.41999995
Omron BPM M7 Intelli IT,2024,3,102,2361389.443
Stevo Sac. 1gm 50's,2024,3,3236,1397574
Evopride Tab. 2mg 30's,2024,3,10616,4641990.48799992
Erli Plus XR Tab. 10/1000mg 14's,2024,3,3784,1724589.7639
Treatan Tab. 4mg 14's,2024,3,16902,5704193.82499993
Inosita Plus XR Tab. 100/1000mg 14's,2024,3,5586,3821125.55740007
Eglaro Tab. 5mg 14's,2024,3,172,59164.1560000001
BD SYRINGE - BAG 1ML 31G 6MM,2024,3,91380,3532834.80999997
Inosita Plus TABS 50+500MG 10`S,2024,3,-1,-195.5
X-Plended EZ Tab. 20/10mg 10's,2024,3,8038,4608863.75749988
Paridopa Tab. 100/25/200mg 30's,2024,3,2212,3394724.815
EvoCheck Go BGM Meter Kit,2024,3,2479,5673128.06399993
SPEDICAM TABS 8MG 10`S,2024,3,-215,-27134.1223
Lowplat Plus Tab. 75/75mg 10's,2024,3,432649,109204682.727434
Inosita Plus TABS 50+1000MG 14`S,2024,3,-13,-4269.72
Telsarta-A Tab. 10/40mg 10's,2024,3,8271,2664741.2073
Xilica Cap. 50mg 14's,2024,3,9721,3527288.78009987
Inosita TABS 50MG 10`S,2024,3,-1,-187
MYOPRO 20MG 10'S,2024,3,-14,-3700.48
FREEDEP TABS F.C. 0050MG X 30,2024,3,-4,-918
Xcept Tab. 15mg 14's,2024,3,17094,11914513.383
Paridopa Tab. 200/50/200mg 30's,2024,3,1171,2336838.275
Gouric Tab. 80mg 20's,2024,3,20356,17371598.105
Xilica Cap. 25mg 14's,2024,3,2988,720543.6154
Ivadin Tab. 7.5mg 14's,2024,3,2233,790677.735
Estar Tab. 20mg 14's,2024,3,5093,2776738.789
UFI Tab 5mg CP,2024,3,-179,-61858.75
Duzalta Cap. 20mg 14's,2024,3,8831,4946332.13550026
Arbi-D Tab. 300/25mg 14's,2024,3,1000,761725.3566
Voxamine Tab. 100mg 10's,2024,3,8143,5011105.25399994
Ferfer Gro Sac. 30's,2024,3,7859,3294865.63079993
EvoCheck GM700S BGM Meter Kit,2024,3,1359,4756780.11999999
LACTEUS 3 400g,2024,3,-22,-26251.5
Inosita TABS 100MG 14`S,2024,3,-4,-1970.64
Orslim Cap. 120mg 30's,2024,3,21658,47045679.155
Avsar Tab. 160/10mg 14's,2024,3,57395,34520828.355
Treatan Tab. 8mg 14's,2024,3,12934,5214630.4050001
Histalis Tab. 20mg 10's,2024,4,1403,404936.6291
Ad Folic OD Tab. 600mcg 30's,2024,4,33623,17557138.8066981
Erlina Plus XR Tab. 25/5/1000mg 14's,2024,4,5,1428
Dipof Cap. 6/25mg 20's,2024,4,2277,746143.195400013
Nise Tab. 100mg 20's,2024,4,191155,49574292.6812141
SECURIN TAB 5mg 20's,2024,4,-4,-431.08
Omron BPM M3 Comfort,2024,4,35,606805.3158
Revolic Tab. 30's,2024,4,1770,958868.926400006
Evofix Cap. 400mg 10's,2024,4,4460,2941406.98
Paridopa Tab. 50/12.5/200mg 30's,2024,4,749,779679.924999997
Zibes Tab. 5mg 20's,2024,4,17768,3593801.344
Telsarta Tab. 40mg 10's,2024,4,15908,4437996.7525
Neo Q 10 Cap. 100mg 20's,2024,4,2755,3056645.71099999
Dipof Cap. 3/25mg 20's,2024,4,5971,1166718.46039999
Inosita Plus XR Tab. 50/1000mg 14's,2024,4,10510,6568014.75999999
NUVAL D TABS 160+25MG 14`S,2024,4,-17,-4839.05
NUVAL TABS 160MG 14`S,2024,4,-29,-7537.1
Estar Tab. 5mg 14's,2024,4,35525,10136438.3169989
Avsar Plus Tab. 160/10/12.5mg 28's,2024,4,36281,16774324.4425042
Azliv Tab. 250mg CP 6's,2024,4,-7,-1098.23
Erli Tab. 25mg 14's,2024,4,8499,4218617.53349988
LACTEUS 2 400g,2024,4,-22,-26251.5
Evopravir Tab. 200mg CP 30's,2024,4,-1,-1912.5
Erli Plus Tab. 5/500mg 14's,2024,4,1318,380313.8
Arbi-D Tab. 150/12.5mg 10's,2024,4,11848,4505125.45720001
Galvecta Plus Tab. 50/1000mg 14's,2024,4,3430,1771288.046
Evopride Plus Tab. 2/500mg 30's,2024,4,38098,18757457.5090986
Inosita Plus Tab. 50/850mg 28's,2024,4,13958,14666705.5574
BD PEN NEEDLE 4MM 100’S,2024,4,79684,1765633.973
Xilica Cap. 150mg 14's,2024,4,1211,702723.046400003
Ad-D Chewable Tab. 2000IU 30's,2024,4,701,264739.780899999
Dapwiz Plus XR Tab. 5/500mg 14's,2024,4,2443,1069147.33999999
Voxamine Tab. 50mg 10's,2024,4,5672,1751343.947
Omron BPM Wrist RS1,2024,4,32,257789.7682
Erli Plus XR Tab. 25/1000mg 14's,2024,4,8545,5818418.40249971
Dapwiz Tab. 10mg 10's,2024,4,12397,3981563.5645
EvoCheck Infrared Thermometer,2024,4,19,85736.7888
Aireez Tab. 10mg 30's,2024,4,16324,10378431.7508
FREEDEP TABS F.C. 0100MG X 20,2024,4,-7,-1785
Aireez Sac. 4mg 14's,2024,4,3575,1131605.68000001
ESMART TABS 50MG 10X2`S,2024,4,-14,-2945.04
CLEAR LAX TABS 15MG 30's,2024,4,-6,-2448
MYOPRO 10MG 10'S,2024,4,-40,-5834.4
EvoCheck BPM68,2024,4,14,62046.6432
Erli Plus Tab. 5/850mg 14's,2024,4,556,100813.4
LACTEUS GROW 3 400g,2024,4,-9,-10739.25
Ad Folic Tab. 30's,2024,4,25463,9857604.63730167
"Omron Weigh Scale HN-289 ",2024,4,2,11816.28
Xcept Tab. 10mg 10's,2024,4,37867,17125142.3076
Thewril Cap. 4mg 20's,2024,4,4633,2633726.849
Ramipace Tab. 1.25mg 28's,2024,4,8676,3153314.16650005
Gouric Tab. 40mg 20's,2024,4,87424,47219120.3
SETSPIN TABS 16MG 30S,2024,4,-28,-8658.16
X-Plended EZ Tab. 10/10mg 10's,2024,4,25936,9653757.178
Evo Joshanda Sac. 30's,2024,4,519,244138.476700001
Evofix Susp. 100mg/5mL 30ML,2024,4,8619,1961522.475
Azliv Tab. 500mg CP 6's,2024,4,-29,-6778.75
Actiflor Sac. 250mg 10's,2024,4,10897,6898452.659
UFI Tab 10mg CP,2024,4,-395,-200287.2
Evofix Susp. 100mg/5mL 60ML,2024,4,2317,571592.470499999
Inosita Plus XR Tab. 50/500mg 14's,2024,4,27654,16014674.811498
Zilero Tab. 5mg 30’s,2024,4,39,34585.65
Arbi Tab. 300mg 10's,2024,4,3425,1446356.1419
Phytus Syp. 120ML,2024,4,5177,1887359.98079997
Stevo Tab. 15mg 200's,2024,4,1237,615231.507000005
Sparliv Tab. 30's,2024,4,3304,2607598.15050007
ESMART TABS 75MG 20`S,2024,4,-8,-1748.72
NUVAL D TABS 80+12.5MG 14`S,2024,4,-24,-4752.48
SPEDICAM TABS 8MG 10`S,2024,4,-61,-7745.526
EvoCheck Pulse Oximeter,2024,4,71,199940.8
Paridopa Tab. 100/25/200mg 30's,2024,4,2275,3493143.9775
Avsar Plus Tab. 320/10/25mg 28's,2024,4,2189,1233648.622
BD SYRINGE - BAG 1ML 31G 6MM,2024,4,91275,3517440.07499997
Ramipace Tab. 5mg 28's,2024,4,16740,12145178.3780003
Xilica Cap. 25mg 14's,2024,4,2644,638270.5427
Telsarta-D Tab. 80/12.5mg 14's,2024,4,3228,1994431.6008
X-Plended EZ Tab. 20/10mg 10's,2024,4,6227,3564378.22249997
EVOCIN TABS 250MG 10`S,2024,4,-2,-170
Zilfom Tab. 400mg 5's,2024,4,3215,1432372.1875
Erli Plus Tab. 12.5/850mg 14's,2024,4,2991,1078050.07
Dapwiz Plus XR Tab. 10/1000mg 14's,2024,4,1565,779536.275000011
Sacvin Tab. 200mg 30's,2024,4,10,23409
Treatan Tab. 4mg 14's,2024,4,15631,5272743.10999983
NUVAL TABS 80MG 14`S,2024,4,-29,-5383.56
Ramipace Tab. 10mg 28's,2024,4,2534,2478928.34150001
LACTEUS MAMA 400GM,2024,4,-8,-11026
LACTEUS 1 400g,2024,4,-23,-27444.75
Redexa Cap. 60mg 30's,2024,4,5074,3836911.9
Anex-M Tab. 85/500mg 2's,2024,4,3541,1172531.44339998
Aireez TABS CHWE 0004MG X 14,2024,4,-2,-285.6
SheVit Tab. 30's,2024,4,12331,6103910.76339987
X-Plended Tab. 5mg 10's,2024,4,47679,11035213.8406013
Klevra Soln. 500mg/5mL 60mL,2024,4,3363,1843792.96419997
Erli Plus XR Tab. 10/1000mg 14's,2024,4,3541,1612669.3434
Omron BPM M7 Intelli IT,2024,4,25,622423.488
Ivadin Tab. 5mg 14's,2024,4,6918,2460157.56
Estar Tab. 20mg 14's,2024,4,4793,2622882.565
Ramipace Tab. 2.5mg 28's,2024,4,34119,18589956.6859009
Anplag Tab. 90mg 20's,2024,4,13640,19497192.4299
Dapwiz Tab. 5mg 10's,2024,4,6710,1421039.282
Arbi-D Tab. 300/12.5mg 10's,2024,4,4501,2552899.4453
Lowplat Plus Tab. 75/150mg 10's,2024,4,3141,796426.426399999
NOZEA 500MG/40MG,2024,4,-9,-2157.66
Eglaro-S Tab. 15/100mg 14's,2024,4,5710,3821049.5681
UFI Tab 5mg CP,2024,4,-430,-148760.71
Erli Plus Tab. 5/1000mg 14's,2024,4,661,119861.899999999
Eglaro Tab. 5mg 14's,2024,4,-440,-154599.658
Paridopa Tab. 75/18.75/200mg 14's,2024,4,4,1423.75
Byvas Tab. 10mg 14's,2024,4,3411,1371602.916
Evofix DS Susp. 200mg/5mL 30ML,2024,4,4436,1129297.25849999
Voxamine Tab. 100mg 10's,2024,4,8600,5284713.31999998
Kalsob Tab. 30's,2024,4,25492,15851315.355199
Lowplat Plus Tab. 75/75mg 10's,2024,4,406182,102580056.211727
Inosita Plus Tab. 50/500mg 28's,2024,4,51472,53018448.7137048
Erlina Plus XR Tab. 5/2.5/1000mg 14's,2024,4,0,0
Tiocap Cap. 18mcg 30's,2024,4,784,498240.42
Inosita TABS 100MG 14`S,2024,4,-1,-492.66
Telsarta-A Tab. 5/80mg 14's,2024,4,3828,2062210.44310002
Inosita Plus XR Tab. 100/1000mg 14's,2024,4,7876,5389502.8980002
Itipso Tab. 50mg 10's,2024,4,120,22327.8
PAIN GEAR KNEE PAIN 1'S,2024,4,-1,-2724.36
WINZITH TABS 500MG 6`S,2024,4,-1,-191.25
EvoCheck Go BGM Meter Kit,2024,4,2386,4945406.575
Telsarta Tab. 20mg 10's,2024,4,8201,1525010.1236
Telsarta-A Tab. 10/40mg 10's,2024,4,6914,2226497.3054
X-Plended EZ Tab. 5/10mg 10's,2024,4,7071,1731875.595
MEZREL XR CAPS 15MG 14`S,2024,4,-1,-187
Ivadin Tab. 7.5mg 14's,2024,4,1603,567879.22
Treatan Tab. 8mg 14's,2024,4,12081,4869635.54200018
Evopride Tab. 3mg 30's,2024,4,3534,2154681.93
Telsarta-D Tab. 40/12.5mg 14's,2024,4,8662,3597366.959
Omron ETB Eco Temp Basic,2024,4,112,166087.284
Evopride Tab. 4mg 30's,2024,4,7814,7342440.665
Fasteso Tab. 20mg 14's,2024,4,1004,223087.004999999
Avsar Tab. 80/5mg 14's,2024,4,162423,63555181.2065079
Telsarta-A Tab. 5/40mg 14's,2024,4,15682,6507248.6202
Arbi-A Tab. 100/10mg 10's,2024,4,604,187934.399999999
Aireez Tab. 5mg 30's,2024,4,1060,422342.9
Xilica Cap. 50mg 14's,2024,4,8008,2905734.13409992
Tansin Tab. 50mg 10's,2024,4,19435,3769908.86300024
Eglaro Tab. 15mg 14's,2024,4,38,17355.5039999999
Klevra Tab. 250mg 30's,2024,4,1259,1229999.3713
Actnise Crm. 50gm 1's,2024,4,7211,2323380.18100004
Estar Tab. 10mg 14's,2024,4,56172,23477817.095
Stevo Sac. 1gm 50's,2024,4,622,269946
Xcept Tab. 15mg 14's,2024,4,15959,11131634.825
Klevra Tab. 500mg 30's,2024,4,2160,3491074.45349995
Inosita TABS 50MG 10`S,2024,4,-1,-187
Klevra XR Tab. 500mg 10's,2024,4,811,458268.7688
Anplag Tab. 60mg 14's,2024,4,1366,964648.68
X-Plended Tab. 20mg 10's,2024,4,91416,51679887.4936003
"Opt-D Cap. 100,000IU 2's",2024,4,2001,511755.678299999
Inosita Plus TABS 50+1000MG 14`S,2024,4,-7,-2299.08
INNOGEN N NPH INSULIN,2024,4,-5,-1972
Evopride Plus Tab. 1/500mg 30's,2024,4,14181,3807389.93970039
Avsar Tab. 160/5mg 14's,2024,4,54041,26809328.3755021
Telsarta Tab. 80mg 10's,2024,4,3650,1384224.4848
LACTEUS AR 400g,2024,4,-22,-29100.5
UriTreat Cap. 0.4mg 20's,2024,4,1706,1441538.8
Oxivort Tab. 20mg 14's,2024,4,250,135708.3225
Omron BPM M1 Basic,2024,4,272,2034437.0125
Dapwiz Plus XR Tab. 10/500mg 14's,2024,4,1584,751517.487
Duzalta Cap. 30mg 14's,2024,4,13115,7877551.93700041
Tiocap Cap. 18mcg 6's,2024,4,17731,2249546.454
X-Plended Tab. 10mg 10's,2024,4,166399,67060634.5014102
Avsar Plus Tab. 160/10/25mg 28's,2024,4,7676,3475583.44459999
Evokalm Tab. 100mg 10's,2024,4,8651,3548298.87580008
BD SYRINGE - BAG 1CC 30GA 8MM 10 (328838),2024,4,1743110,59248566.7913
Avsar Plus Tab. 160/5/12.5mg 28's,2024,4,36021,15349307.7960028
Byvas Tab. 5mg 14's,2024,4,41284,13541408.4325997
Oxivort Tab. 10mg 14's,2024,4,1611,550486.6
Fasteso Tab. 40mg 14's,2024,4,5509,2160461.12959998
"Opt-D Inj. 200,000 IU 1's",2024,4,32194,4588751.76130007
Diu Tansin Tab. 50/12.5mg 10's,2024,4,8331,1940172.5995
Erli Plus Tab. 12.5/500mg 14's,2024,4,9270,3343081.28
BD PEN NEEDLE 31GA 5MM (320119),2024,4,30772,698401.5882
Zoltar Cap. 40mg 14's,2024,4,5050,1663498.77309997
Busonide Cap. 200/6 mcg 30's,2024,4,3166,1122823.48000001
Ferfer Sac. 30's,2024,4,16264,12235311.2705999
Avsar Plus Tab. 160/5/25mg 28's,2024,4,2672,1130791.50500002
Femova Sac. 10's,2024,4,10179,10917390.6383995
Zibes Tab. 10mg 20's,2024,4,1077,404209.814
Inosita Plus TABS 50/850MG 14'S,2024,4,-4,-1286.4
Onita Sac. 2g 7's,2024,4,9584,11308944.85
Omron ETB GENTLE TEMP 510,2024,4,23,48728.6722
Inosita Tab. 25mg 10's,2024,4,660,188873.808
Inosita Tab. 50mg 28's,2024,4,8974,8915541.49549943
Inosita TABS 50MG 14`S,2024,4,-2,-602.14
Inosita Tab. 100mg 28's,2024,4,2203,3420967.596
EvoCheck GS700 BGM Test Strips 50's,2024,4,7527,15295255.2219999
Evokalm XR Tab. 300mg 10's,2024,4,1794,1082883.202
Galvecta Plus Tab. 50/500mg 14's,2024,4,4745,2330445.9605
Aircare DPI Device 1's,2024,4,3710,1511910.432
Byvas Tab. 2.5mg 14's,2024,4,23949,5177407.3366
Eglaro-S Tab. 5/100mg 14's,2024,4,2217,1268958.545
Evopride Tab. 1mg 30's,2024,4,3854,876530.515500033
Supercran Sac. 10's,2024,4,2429,873144.750900002
Erli Plus Tab. 12.5/1000mg 14's,2024,4,3866,1393399.05
Paridopa Tab. 200/50/200mg 30's,2024,4,359,719284.875
Erlina Plus XR Tab. 10/5/1000mg 14's,2024,4,5,1428
Evokalm Tab. 200mg 10's,2024,4,616,283420.6123
K-1000 Tab. 30's,2024,4,18505,11547704.8025005
Inosita Plus Tab. 50/1000mg 28's,2024,4,20856,22003574.07308
SECURIN TAB 10mg 20's,2024,4,-4,-862.16
Telsarta-A Tab. 10/80mg 10's,2024,4,8706,3168257.4572
EvoCheck GM700S BGM Meter Kit,2024,4,1072,3209269.74
Agoviz Tab. 25mg 14's,2024,4,4571,3240501.03440004
Erli Tab. 10mg 14's,2024,4,19588,7403809.07390064
RIXABAC TAB 200MG 10s,2024,4,-1,-141.95
FORMIS TABS 257.05MG 30'S,2024,4,-2,-871.8
Stevo Tab. 15mg 100's,2024,4,1979,709280.901800002
MYOPRO 20MG 10'S,2024,4,-16,-4229.12
Arbi-A Tab. 100/5mg 10's,2024,4,953,259482.09
Redexa Cap. 30mg 30's,2024,4,4209,2050130.555
Histalis Tab. 10mg 10's,2024,4,7763,1185893.0185
SETSPIN TABS 24MG 30S,2024,4,-3,-1484.28
Dapwiz Plus XR Tab. 5/1000mg 14's,2024,4,1630,568777.330000003
Treatan-D Tab. 16/12.5mg 28's,2024,4,441,368312.2638
FREEDEP TABS F.C. 0050MG X 30,2024,4,-5,-1147.5
Busonide Cap. 400/12 mcg 30's,2024,4,17929,7845010.57000042
Xilica Cap. 100mg 14's,2024,4,1805,913807.9765
Tansin DS Tab. 100mg 10's,2024,4,632,195853.668
Galvecta Plus Tab. 50/850mg 14's,2024,4,7532,3820465.9863
BD PEN NEEDLE 31GA 8MM (320109),2024,4,7262,165108.3437
Erli Plus XR Tab. 12.5/1000mg 14's,2024,4,14569,6976122.01199979
Evokalm XR Tab. 200mg 10's,2024,4,1493,817226.7608
Vible Tab. 30's,2024,4,5679,4073948.31689998
Sacvin Tab. 50mg 30's,2024,4,18840,24710059.6670038
REKLAIM SACHET 30's,2024,4,-58,-29194.5471
Retzole Tab. 2.5mg 10's,2024,4,2273,4045195.9
"Opt-D Cap. 200,000IU 1's",2024,4,51775,15438996.0507997
Zoltar Cap. 20mg 14's,2024,4,7104,2167080.71200005
Erlina Tab. 10/5mg 14's,2024,4,10886,5285543.26999992
Arbi Tab. 150mg 10's,2024,4,8030,2544958.6539
LACTEUS LF 400GM,2024,4,-16,-21312
Erli Plus XR Tab. 5/1000mg 14's,2024,4,2237,831030.329
EvoCheck Go BGM Test Strip 50's,2024,4,3288,4467281.50000007
Paridopa Tab. 125/31.25/200mg 30's,2024,4,69,94047.825
MFIT CAPS 400MG 30'S,2024,4,-15,-18307.8
Evopride Tab. 2mg 30's,2024,4,9892,4333325.97250007
SETSPIN TABS 8MG 30S,2024,4,-10,-2239.2
Treatan Tab. 16mg 28's,2024,4,2290,2373667.0276
Arbi-D Tab. 300/25mg 14's,2024,4,848,642572.4873
Duzalta Cap. 20mg 14's,2024,4,8785,4924089.80750023
Duzalta Cap. 60mg 10's,2024,4,3062,1756158.12590002
Zilero Tab. 2.5mg 30’s,2024,4,721,549171.57
Lowplat Tab. 75mg 10's,2024,4,318718,75226495.4989988
Ad-D Chewable Tab. 10000IU 8's,2024,4,536,90460.8358
Xcept Tab. 20mg 14's,2024,4,15886,13127226.7850009
Omron Weigh Scale BF-508,2024,4,2,39891.08
Xilica Cap. 75mg 14's,2024,4,8947,4037686.17119991
IBANDRO TABS 150MG,2024,4,-96,-42594.5625
Zibes Tab. 2.5mg 14's,2024,4,13998,773588.937400012
Omron BPM M1 Basic Limited Edition (DH),2024,4,2,10710.81
HIFAZAT Hand Sanitizer 50ml,2024,4,-2,-225.22
Evokalm Tab. 25mg 10's,2024,4,16875,3189946.94599994
Zoltar Inj. 40mg 1's,2024,4,19919,3558847.35750001
Xcept Tab. 2.5mg 10's,2024,4,15813,4674846.995
AXIFER IV 100MG 5AM,2024,4,821,607378.125
Orslim Cap. 120mg 30's,2024,4,21650,47053234.1825
"Opt-D Cap. 25,000IU 4's",2024,4,2409,472905.073200001
LACTEUS 3 400g,2024,4,-9,-10739.25
Paridopa Tab. 150/37.5/200mg 30's,2024,4,289,403519.225
Sacvin Tab. 100mg 30's,2024,4,3846,7447802.71080018
MYOPRO 40MG 10'S,2024,4,-1,-339.15
Erlina Tab. 25/5mg 14's,2024,4,10144,6960519.32100031
INNOGEN R INSULIN REGULAR,2024,4,-2,-788.8
Gouric Tab. 80mg 20's,2024,4,18245,15563000.9365
Ferfer Gro Sac. 30's,2024,4,8919,3737904.68579991
Avsar Tab. 160/10mg 14's,2024,4,57144,34362595.129
Galvecta Tab. 50mg 10's,2024,4,1941,656881.802
Eglaro Tab. 15mg 14's,2024,5,418,184791.088
LACTEUS 1 400g,2024,5,0,0
Dipof Cap. 3/25mg 20's,2024,5,7274,1417646.88569999
Azliv Tab. 250mg CP 6's,2024,5,-12,-1882.68
Estar Tab. 10mg 14's,2024,5,61746,25808806.315
Erli Plus Tab. 5/500mg 14's,2024,5,1482,427755.7
Arbi-D Tab. 150/12.5mg 10's,2024,5,12282,4673673.63240001
NUVAL TABS 80MG 14`S,2024,5,0,0
Erli Plus XR Tab. 10/1000mg 14's,2024,5,4190,1912178.248
Xilica Cap. 25mg 14's,2024,5,3405,822246.480599999
Ramipace Tab. 10mg 28's,2024,5,2595,2539687.984
Klevra XR Tab. 500mg 10's,2024,5,532,301569.8
Ramipace Tab. 1.25mg 28's,2024,5,9843,3577532.9439001
BD SYRINGE - BAG 1CC 30GA 8MM 10 (328838),2024,5,1920004,65167743.8171
Zibes Tab. 5mg 20's,2024,5,16799,3393406.3692
Anplag Tab. 60mg 14's,2024,5,1834,1292867.085
Fasteso Tab. 20mg 14's,2024,5,224,50297.2384000001
X-Plended EZ Tab. 10/10mg 10's,2024,5,23959,8920895.086
Lowplat Plus Tab. 75/150mg 10's,2024,5,3587,910707.412699996
Avsar Tab. 160/5mg 14's,2024,5,52712,26152744.5125019
Diu Tansin Tab. 50/12.5mg 10's,2024,5,8558,1931908.987
Supercran Sac. 10's,2024,5,2845,1019169.4945
Arbi-A Tab. 100/10mg 10's,2024,5,699,216763.954
Actnise Crm. 50gm 1's,2024,5,8938,2935308.16300005
Klevra Tab. 250mg 30's,2024,5,1359,1332325.17109999
Sacvin Tab. 200mg 30's,2024,5,436,1003618.8
Dipof Cap. 6/25mg 20's,2024,5,2475,810967.184800014
ESMART TABS 50MG 10X2`S,2024,5,0,0
Evopride Plus Tab. 2/500mg 30's,2024,5,40247,19817541.8307985
Erlina Plus XR Tab. 25/5/1000mg 14's,2024,5,5,1428
Ad-D Chewable Tab. 2000IU 30's,2024,5,425,161699.8719
SETSPIN TABS 16MG 30S,2024,5,0,0
Evopravir Tab. 200mg CP 30's,2024,5,1,1912.5
Inosita Plus TABS 50+1000MG 14`S,2024,5,-1,-328.44
Avsar Plus Tab. 320/10/25mg 28's,2024,5,2486,1402335.998
FREEDEP TABS F.C. 0100MG X 20,2024,5,-1,-255
Inosita Plus Tab. 50/1000mg 28's,2024,5,23196,24413545.4623
UFI Tab 5mg CP,2024,5,-79,-27496.65
Omron BPM M3 Comfort,2024,5,206,3427685.2818
Evopride Plus Tab. 1/500mg 30's,2024,5,15120,4059997.3774005
Telsarta-A Tab. 10/80mg 10's,2024,5,6008,2186251.726
Duzalta Cap. 30mg 14's,2024,5,14908,8951804.72050035
Erlina Plus XR Tab. 5/2.5/1000mg 14's,2024,5,5,1190
Zilero Tab. 5mg 30’s,2024,5,-136,-120721.1055
Telsarta-D Tab. 40/12.5mg 14's,2024,5,8310,3449327.2198
Itipso Tab. 50mg 10's,2024,5,9132,1704355.4
Byvas Tab. 10mg 14's,2024,5,3639,1461255.134
Ad Folic Tab. 30's,2024,5,29762,11535143.6024025
Zibes Tab. 10mg 20's,2024,5,1155,432348.683999999
Inosita Plus XR Tab. 50/500mg 14's,2024,5,29691,17213357.2914983
Neo Q 10 Cap. 100mg 20's,2024,5,2926,3249280.99919998
X-Plended EZ Tab. 5/10mg 10's,2024,5,7261,1780228.695
Inosita TABS 100MG 14`S,2024,5,2,985.32
"Omron Weigh Scale HN-289 ",2024,5,34,188610.911
MYOPRO 10MG 10'S,2024,5,-11,-1604.46
"Opt-D Cap. 100,000IU 2's",2024,5,2569,656489.311999999
Avsar Plus Tab. 160/5/12.5mg 28's,2024,5,36534,15573667.527503
Erli Plus XR Tab. 25/1000mg 14's,2024,5,1889,1294017.74400001
Omron BPM Wrist RS1,2024,5,385,3125577.24200001
BD PEN NEEDLE 31GA 5MM (320119),2024,5,31444,713770.7733
Erli Plus Tab. 5/1000mg 14's,2024,5,576,104417.4
Ferfer Sac. 30's,2024,5,20723,15599275.5946996
SheVit Tab. 30's,2024,5,16432,8131695.10150001
Eglaro Tab. 5mg 14's,2024,5,179,62638.7460000001
Avsar Plus Tab. 160/5/25mg 28's,2024,5,2831,1198493.06000001
Dapwiz Plus XR Tab. 5/500mg 14's,2024,5,1373,601615.974999997
Oxivort Tab. 10mg 14's,2024,5,1736,592688.085
Femova Sac. 10's,2024,5,11650,12509798.5664993
Eglaro-S Tab. 15/100mg 14's,2024,5,9528,6375327.0799
Evopride Tab. 3mg 30's,2024,5,4343,2649629.28
Galvecta Plus Tab. 50/500mg 14's,2024,5,4612,2263611.2265
Aireez TABS CHWE 0004MG X 14,2024,5,-3,-428.4
Busonide Cap. 200/6 mcg 30's,2024,5,3763,1335367.51000002
Avsar Plus Tab. 160/10/25mg 28's,2024,5,9939,4503451.66129984
Estar Tab. 20mg 14's,2024,5,5549,3020836.5545
Erli Tab. 10mg 14's,2024,5,21583,8162720.86210074
X-Plended EZ Tab. 20/10mg 10's,2024,5,5864,3364416.76999998
Dapwiz Plus XR Tab. 10/1000mg 14's,2024,5,952,475142.009999997
LACTEUS 2 400g,2024,5,-3,-3579.75
Treatan-D Tab. 16/12.5mg 28's,2024,5,2042,1710067.2899
Paridopa Tab. 100/25/200mg 30's,2024,5,2215,3403169.14
Ivadin Tab. 5mg 14's,2024,5,6862,2440724.435
Estar Tab. 5mg 14's,2024,5,42551,12150333.4994982
Erlina Tab. 10/5mg 14's,2024,5,8260,4013849.76999987
Xilica Cap. 150mg 14's,2024,5,1392,809348.574000004
Telsarta Tab. 40mg 10's,2024,5,16889,4715462.67
Lowplat Plus Tab. 75/75mg 10's,2024,5,416560,105149220.068833
Treatan Tab. 4mg 14's,2024,5,16682,5631523.20999996
Sacvin Tab. 50mg 30's,2024,5,17689,23198467.4106023
Omron BPM M1 Basic Limited Edition (DH),2024,5,1,5522.16
Anplag Tab. 90mg 20's,2024,5,14644,20882788.1404
Evopride Tab. 2mg 30's,2024,5,10874,4755320.3799999
ESMART TABS 75MG 20`S,2024,5,0,0
Histalis Tab. 10mg 10's,2024,5,8490,1296258.9013
FORMIS TABS 257.05MG 30'S,2024,5,0,0
Inosita Plus XR Tab. 100/1000mg 14's,2024,5,791,545427.904000002
SPEDICAM TABS 8MG 10`S,2024,5,-3,-381.24
Gouric Tab. 40mg 20's,2024,5,99464,53707104.7545
Nise Tab. 100mg 20's,2024,5,217385,56416017.9042221
Treatan Tab. 8mg 14's,2024,5,12015,4845567.61300014
Busonide Cap. 400/12 mcg 30's,2024,5,19799,8672073.83000042
NUVAL D TABS 80+12.5MG 14`S,2024,5,0,0
Telsarta-A Tab. 10/40mg 10's,2024,5,6657,2143574.4085
Erlina Tab. 25/5mg 14's,2024,5,10655,7313129.64900036
Telsarta-A Tab. 5/40mg 14's,2024,5,28181,11692464.847
Avsar Tab. 80/5mg 14's,2024,5,159307,62347633.24421
Revolic Tab. 30's,2024,5,2184,1183753.9793
Stevo Tab. 15mg 200's,2024,5,386,202554.852000001
EvoCheck BPM68,2024,5,-35,-178969.554
EvoCheck Go BGM Meter Kit,2024,5,3434,6893570.575
Omron Weigh Scale BF-508,2024,5,3,57737.07
Avsar Tab. 160/10mg 14's,2024,5,54671,32869449.9395
Arbi-D Tab. 300/25mg 14's,2024,5,938,712551.6719
Duzalta Cap. 60mg 10's,2024,5,3341,1919612.44810002
Evofix Susp. 100mg/5mL 60ML,2024,5,3263,808910.3625
Ferfer Gro Sac. 30's,2024,5,12637,5298510.71619996
Erli Plus XR Tab. 12.5/1000mg 14's,2024,5,11852,5668727.71559996
Voxamine Tab. 100mg 10's,2024,5,7928,4880108.90499996
BD SYRINGE - BAG 1ML 31G 6MM,2024,5,105864,4088193.87799996
Evofix DS Susp. 200mg/5mL 30ML,2024,5,5063,1303390.8075
Thewril Cap. 4mg 20's,2024,5,5483,3116885.495
Duzalta Cap. 20mg 14's,2024,5,9966,5584421.95450027
Ivadin Tab. 7.5mg 14's,2024,5,1631,577597.27
Xcept Tab. 20mg 14's,2024,5,16582,13719427.555001
Orslim Cap. 120mg 30's,2024,5,25283,54949443.6475
EvoCheck Go BGM Test Strip 50's,2024,5,4799,6544081.92999993
Redexa Cap. 60mg 30's,2024,5,5813,4389157.75
Inosita TABS 100MG 10`S,2024,5,0,0
Galvecta Plus Tab. 50/1000mg 14's,2024,5,3279,1689858.1021
Inosita Plus Tab. 50/850mg 28's,2024,5,14282,15031337.1883
Retzole Tab. 2.5mg 10's,2024,5,-626,-1107727.055
Arbi-D Tab. 300/12.5mg 10's,2024,5,8061,4566094.5264
BD PEN NEEDLE 4MM 100’S,2024,5,75321,1676862.9914
Ramipace Tab. 2.5mg 28's,2024,5,35828,19521529.0067014
Paridopa TABS 100/25/200MG 10's,2024,5,-6,-1683
Erli Plus XR Tab. 5/1000mg 14's,2024,5,2398,892865.405
Omron BPM M7 Intelli IT,2024,5,230,5388012.392
Evokalm XR Tab. 200mg 10's,2024,5,1643,903780.8056
Avsar Plus Tab. 160/10/12.5mg 28's,2024,5,37050,17122228.702505
Aireez Tab. 5mg 30's,2024,5,1264,504353.46
Xcept Tab. 15mg 14's,2024,5,17732,12362559.38
Erli Tab. 25mg 14's,2024,5,7680,3815167.42549993
Stevo Sac. 1gm 50's,2024,5,85,45486
Zoltar Cap. 20mg 14's,2024,5,7017,2145004.78750006
Paridopa Tab. 50/12.5/200mg 30's,2024,5,317,331266.420000001
CLEAR LAX TABS 15MG 30's,2024,5,-1,-408
Redexa Cap. 30mg 30's,2024,5,4320,2106096.4675
EvoCheck Infrared Thermometer,2024,5,23,96308.7626
Voxamine Tab. 50mg 10's,2024,5,9733,2998295.23000009
Evofix Cap. 400mg 10's,2024,5,5199,3444006.2
Gouric Tab. 80mg 20's,2024,5,21459,18310152.5705
EvoCheck GS700 BGM Test Strips 50's,2024,5,7984,16199135.9199998
EvoCheck GM700S BGM Meter Kit,2024,5,1678,5197675.04
Xilica Cap. 50mg 14's,2024,5,9722,3529082.48919987
Ad Folic OD Tab. 600mcg 30's,2024,5,37601,19643940.5512992
LACTEUS 3 400g,2024,5,0,0
Histalis Tab. 20mg 10's,2024,5,1996,576947.185
Byvas Tab. 2.5mg 14's,2024,5,37085,8014818.3793
Erlina Plus XR Tab. 10/5/1000mg 14's,2024,5,13,3712.8
Inosita Plus XR Tab. 50/1000mg 14's,2024,5,12851,8029197.755
Paridopa Tab. 200/50/200mg 30's,2024,5,1091,2180513.5
Inosita Plus TABS 50+500MG 14`S,2024,5,-23,-7239.48
UFI Tab 10mg CP,2024,5,-84,-42738
SETSPIN TABS 8MG 30S,2024,5,0,0
Evofix Susp. 100mg/5mL 30ML,2024,5,10021,2285169.665
EVOROX TABS F.C. 0250MG X 10,2024,5,0,0
Zoltar Cap. 40mg 14's,2024,5,4957,1633622.25539997
Evokalm XR Tab. 300mg 10's,2024,5,2008,1217910.668
Actiflor Sac. 250mg 10's,2024,5,17193,10876240.5013
Sacvin Tab. 100mg 30's,2024,5,4455,8625161.40490021
Evo Joshanda Sac. 30's,2024,5,165,73463.0982000001
Onita Sac. 2g 7's,2024,5,11798,13931330
Telsarta Tab. 80mg 10's,2024,5,3612,1375456.9346
Agoviz Tab. 25mg 14's,2024,5,4691,3320485.32800003
Sparliv Tab. 30's,2024,5,3664,2892378.08840009
NUVAL TABS 160MG 14`S,2024,5,0,0
Arbi Tab. 300mg 10's,2024,5,3531,1492141.493
Phytus Syp. 120ML,2024,5,3748,1416721.23799999
LACTEUS LF 400GM,2024,5,0,0
LACTEUS GROW 3 400g,2024,5,0,0
"Opt-D Cap. 200,000IU 1's",2024,5,67985,20284909.8409983
Aireez Tab. 10mg 30's,2024,5,17456,11097785.2728
Xcept Tab. 10mg 10's,2024,5,39839,18011312.1057
MFIT CAPS 400MG 30'S,2024,5,0,0
Azliv Tab. 500mg CP 6's,2024,5,-4,-935
Erlina Plus XR Tab. 12.5/2.5/1000mg 14's,2024,5,5,1190
Byvas Tab. 5mg 14's,2024,5,41555,13634163.8073995
Dapwiz Tab. 10mg 10's,2024,5,17770,5709139.6883
Oxivort Tab. 20mg 14's,2024,5,276,150132.78
Lowplat Tab. 75mg 10's,2024,5,337628,79627493.7994906
Xilica Cap. 75mg 14's,2024,5,9436,4241862.31049991
Evopride Tab. 1mg 30's,2024,5,4235,963956.537400045
"Opt-D Cap. 25,000IU 4's",2024,5,3617,709602.844800004
Aireez Sac. 4mg 14's,2024,5,3829,1212375.70600001
Omron BPM M1 Basic,2024,5,2968,22587996.6035003
UriTreat Cap. 0.4mg 20's,2024,5,2096,1773732.4
Erli Plus Tab. 5/850mg 14's,2024,5,533,96678.9999999999
Stevo Tab. 15mg 100's,2024,5,833,308003.600400001
Anex-M Tab. 85/500mg 2's,2024,5,4056,1345143.3388
X-Plended Tab. 10mg 10's,2024,5,170863,68814915.5904103
EvoCheck Pulse Oximeter,2024,5,114,306100
Tansin DS Tab. 100mg 10's,2024,5,2356,728232.1852
Klevra Soln. 500mg/5mL 60mL,2024,5,2049,1124176.0753
Vible Tab. 30's,2024,5,6629,4760255.14499989
X-Plended Tab. 20mg 10's,2024,5,97546,55054418.7942003
Fasteso Tab. 40mg 14's,2024,5,3454,1358806.4096
RIXABAC TAB 550MG 10s,2024,5,0,0
Xcept Tab. 2.5mg 10's,2024,5,16372,4841332.41999999
Galvecta Plus Tab. 50/850mg 14's,2024,5,7423,3766446.29390001
Inosita Tab. 25mg 10's,2024,5,737,210506.818
Tiocap Cap. 18mcg 30's,2024,5,865,549978.9
LACTEUS MAMA 400GM,2024,5,0,0
Arbi-A Tab. 100/5mg 10's,2024,5,1552,421151.884
Dapwiz Plus XR Tab. 5/1000mg 14's,2024,5,634,220703.044000001
Dapwiz Tab. 5mg 10's,2024,5,8008,1690635.72
Arbi Tab. 150mg 10's,2024,5,8499,2695428.1177
K-1000 Tab. 30's,2024,5,23167,14462635.5852002
Paridopa Tab. 150/37.5/200mg 30's,2024,5,359,504740.0725
Erli Plus Tab. 12.5/1000mg 14's,2024,5,4913,1766317.17
Klevra Tab. 500mg 30's,2024,5,2381,3850517.09999995
Telsarta-A Tab. 5/80mg 14's,2024,5,7982,4289675.04230015
Tansin Tab. 50mg 10's,2024,5,20327,3947376.88340026
Inosita Tab. 50mg 28's,2024,5,9918,9835630.1589994
Paridopa Tab. 125/31.25/200mg 30's,2024,5,101,137478.235
Aircare DPI Device 1's,2024,5,1938,820817.136000002
Telsarta Tab. 20mg 10's,2024,5,8073,1502503.8232
Galvecta Tab. 50mg 10's,2024,5,1951,659613.6648
Erli Plus Tab. 12.5/850mg 14's,2024,5,5444,1961869.193
Zilfom Tab. 400mg 5's,2024,5,3517,1566408.9
Evopride Tab. 4mg 30's,2024,5,8151,7663687.68
Xilica Cap. 100mg 14's,2024,5,2204,1115993.092
Inosita Tab. 100mg 28's,2024,5,2631,4096821.33
BD PEN NEEDLE 31GA 8MM (320109),2024,5,5848,133174.9231
Omron ETB Eco Temp Basic,2024,5,249,348397.3866
Zilero Tab. 2.5mg 30’s,2024,5,624,476458.83
"Opt-D Inj. 200,000 IU 1's",2024,5,44013,6274425.63900014
Zoltar Inj. 40mg 1's,2024,5,21731,3866498.64360001
Treatan Tab. 16mg 28's,2024,5,2667,2761163.4896
Ramipace Tab. 5mg 28's,2024,5,17310,12562411.8932006
Erli Plus Tab. 12.5/500mg 14's,2024,5,6313,2275961.19
Zibes Tab. 2.5mg 14's,2024,5,14097,778927.701600015
Paridopa Tab. 75/18.75/200mg 14's,2024,5,42,17446.25
Dapwiz Plus XR Tab. 10/500mg 14's,2024,5,688,327188.12
Ad-D Chewable Tab. 10000IU 8's,2024,5,476,80924.455
Inosita Plus Tab. 50/500mg 28's,2024,5,52492,54145489.4680054
Telsarta-D Tab. 80/12.5mg 14's,2024,5,4861,3004076.1356
IBANDRO TABS 150MG,2024,5,-15,-6693.75
Kalsob Tab. 30's,2024,5,32260,20041646.422398
X-Plended Tab. 5mg 10's,2024,5,54682,12620681.7970012
Aircare Plus DPI Device 1's,2024,5,252,98273.1405000001
Tiocap Cap. 18mcg 6's,2024,5,17155,2176394.808
REKLAIM SACHET 30's,2024,5,-48,-23765.6847
Evokalm Tab. 25mg 10's,2024,5,17785,3365065.93959989
LACTEUS AR 400g,2024,5,0,0
AXIFER IV 100MG 5AM,2024,5,890,660503.075
Eglaro-S Tab. 5/100mg 14's,2024,5,1168,669275.805
Evokalm Tab. 200mg 10's,2024,5,876,405045.631500002
NOZEA 500MG/40MG,2024,5,-4,-958.96
Evokalm Tab. 100mg 10's,2024,5,9380,3845440.29050005
Finno-Q Sac. 3g 10's,2024,5,4070,2047205.42299998
Supercran Sac. 10's,2024,6,1574,566924.469
EvoCheck GM700S BGM Meter Kit,2024,6,1399,4402514.84
EvoCheck GS700 BGM Test Strips 50's,2024,6,11925,24180507.7239991
Treatan Tab. 8mg 14's,2024,6,11922,4807535.34100011
Avsar Tab. 160/10mg 14's,2024,6,53574,32234218.752
Byvas Tab. 2.5mg 14's,2024,6,31947,6904822.1274
Paridopa Tab. 200/50/200mg 30's,2024,6,1453,2907897.6
UFI Tab 5mg CP,2024,6,-17,-5924.5
Telsarta-A Tab. 10/80mg 10's,2024,6,781,284186.2228
Arbi-D Tab. 300/25mg 14's,2024,6,723,548590.899
Ferfer Gro Sac. 30's,2024,6,9617,4035841.06579988
Eglaro Tab. 5mg 14's,2024,6,184,64672.3903000001
Erli Tab. 10mg 14's,2024,6,19928,7537491.21580063
Dapwiz Plus XR Tab. 10/1000mg 14's,2024,6,841,419016.255
NUVAL TABS 80MG 14`S,2024,6,0,0
Aireez Tab. 5mg 30's,2024,6,838,334369.245
Duzalta Cap. 20mg 14's,2024,6,8878,4972818.73300022
Voxamine Tab. 100mg 10's,2024,6,7364,4540711.56999993
Xilica Cap. 25mg 14's,2024,6,2929,707513.1988
MYOPRO 20MG 10'S,2024,6,0,0
Anplag Tab. 60mg 14's,2024,6,908,644234.4225
Gouric Tab. 80mg 20's,2024,6,13637,11642367.581
Xilica Cap. 50mg 14's,2024,6,8745,3170986.78289988
Evopride Tab. 1mg 30's,2024,6,3551,807056.232400027
Xcept Tab. 15mg 14's,2024,6,16748,11675554.95
Avsar Plus Tab. 160/5/12.5mg 28's,2024,6,35470,15122156.3740028
SPEDICAM TABS 8MG 10`S,2024,6,0,0
Inosita Plus XR Tab. 100/1000mg 14's,2024,6,8218,5631842.36630013
Inosita Plus TABS 50+1000MG 14`S,2024,6,0,0
Treatan Tab. 4mg 14's,2024,6,16382,5527360.80000003
Klevra XR Tab. 500mg 10's,2024,6,641,360133.576
Paridopa Tab. 100/25/200mg 30's,2024,6,2618,4019458.75
Telsarta Tab. 80mg 10's,2024,6,3700,1407369.8643
EvoCheck Go BGM Meter Kit,2024,6,3215,6302262.175
Erlina Tab. 10/5mg 14's,2024,6,14901,7239485.19000016
Evopride Plus Tab. 1/500mg 30's,2024,6,15191,4076207.37290048
Lowplat Plus Tab. 75/75mg 10's,2024,6,395979,99988696.0230288
Diu Tansin Tab. 50/12.5mg 10's,2024,6,7721,1795934.011
Inosita Plus TABS 50+500MG 10`S,2024,6,0,0
Omron BPM M1 Basic,2024,6,2361,17599516.6717
Eglaro Tab. 15mg 14's,2024,6,278,123097.68
Evokalm XR Tab. 200mg 10's,2024,6,1157,635669.9908
Erli Plus XR Tab. 10/1000mg 14's,2024,6,3904,1775678.2175
Erli Plus XR Tab. 5/1000mg 14's,2024,6,1686,626320.256
UriTreat Cap. 0.4mg 20's,2024,6,1475,1246283.6
"Opt-D Cap. 25,000IU 4's",2024,6,2794,548579.665000002
Evokalm XR Tab. 300mg 10's,2024,6,1632,989630.93
BD SYRINGE - BAG 1CC 30GA 8MM 10 (328838),2024,6,1816820,61387710.2859
Estar Tab. 10mg 14's,2024,6,57841,24209621.39
Femova Sac. 10's,2024,6,11288,12125507.5664994
Oxivort Tab. 20mg 14's,2024,6,270,144381.6375
Stevo Sac. 1gm 50's,2024,6,167,80298
Zoltar Cap. 40mg 14's,2024,6,3636,1201060.62769998
EvoCheck Go BGM Test Strip 50's,2024,6,6479,8804544.51999968
BD PEN NEEDLE 31GA 5MM (320119),2024,6,29383,665952.1501
Sacvin Tab. 200mg 30's,2024,6,580,1334629.2
Klevra Tab. 250mg 30's,2024,6,1224,1203263.6923
Ferfer Sac. 30's,2024,6,19833,14920202.1094996
Xcept Tab. 20mg 14's,2024,6,17303,14306363.0250011
Eglaro-S Tab. 15/100mg 14's,2024,6,7501,5019839.6001
Oxivort Tab. 10mg 14's,2024,6,1365,465770.0775
NUVAL D TABS 80+12.5MG 14`S,2024,6,0,0
Zibes Tab. 10mg 20's,2024,6,825,309322.6093
Agoviz Tab. 25mg 14's,2024,6,4560,3231278.50040004
Erli Plus Tab. 5/1000mg 14's,2024,6,715,129198.3
Inosita TABS 100MG 14`S,2024,6,1,492.66
"Opt-D Cap. 100,000IU 2's",2024,6,2569,656148.827099998
"Opt-D Cap. 200,000IU 1's",2024,6,61394,18335021.2114994
Orslim Cap. 120mg 30's,2024,6,23970,52102533.995
Paridopa Tab. 150/37.5/200mg 30's,2024,6,363,510995.1375
Thewril Cap. 4mg 20's,2024,6,4967,2821035.741
Erli Plus Tab. 5/500mg 14's,2024,6,1684,485846.4
Inosita Plus XR Tab. 50/500mg 14's,2024,6,29071,16836808.4889983
"Opt-D Inj. 200,000 IU 1's",2024,6,39033,5557889.8738001
Ad-D Chewable Tab. 2000IU 30's,2024,6,669,252427.583299999
Treatan Tab. 16mg 28's,2024,6,2194,2273413.4824
Inosita Plus Tab. 50/1000mg 28's,2024,6,19640,20749430.6495
Inosita Tab. 100mg 28's,2024,6,2267,3535398.5196
Galvecta Tab. 50mg 10's,2024,6,1979,669563.0986
Aircare DPI Device 1's,2024,6,1329,562533.309000001
X-Plended Tab. 10mg 10's,2024,6,173403,69838046.6121103
Evofix Susp. 100mg/5mL 60ML,2024,6,1929,469140.202499999
Gouric Tab. 40mg 20's,2024,6,101754,54981915.1690001
Arbi-A Tab. 100/10mg 10's,2024,6,737,227985.919999999
Erlina Tab. 25/5mg 14's,2024,6,12530,8598392.00500035
Zilero Tab. 5mg 30’s,2024,6,-44,-38678.4
Omron Weigh Scale BF-508,2024,6,2,35692.031
Stevo Tab. 15mg 100's,2024,6,424,162357.888
Tansin DS Tab. 100mg 10's,2024,6,1841,568110.98
Dipof Cap. 6/25mg 20's,2024,6,2227,728984.738500011
Ramipace Tab. 1.25mg 28's,2024,6,8868,3221714.50160007
Erli Plus Tab. 12.5/500mg 14's,2024,6,5130,1847738.33
Tansin Tab. 50mg 10's,2024,6,19094,3702826.88380025
BD PEN NEEDLE 31GA 8MM (320109),2024,6,5504,125017.739
Actnise Crm. 50gm 1's,2024,6,5089,1636471.12600003
Avsar Tab. 160/5mg 14's,2024,6,52977,26294592.350002
Xilica Cap. 100mg 14's,2024,6,2195,1109654.05749999
Revolic Tab. 30's,2024,6,1753,950522.453100006
X-Plended Tab. 20mg 10's,2024,6,92228,52112087.4962002
Nise Tab. 100mg 20's,2024,6,203238,52750499.981917
Xcept Tab. 2.5mg 10's,2024,6,15848,4687188.73
Galvecta Plus Tab. 50/850mg 14's,2024,6,7068,3588084.3321
Duzalta Cap. 30mg 14's,2024,6,13780,8282153.12820039
Vible Tab. 30's,2024,6,5825,4183883.03539995
LACTEUS 2 400g,2024,6,0,0
Zibes Tab. 5mg 20's,2024,6,12735,2576292.2717
BD PEN NEEDLE 4MM 100’S,2024,6,59905,1335800.979
Treatan-D Tab. 16/12.5mg 28's,2024,6,1629,1364199.8079
Aircare Plus DPI Device 1's,2024,6,2477,895426.067999999
Tiocap Cap. 18mcg 6's,2024,6,14736,1839673.224
LACTEUS AR 400g,2024,6,0,0
Finno-Q Sac. 3g 10's,2024,6,-411,-209648.824699998
Sacvin Tab. 50mg 30's,2024,6,23194,30431924.6929045
Evokalm Tab. 100mg 10's,2024,6,8397,3455598.72780001
Evopride Tab. 2mg 30's,2024,6,10562,4622323.6917
Eglaro-S Tab. 5/100mg 14's,2024,6,3505,2004141.05
Xilica Cap. 150mg 14's,2024,6,1228,714771.621700003
Galvecta Plus Tab. 50/500mg 14's,2024,6,4665,2291483.451
REKLAIM SACHET 30's,2024,6,-71,-35455.5347
Histalis Tab. 10mg 10's,2024,6,6490,991345.086
Retzole Tab. 2.5mg 10's,2024,6,-15,-25619
Avsar Plus Tab. 160/10/25mg 28's,2024,6,5080,2301501.23400005
Zilero Tab. 2.5mg 30’s,2024,6,436,333564.225
Busonide Cap. 400/12 mcg 30's,2024,6,16654,7295213.74000042
Ad-D Chewable Tab. 10000IU 8's,2024,6,605,102118.1618
Klevra Tab. 500mg 30's,2024,6,2054,3321062.61049997
MYOPRO 10MG 10'S,2024,6,0,0
IBANDRO TABS 150MG,2024,6,-2,-892.5
Duzalta Cap. 60mg 10's,2024,6,3078,1767587.64300002
Galvecta Plus Tab. 50/1000mg 14's,2024,6,3325,1716275.3515
Erli Plus XR Tab. 12.5/1000mg 14's,2024,6,18392,8804176.29699957
Busonide Cap. 200/6 mcg 30's,2024,6,3182,1128872.42000001
Avsar Plus Tab. 160/5/25mg 28's,2024,6,2700,1142862.26500001
Ad Folic Tab. 30's,2024,6,26944,10437373.0495021
X-Plended EZ Tab. 10/10mg 10's,2024,6,23698,8822913.481
Fasteso Tab. 20mg 14's,2024,6,-78,-17095.6182
Sacvin Tab. 100mg 30's,2024,6,3341,6480133.0146001
Itipso Tab. 50mg 10's,2024,6,6642,1239734.265
Arbi-D Tab. 150/12.5mg 10's,2024,6,12173,4625965.03480001
"Omron Weigh Scale HN-289 ",2024,6,11,63448.274
Zoltar Cap. 20mg 14's,2024,6,5553,1698072.00000004
Telsarta-D Tab. 40/12.5mg 14's,2024,6,6423,2666067.9336
Phytus Syp. 120ML,2024,6,1869,692036.6005
Azliv Tab. 250mg CP 6's,2024,6,-13,-2023.8806
Redexa Cap. 30mg 30's,2024,6,3060,1492354.1205
Avsar Plus Tab. 320/10/25mg 28's,2024,6,2560,1443573.372
Omron BPM M3 Comfort,2024,6,172,2880108.996
Paridopa Tab. 75/18.75/200mg 14's,2024,6,21,8721
SETSPIN TABS 16MG 30S,2024,6,0,0
Paridopa Tab. 50/12.5/200mg 30's,2024,6,122,127726.61
Erli Plus XR Tab. 25/1000mg 14's,2024,6,7586,5174075.8679999
Ad Folic OD Tab. 600mcg 30's,2024,6,35318,18450856.5093988
Xilica Cap. 75mg 14's,2024,6,11961,5395265.67860015
Zibes Tab. 2.5mg 14's,2024,6,9434,521526.694800008
Inosita Plus Tab. 50/500mg 28's,2024,6,51244,52800131.8752048
Dapwiz Plus XR Tab. 5/1000mg 14's,2024,6,144,49416.7220000002
Inosita Plus XR Tab. 50/1000mg 14's,2024,6,11596,7241922.279
Dipof Cap. 3/25mg 20's,2024,6,6313,1231645.06769998
Voxamine Tab. 50mg 10's,2024,6,7513,2323595.82770002
Tiocap Cap. 18mcg 30's,2024,6,1252,795788.19
Dapwiz Plus XR Tab. 5/500mg 14's,2024,6,925,403978.394999999
NUVAL TABS 160MG 14`S,2024,6,0,0
Evofix Cap. 400mg 10's,2024,6,3668,2435447.54
X-Plended EZ Tab. 5/10mg 10's,2024,6,6889,1688402.95
SheVit Tab. 30's,2024,6,9976,4938406.37219988
Neo Q 10 Cap. 100mg 20's,2024,6,2831,3144437.54719997
LACTEUS 1 400g,2024,6,0,0
EvoCheck Infrared Thermometer,2024,6,21,90725.8539
Erlina Plus XR Tab. 12.5/2.5/1000mg 14's,2024,6,3,714
Evo Joshanda Sac. 30's,2024,6,-738,-359885.275
Anex-M Tab. 85/500mg 2's,2024,6,3493,1158309.78439999
Ramipace Tab. 10mg 28's,2024,6,2429,2375902.28690002
Erli Tab. 25mg 14's,2024,6,9972,4951982.5619998
Evopride Tab. 3mg 30's,2024,6,3582,2183002.3475
LACTEUS LF 400GM,2024,6,0,0
Paridopa Tab. 125/31.25/200mg 30's,2024,6,74,101133.85
Lowplat Plus Tab. 75/150mg 10's,2024,6,3552,901230.621599995
Arbi-A Tab. 100/5mg 10's,2024,6,1389,377437.77
Evopride Plus Tab. 2/500mg 30's,2024,6,37852,18641184.0867978
Omron BPM Wrist RS1,2024,6,32,246665.586
Byvas Tab. 10mg 14's,2024,6,3114,1251540.367
Evokalm Tab. 25mg 10's,2024,6,16127,3058314.63359991
Kalsob Tab. 30's,2024,6,29853,18593712.3674983
Lowplat Tab. 75mg 10's,2024,6,320618,75623017.7829984
Arbi Tab. 150mg 10's,2024,6,8067,2559905.2033
Dapwiz Tab. 10mg 10's,2024,6,10985,3530249.9075
Aireez TABS CHWE 0004MG X 14,2024,6,-4,-571.2
Xcept Tab. 10mg 10's,2024,6,40632,18384060.6289
AXIFER IV 100MG 5AM,2024,6,634,464737.5
Zoltar Inj. 40mg 1's,2024,6,21406,3897547.92050001
Telsarta-A Tab. 5/80mg 14's,2024,6,9592,5157538.30740008
EvoCheck BPM68,2024,6,-36,-188176.6162
Erli Plus Tab. 12.5/1000mg 14's,2024,6,5188,1868520.66
SECURIN TAB 10mg 20's,2024,6,0,0
Inosita Tab. 50mg 28's,2024,6,10039,9928981.00499945
Klevra Soln. 500mg/5mL 60mL,2024,6,3183,1745640.36659998
K-1000 Tab. 30's,2024,6,21300,13300305.5850001
Evopride Tab. 4mg 30's,2024,6,7946,7467917.42
Estar Tab. 20mg 14's,2024,6,5576,3045496.7575
Telsarta-A Tab. 5/40mg 14's,2024,6,22457,9316814.66040002
Stevo Tab. 15mg 200's,2024,6,228,126454.8048
Sparliv Tab. 30's,2024,6,3145,2483523.82050007
Arbi Tab. 300mg 10's,2024,6,3429,1446437.8231
Evofix DS Susp. 200mg/5mL 30ML,2024,6,3386,862045.018499995
Avsar Tab. 80/5mg 14's,2024,6,154275,60379941.4823086
Ivadin Tab. 7.5mg 14's,2024,6,1481,526128.24
Erli Plus Tab. 12.5/850mg 14's,2024,6,4622,1666188.026
EvoCheck Pulse Oximeter,2024,6,95,263960
Histalis Tab. 20mg 10's,2024,6,1936,559274.9293
UFI Tab 10mg CP,2024,6,-15,-7650
Byvas Tab. 5mg 14's,2024,6,40732,13362111.8052993
LACTEUS MAMA 400GM,2024,6,0,0
Telsarta-A Tab. 10/40mg 10's,2024,6,3608,1163218.112
Telsarta Tab. 40mg 10's,2024,6,15588,4353296.11000001
Inosita Tab. 25mg 10's,2024,6,891,254771.723999999
Evofix Susp. 100mg/5mL 30ML,2024,6,6864,1559349.9475
Zilfom Tab. 400mg 5's,2024,6,2399,1069059.875
Fasteso Tab. 40mg 14's,2024,6,452,177856.176
Avsar Plus Tab. 160/10/12.5mg 28's,2024,6,34337,15877332.4731045
Telsarta Tab. 20mg 10's,2024,6,7656,1424343.126
Telsarta-D Tab. 80/12.5mg 14's,2024,6,4155,2564874.0716
X-Plended Tab. 5mg 10's,2024,6,50372,11617458.8023008
BD SYRINGE - BAG 1ML 31G 6MM,2024,6,77930,3012588.80999997
Estar Tab. 5mg 14's,2024,6,37615,10759111.3224986
Omron ETB Eco Temp Basic,2024,6,277,401663.5771
Redexa Cap. 60mg 30's,2024,6,4425,3343067.51
X-Plended EZ Tab. 20/10mg 10's,2024,6,11653,6679292.76099977
Dapwiz Plus XR Tab. 10/500mg 14's,2024,6,118,55793.15
Actiflor Sac. 250mg 10's,2024,6,10400,6563368.0175
Anplag Tab. 90mg 20's,2024,6,14001,20009799.9732
Aireez Sac. 4mg 14's,2024,6,2403,761132.335000003
Ivadin Tab. 5mg 14's,2024,6,6733,2393223.8925
Inosita Plus Tab. 50/850mg 28's,2024,6,13892,14594402.625
Omron BPM M7 Intelli IT,2024,6,179,4159336.156
Ramipace Tab. 2.5mg 28's,2024,6,36628,19968083.2070001
Arbi-D Tab. 300/12.5mg 10's,2024,6,7158,4050174.4489
Evokalm Tab. 200mg 10's,2024,6,806,376055.622500002
Aireez Tab. 10mg 30's,2024,6,13410,8529107.97939999
Dapwiz Tab. 5mg 10's,2024,6,7352,1553145.194
Onita Sac. 2g 7's,2024,6,10851,12822440.91
Paridopa TABS 100/25/200MG 10's,2024,6,-1,-280.5
LACTEUS GROW 3 400g,2024,6,0,0
Erli Plus Tab. 5/850mg 14's,2024,6,533,96658.5999999999
Ramipace Tab. 5mg 28's,2024,6,16114,11702504.7889005
NUVAL D TABS 160+25MG 14`S,2024,6,0,0
Inosita TABS 100MG 10`S,2024,6,0,0
Gouric Tab. 80mg 20's,2024,7,28918,24662090.234
Ad Folic OD Tab. 600mcg 30's,2024,7,37457,19543539.1976992
Paridopa Tab. 150/37.5/200mg 30's,2024,7,395,553158.5375
Ferfer Gro Sac. 30's,2024,7,8721,3656695.21079989
EvoCheck GM700S BGM Meter Kit,2024,7,1319,3833679.61
Xilica Cap. 75mg 14's,2024,7,11476,5186758.49350009
Xilica Cap. 50mg 14's,2024,7,10034,3639671.91849987
Avsar Tab. 160/10mg 14's,2024,7,55789,33546934.969
Paridopa Tab. 200/50/200mg 30's,2024,7,1272,2539247.245
"Opt-D Cap. 25,000IU 4's",2024,7,3094,607118.643700003
BD PEN NEEDLE 31GA 8MM (320109),2024,7,3720,84343.6469
Azliv Tab. 500mg CP 6's,2024,7,-1,-233.75
Xilica Cap. 100mg 14's,2024,7,2155,1090403.4995
Evo Joshanda Sac. 30's,2024,7,-90,-50876.9463999996
Paridopa Tab. 125/31.25/200mg 30's,2024,7,56,76762.735
Evokalm Tab. 25mg 10's,2024,7,17257,3260055.6735999
Zoltar Cap. 40mg 14's,2024,7,4315,1423404.84299997
Xcept Tab. 20mg 14's,2024,7,15973,13198927.090001
Sacvin Tab. 100mg 30's,2024,7,3833,7426164.73070016
Xcept Tab. 2.5mg 10's,2024,7,17265,5106858.81
Zoltar Cap. 20mg 14's,2024,7,5835,1783898.89640005
AXIFER IV 100MG 5AM,2024,7,122,92012.5
Orslim Cap. 120mg 30's,2024,7,26688,58013674.067
Zoltar Inj. 40mg 1's,2024,7,18090,3276149.1024
Arbi-D Tab. 300/25mg 14's,2024,7,356,269720.7532
Zibes Tab. 2.5mg 14's,2024,7,17156,948185.654000018
Lowplat Tab. 75mg 10's,2024,7,334099,78823894.8002933
Treatan Tab. 16mg 28's,2024,7,2138,2211958.9185
Phytus Syp. 120ML,2024,7,1862,683082.216199999
Dapwiz Tab. 10mg 10's,2024,7,20882,6697808.8717
Duzalta Cap. 20mg 14's,2024,7,9715,5445363.55900027
Histalis Tab. 10mg 10's,2024,7,7244,1106260.966
REKLAIM SACHET 30's,2024,7,4,2005.12
Vible Tab. 30's,2024,7,6346,4554505.86029993
Erli Plus XR Tab. 5/1000mg 14's,2024,7,2613,972320.7547
Busonide Cap. 400/12 mcg 30's,2024,7,17908,7844333.80000047
Erlina Tab. 10/5mg 14's,2024,7,15333,7445953.28400017
Evokalm XR Tab. 200mg 10's,2024,7,1429,785929.8356
Retzole Tab. 2.5mg 10's,2024,7,-1,-1785
Arbi Tab. 150mg 10's,2024,7,8147,2583821.6871
EvoCheck Go BGM Test Strip 50's,2024,7,3922,5527155.53999997
"Opt-D Cap. 200,000IU 1's",2024,7,71183,21172119.3032982
Stevo Tab. 15mg 100's,2024,7,274,109389.0432
Erli Tab. 10mg 14's,2024,7,23904,9037698.28040056
Xcept Tab. 15mg 14's,2024,7,16215,11298385.27
Inosita TABS 50MG 10`S,2024,7,-1,-187
Aireez Tab. 5mg 30's,2024,7,660,262543.75
Arbi-A Tab. 100/5mg 10's,2024,7,1892,512431.5065
Redexa Cap. 30mg 30's,2024,7,1968,957678.6375
Treatan-D Tab. 16/12.5mg 28's,2024,7,1666,1395387.4837
Agoviz Tab. 25mg 14's,2024,7,5221,3695382.42390006
Galvecta Plus Tab. 50/850mg 14's,2024,7,6838,3471138.817
Dapwiz Plus XR Tab. 5/1000mg 14's,2024,7,409,140475.726
Stevo Sac. 1gm 50's,2024,7,480,220558.5
Evopride Tab. 2mg 30's,2024,7,11195,4900874.48549986
Byvas Tab. 5mg 14's,2024,7,43653,14319482.2148993
Erli Plus Tab. 12.5/500mg 14's,2024,7,13471,4855207.31000001
Galvecta Plus Tab. 50/500mg 14's,2024,7,4440,2178952.7385
Evokalm Tab. 200mg 10's,2024,7,784,363613.695200001
EVODOXIM SUSP DRY 0050ML 0040MG X 1,2024,7,0,0
Anplag Tab. 60mg 14's,2024,7,2169,1522509.8
Telsarta-A Tab. 5/80mg 14's,2024,7,7700,4142152.19000015
Supercran Sac. 10's,2024,7,4576,1461548.60139999
Evopride Tab. 1mg 30's,2024,7,4311,980464.179800044
Galvecta Tab. 50mg 10's,2024,7,1689,571195.9663
Avsar Plus Tab. 160/5/12.5mg 28's,2024,7,37930,16164600.3300031
K-1000 Tab. 30's,2024,7,24006,14979626.5565001
Inosita Plus Tab. 50/1000mg 28's,2024,7,19305,20471063.6954
Erli Plus Tab. 12.5/1000mg 14's,2024,7,5426,1954011.96
Aircare Plus DPI Device 1's,2024,7,797,315655.379
EvoCheck GS700 BGM Test Strips 50's,2024,7,6129,12444226.5200001
Duzalta Cap. 30mg 14's,2024,7,15616,9375204.57790026
Evopride Plus Tab. 1/500mg 30's,2024,7,15776,4236900.76950055
Zibes Tab. 10mg 20's,2024,7,1141,426592.210399998
X-Plended Tab. 10mg 10's,2024,7,187045,75390191.8378145
Eglaro-S Tab. 5/100mg 14's,2024,7,2946,1684547.68
Aircare DPI Device 1's,2024,7,879,382611.225
Byvas Tab. 2.5mg 14's,2024,7,35900,7758876.4036
Inosita Tab. 100mg 28's,2024,7,2486,3877786.6575
Inosita Tab. 50mg 28's,2024,7,10229,10146411.6544994
Evokalm XR Tab. 300mg 10's,2024,7,1847,1119420.0732
Telsarta-A Tab. 10/80mg 10's,2024,7,13760,5002856.05920001
Busonide Cap. 200/6 mcg 30's,2024,7,3687,1304798.28000002
Zilero Tab. 2.5mg 30’s,2024,7,247,188492.787
Klevra Soln. 500mg/5mL 60mL,2024,7,3984,2180671.66729998
"Opt-D Inj. 200,000 IU 1's",2024,7,47458,6754908.60000013
Inosita Tab. 25mg 10's,2024,7,973,278742.505999999
Onita Sac. 2g 7's,2024,7,10732,12662153.6475
IBANDRO TABS 150MG,2024,7,-5,-2231.25
Ad-D Chewable Tab. 10000IU 8's,2024,7,1365,230584.754799999
Avsar Plus Tab. 160/5/25mg 28's,2024,7,3074,1300831.12
Ferfer Sac. 30's,2024,7,23249,17497372.5020992
Fasteso Tab. 40mg 14's,2024,7,362,140998.9792
Oxivort Tab. 20mg 14's,2024,7,267,145006.6425
Avsar Plus Tab. 160/10/25mg 28's,2024,7,2868,1297618.50230001
UriTreat Cap. 0.4mg 20's,2024,7,1674,1413366.4
Finno-Q Sac. 3g 10's,2024,7,-38,-18959.428
Tiocap Cap. 18mcg 6's,2024,7,15083,1917681.5915
Omron BPM M1 Basic,2024,7,2099,15120795.159
Dapwiz Plus XR Tab. 10/500mg 14's,2024,7,643,303796.409
Oxivort Tab. 10mg 14's,2024,7,1563,532792.2875
Evokalm Tab. 100mg 10's,2024,7,8719,3570019.32160004
Omron ETB Eco Temp Basic,2024,7,99,147286.4956
Telsarta-D Tab. 80/12.5mg 14's,2024,7,4935,3046846.7776
Tansin DS Tab. 100mg 10's,2024,7,1915,591246.6716
Ramipace Tab. 5mg 28's,2024,7,17931,12999163.0464007
Telsarta Tab. 80mg 10's,2024,7,3508,1331303.2728
Arbi-A Tab. 100/10mg 10's,2024,7,986,304259.267999998
X-Plended Tab. 20mg 10's,2024,7,97371,55115440.5156002
Klevra XR Tab. 500mg 10's,2024,7,750,422104.56
Tansin Tab. 50mg 10's,2024,7,20139,3907936.63740026
BD SYRINGE - BAG 1CC 30GA 8MM 10 (328838),2024,7,1795896,60959194.3869
Actnise Crm. 50gm 1's,2024,7,758,260084.824999999
Klevra Tab. 500mg 30's,2024,7,2247,3631346.02319996
Avsar Tab. 160/5mg 14's,2024,7,56314,27938377.5140026
Evopride Tab. 4mg 30's,2024,7,8791,8263754.74
Fasteso Tab. 20mg 14's,2024,7,625,137546.4213
Inosita Plus Tab. 50/500mg 28's,2024,7,51894,53565256.8498065
Paridopa Tab. 75/18.75/200mg 14's,2024,7,57,23545
Treatan Tab. 8mg 14's,2024,7,12554,5061734.91970005
Telsarta-A Tab. 10/40mg 10's,2024,7,8491,2732645.5319
X-Plended EZ Tab. 5/10mg 10's,2024,7,7394,1811687.05
Evopride Tab. 3mg 30's,2024,7,3699,2256543.45
SETSPIN TABS 16MG 30S,2024,7,-1,-309.22
Itipso Tab. 50mg 10's,2024,7,11236,2097565.91
X-Plended EZ Tab. 10/10mg 10's,2024,7,26644,9912121.00899999
Telsarta-D Tab. 40/12.5mg 14's,2024,7,9088,3769484.3815
Ivadin Tab. 7.5mg 14's,2024,7,1556,551432.995
Inosita Plus XR Tab. 100/1000mg 14's,2024,7,12665,8672193.78390036
Erlina Plus XR Tab. 5/2.5/1000mg 14's,2024,7,1,238
Femova Sac. 10's,2024,7,12979,13925502.8745992
"Omron Weigh Scale HN-289 ",2024,7,36,215133.328
Eglaro Tab. 5mg 14's,2024,7,140,49509.2010000001
Diu Tansin Tab. 50/12.5mg 10's,2024,7,8438,1964474.4438
Tiocap Cap. 18mcg 30's,2024,7,1765,1087852.95
Omron BPM Wrist RS1,2024,7,1,4066.763
Lowplat Plus Tab. 75/75mg 10's,2024,7,419168,105816638.751531
Erli Plus Tab. 5/1000mg 14's,2024,7,670,121482
Kalsob Tab. 30's,2024,7,36800,22904145.0897972
Byvas Tab. 10mg 14's,2024,7,3587,1440842.6635
Dapwiz Plus XR Tab. 5/500mg 14's,2024,7,1542,671908.764999997
Voxamine Tab. 100mg 10's,2024,7,8084,4983405.41499996
Lowplat Plus Tab. 75/150mg 10's,2024,7,3552,899751.965399997
EvoCheck Weighing Scale (Black),2024,7,572,1491265.6792
Inosita TABS 100MG 14`S,2024,7,5,2463.3
Evopride Plus Tab. 2/500mg 30's,2024,7,41423,20396764.4339993
BD PEN NEEDLE 31GA 5MM (320119),2024,7,26893,612538.3016
Eglaro-S Tab. 15/100mg 14's,2024,7,10467,6998821.6033
Sacvin Tab. 200mg 30's,2024,7,204,470249.376
SheVit Tab. 30's,2024,7,8761,4332220.95179986
Anex-M Tab. 85/500mg 2's,2024,7,3875,1284494.1908
Erli Plus XR Tab. 10/1000mg 14's,2024,7,4235,1927830.8125
Dapwiz Tab. 5mg 10's,2024,7,7912,1675292.336
Estar Tab. 20mg 14's,2024,7,5836,3193901.645
Aireez TABS CHWE 0004MG X 14,2024,7,-7,-999.6
Xilica Cap. 25mg 14's,2024,7,3353,808942.7918
X-Plended Tab. 5mg 10's,2024,7,52769,12215345.5752011
UFI Tab 5mg CP,2024,7,-5,-1742.5
Omron BPM M7 Intelli IT,2024,7,60,1372810.628
Estar Tab. 10mg 14's,2024,7,63688,26648501.3225
"Opt-D Cap. 100,000IU 2's",2024,7,2632,672117.586599998
EvoCheck Go BGM Meter Kit,2024,7,3167,5992228.745
BD SYRINGE - BAG 1ML 31G 6MM,2024,7,54349,2102219.32000001
Telsarta Tab. 20mg 10's,2024,7,7754,1441691.7496
Erli Plus Tab. 12.5/850mg 14's,2024,7,4747,1710778.513
X-Plended EZ Tab. 20/10mg 10's,2024,7,9926,5682271.61859984
EvoCheck Pulse Oximeter,2024,7,145,397120
Zilfom Tab. 400mg 5's,2024,7,2897,1289972.1125
Avsar Plus Tab. 320/10/25mg 28's,2024,7,839,473186.092
Klevra Tab. 250mg 30's,2024,7,1241,1216777.57049999
Ramipace Tab. 10mg 28's,2024,7,2575,2522962.89560001
Eglaro Tab. 15mg 14's,2024,7,357,157448.628
Ivadin Tab. 5mg 14's,2024,7,6775,2410145.69
Treatan Tab. 4mg 14's,2024,7,16583,5594836.29
Paridopa Tab. 100/25/200mg 30's,2024,7,2415,3707740.2125
Inosita Plus TABS 50+500MG 10`S,2024,7,-1,-195.5
SPEDICAM TABS 8MG 10`S,2024,7,-1,-127.08
Dapwiz Plus XR Tab. 10/1000mg 14's,2024,7,1268,629768.348999998
Gouric Tab. 40mg 20's,2024,7,112795,60950641.551
Erlina Tab. 25/5mg 14's,2024,7,13537,9289191.88400028
Inosita Plus XR Tab. 50/500mg 14's,2024,7,30598,17745581.2699985
Evofix Susp. 100mg/5mL 60ML,2024,7,848,214397.4975
Telsarta-A Tab. 5/40mg 14's,2024,7,22031,9138488.77700001
Avsar Tab. 80/5mg 14's,2024,7,166882,65302108.0470108
Zilero Tab. 5mg 30’s,2024,7,-69,-61582.5
UFI Tab 10mg CP,2024,7,-9,-4590
Revolic Tab. 30's,2024,7,2049,1111653.2784
Dipof Cap. 6/25mg 20's,2024,7,2114,692658.68970001
Actiflor Sac. 250mg 10's,2024,7,8177,5195286.6784
Evofix Susp. 100mg/5mL 30ML,2024,7,2561,606791.8375
Stevo Tab. 15mg 200's,2024,7,183,103079.7
ANEX TABS F.C. 0550MG X 30,2024,7,-1,-204
EvoCheck BPM68,2024,7,57,274545.2307
Thewril Cap. 4mg 20's,2024,7,6336,3597500.3932
Erli Plus Tab. 5/500mg 14's,2024,7,1777,512660.5
Ramipace Tab. 1.25mg 28's,2024,7,9653,3506345.80640011
Ad Folic Tab. 30's,2024,7,28986,11229683.3332024
Aireez Tab. 10mg 30's,2024,7,14893,9442010.91899999
EvoCheck Infrared Thermometer,2024,7,41,217216.3205
Xilica Cap. 150mg 14's,2024,7,1081,629162.946900003
FREEDEP TABS F.C. 0100MG X 20,2024,7,-1,-255
Aireez Sac. 4mg 14's,2024,7,2052,648064.905000004
Sparliv Tab. 30's,2024,7,3678,2906090.35440009
Arbi Tab. 300mg 10's,2024,7,3265,1379276.1819
Voxamine Tab. 50mg 10's,2024,7,8679,2673458.67420005
Omron Weigh Scale BF-508,2024,7,21,387258.3595
Evofix DS Susp. 200mg/5mL 30ML,2024,7,1398,370456.3415
Erli Plus XR Tab. 25/1000mg 14's,2024,7,12410,8447881.52749955
Duzalta Cap. 60mg 10's,2024,7,3506,2016024.73940003
Arbi-D Tab. 300/12.5mg 10's,2024,7,6626,3752762.3
BD PEN NEEDLE 4MM 100’S,2024,7,88278,1962498.3282
Ad-D Chewable Tab. 2000IU 30's,2024,7,1105,417393.479499998
Erli Plus Tab. 5/850mg 14's,2024,7,582,105530.9
Xcept Tab. 10mg 10's,2024,7,43267,19571723.3838
EvoCheck Weighing Scale (White),2024,7,454,1068840.0672
Azliv Tab. 250mg CP 6's,2024,7,-5,-776.6055
Redexa Cap. 60mg 30's,2024,7,2632,1988721.2
Erli Tab. 25mg 14's,2024,7,10009,4979085.80699979
Arbi-D Tab. 150/12.5mg 10's,2024,7,11666,4439186.90160001
Ramipace Tab. 2.5mg 28's,2024,7,36939,20119217.1125005
Avsar Plus Tab. 160/10/12.5mg 28's,2024,7,37000,17103981.805005
Inosita Plus Tab. 50/850mg 28's,2024,7,13320,14010010.04
Galvecta Plus Tab. 50/1000mg 14's,2024,7,3344,1725019.1244
Evopravir Tab. 200mg CP 30's,2024,7,0,0
Omron BPM M3 Comfort,2024,7,86,1407516.8606
Inosita Plus XR Tab. 50/1000mg 14's,2024,7,12047,7525027.7425
LACTEUS 2 400g,2024,7,-1,-1193.25
Neo Q 10 Cap. 100mg 20's,2024,7,3259,3612254.53919996
Evofix Cap. 400mg 10's,2024,7,2342,1602211.75
Dipof Cap. 3/25mg 20's,2024,7,7017,1371441.04359999
Erli Plus XR Tab. 12.5/1000mg 14's,2024,7,16540,7924174.61399967
Zibes Tab. 5mg 20's,2024,7,18465,3730820.7456
Estar Tab. 5mg 14's,2024,7,43383,12385805.2294982
Telsarta Tab. 40mg 10's,2024,7,14305,3992158.77
Anplag Tab. 90mg 20's,2024,7,15701,22423157.4136
Histalis Tab. 20mg 10's,2024,7,2361,681373.5069
Sacvin Tab. 50mg 30's,2024,7,22776,29890300.3347045
Paridopa Tab. 50/12.5/200mg 30's,2024,7,1202,1253434.56499999
Nise Tab. 100mg 20's,2024,7,246574,64020042.7735229
Evopride Tab. 3mg 30's,2024,8,4773,2907267.6275
Zilero Tab. 2.5mg 30’s,2024,8,-9,-8059.04039999997
Paridopa Tab. 125/31.25/200mg 30's,2024,8,19,25801.9625
AXIFER IV 100MG 5AM,2024,8,0,0
Evokalm Tab. 25mg 10's,2024,8,19730,3725409.69639992
Paridopa Tab. 75/18.75/200mg 14's,2024,8,51,20973.75
IBANDRO TABS 150MG,2024,8,-10,-4462.5
REKLAIM SACHET 30's,2024,8,-70,-34387.8086
Xilica Cap. 75mg 14's,2024,8,13578,6132079.05300011
ZOLTAR INSTA CAPS 40MG 14`S,2024,8,-5,-1071
Inosita Plus Tab. 50/500mg 28's,2024,8,56380,58183035.1129088
Zibes Tab. 2.5mg 14's,2024,8,15070,831952.746800014
SheVit Tab. 30's,2024,8,18875,9327937.68659978
Tiocap Cap. 18mcg 30's,2024,8,1933,1222133.4
Kalsob Tab. 30's,2024,8,39184,24402212.2367968
Lowplat Tab. 75mg 10's,2024,8,342158,80750876.7152939
Ad-D Chewable Tab. 10000IU 8's,2024,8,1323,223447.907999999
X-Plended Tab. 5mg 10's,2024,8,55210,12770716.4382017
Zoltar Inj. 40mg 1's,2024,8,22908,4120143.94220001
Telsarta-A Tab. 5/80mg 14's,2024,8,7825,4206054.58100016
Telsarta-D Tab. 80/12.5mg 14's,2024,8,3312,2044073.3672
Sacvin Tab. 100mg 30's,2024,8,3732,7230476.12760019
Fasteso Tab. 20mg 14's,2024,8,2173,481475.484099996
Byvas Tab. 10mg 14's,2024,8,3466,1392858.34
Telsarta Tab. 20mg 10's,2024,8,7962,1480439.8388
Omron ETB Eco Temp Basic,2024,8,189,285793.2611
Avsar Plus Tab. 320/10/25mg 28's,2024,8,4816,2715170.725
EvoCheck Pulse Oximeter,2024,8,192,565700
Arbi Tab. 150mg 10's,2024,8,8182,2594210.9835
Galvecta Tab. 50mg 10's,2024,8,1986,671275.6648
Lowplat Plus Tab. 75/150mg 10's,2024,8,4024,1020147.2416
Evopride Tab. 4mg 30's,2024,8,9104,8548941.266
Tansin DS Tab. 100mg 10's,2024,8,1736,534980.7233
Dapwiz Tab. 5mg 10's,2024,8,8052,1700982.396
Xilica Cap. 100mg 14's,2024,8,2720,1373519.25299999
Erli Plus Tab. 12.5/850mg 14's,2024,8,5056,1822369.4
BD PEN NEEDLE 31GA 8MM (320109),2024,8,1534,34899.5452
Zilfom Tab. 400mg 5's,2024,8,2875,1281151.875
Treatan Tab. 16mg 28's,2024,8,2385,2476232.0022
Telsarta-D Tab. 40/12.5mg 14's,2024,8,3592,1491503.0372
X-Plended EZ Tab. 5/10mg 10's,2024,8,8302,2032946.0825
Itipso Tab. 50mg 10's,2024,8,11834,2208354.06
Paridopa Tab. 150/37.5/200mg 30's,2024,8,217,304824.875
Redexa Cap. 30mg 30's,2024,8,1698,827076.9131
Dapwiz Plus XR Tab. 5/1000mg 14's,2024,8,760,263672.584
Galvecta Plus Tab. 50/850mg 14's,2024,8,6709,3403706.3107
Arbi-A Tab. 100/5mg 10's,2024,8,2349,638650.156999997
Vible Tab. 30's,2024,8,7384,5298872.33079984
Stevo Tab. 15mg 100's,2024,8,324,116661.6704
Xcept Tab. 2.5mg 10's,2024,8,16924,5005445.57499999
Anex-M Tab. 85/500mg 2's,2024,8,3555,1177369.17439999
Ramipace Tab. 10mg 28's,2024,8,2676,2616077.69100002
Zoltar Cap. 20mg 14's,2024,8,5730,1752459.46440004
Klevra Soln. 500mg/5mL 60mL,2024,8,3452,1892984.64829998
Evopride Tab. 1mg 30's,2024,8,4692,1063994.08410005
Voxamine Tab. 50mg 10's,2024,8,9592,2957120.12680009
Erlina Plus XR Tab. 12.5/2.5/1000mg 14's,2024,8,835,197556.898
EvoCheck Weighing Scale (White),2024,8,432,1007643.492
Evokalm Tab. 200mg 10's,2024,8,991,458006.434500002
Onita Sac. 2g 7's,2024,8,11412,13467206.2
Xcept Tab. 10mg 10's,2024,8,37298,16732415.3925
Dapwiz Plus XR Tab. 10/500mg 14's,2024,8,913,433223.546
Fasteso Tab. 40mg 14's,2024,8,7159,2815001.76639993
Erli Plus Tab. 5/850mg 14's,2024,8,734,132705.4
Dapwiz Tab. 10mg 10's,2024,8,17325,5569436.0113
Oxivort Tab. 20mg 14's,2024,8,273,147863.025
Zoltar Cap. 40mg 14's,2024,8,4689,1545833.69339998
Aireez Sac. 4mg 14's,2024,8,1771,561496.145000001
Paridopa TABS 100/25/200MG 10's,2024,8,-1,-280.5
UriTreat Cap. 0.4mg 20's,2024,8,1905,1609424
Aireez Tab. 10mg 30's,2024,8,16027,10184320.3754
EvoCheck BPM68,2024,8,-8,-40777.8472
Arbi Tab. 300mg 10's,2024,8,3334,1404717.2906
EvoCheck GM700S BGM Meter Kit,2024,8,1404,4039185.95
Erli Plus Tab. 12.5/1000mg 14's,2024,8,5949,2142388.79
Byvas Tab. 5mg 14's,2024,8,45651,14973166.7401994
Sparliv Tab. 30's,2024,8,4804,3783349.18580011
Azliv Tab. 500mg CP 6's,2024,8,-5,-1168.75
Actiflor Sac. 250mg 10's,2024,8,10838,6848537.23
Evokalm XR Tab. 300mg 10's,2024,8,1783,1077858.9016
K-1000 Tab. 30's,2024,8,26993,16824674.8978002
Telsarta Tab. 80mg 10's,2024,8,3798,1442554.8341
Ramipace Tab. 5mg 28's,2024,8,17170,12450775.5756004
Evo Joshanda Sac. 30's,2024,8,1032,494337.268000001
Stevo Tab. 15mg 200's,2024,8,251,125728.7068
Erlina Plus XR Tab. 10/5/1000mg 14's,2024,8,1198,340528.495999999
Phytus Syp. 120ML,2024,8,3148,1160026.19499999
Paridopa Tab. 200/50/200mg 30's,2024,8,1245,2485766.775
Xilica Cap. 50mg 14's,2024,8,11289,4095520.23619984
Inosita Plus XR Tab. 50/1000mg 14's,2024,8,12452,7768720.94999999
UFI Tab 10mg CP,2024,8,-3,-1530
LACTEUS MAMA 400GM,2024,8,-3,-4134.75
Ad Folic OD Tab. 600mcg 30's,2024,8,38285,19973912.9818994
Byvas Tab. 2.5mg 14's,2024,8,38966,8419597.99050001
EvoCheck GS700 BGM Test Strips 50's,2024,8,7218,14547332.1399998
Evofix Susp. 100mg/5mL 30ML,2024,8,1677,391992.5875
Histalis Tab. 20mg 10's,2024,8,1912,551553.089
Inosita Tab. 50mg 28's,2024,8,10615,10509312.1024992
EvoCheck Infrared Thermometer,2024,8,21,97230.8206
Inosita Tab. 25mg 10's,2024,8,1063,304500.973999999
Telsarta Tab. 40mg 10's,2024,8,15460,4311787.4795
Evofix Cap. 400mg 10's,2024,8,3181,2158309.63
Paridopa Tab. 50/12.5/200mg 30's,2024,8,907,941146.434999999
Xcept Tab. 15mg 14's,2024,8,15523,10805431.215
Inosita Plus Tab. 50/850mg 28's,2024,8,15456,16221432.0575
Avsar Plus Tab. 160/10/12.5mg 28's,2024,8,36430,16840128.9233043
Omron BPM M1 Basic,2024,8,2447,18219714.5786
Aireez Tab. 5mg 30's,2024,8,844,336566.425
Estar Tab. 5mg 14's,2024,8,48890,13958169.6744978
Stevo Sac. 1gm 50's,2024,8,2502,1073803.5
Erli Tab. 25mg 14's,2024,8,10750,5340932.40149968
Lowplat Plus Tab. 75/75mg 10's,2024,8,431265,108935120.330829
Eglaro-S Tab. 15/100mg 14's,2024,8,9622,6440921.0855
Erli Plus XR Tab. 5/1000mg 14's,2024,8,2671,990623.66
Xcept Tab. 20mg 14's,2024,8,14657,12116673.1850009
Erlina Plus XR Tab. 5/2.5/1000mg 14's,2024,8,803,190281.476
Arbi-D Tab. 300/12.5mg 10's,2024,8,6962,3943654.887
Retzole Tab. 2.5mg 10's,2024,8,-15,-26775
EvoCheck Go BGM Test Strip 50's,2024,8,6901,9508300.74999989
Duzalta Cap. 60mg 10's,2024,8,4086,2348526.05510003
Erli Plus Tab. 5/1000mg 14's,2024,8,768,139051.499999999
Eglaro Tab. 5mg 14's,2024,8,14,4829.78999999997
Redexa Cap. 60mg 30's,2024,8,2117,1601956.48
"Opt-D Cap. 200,000IU 1's",2024,8,84783,25309090.6297968
Omron BPM M1 Basic Limited Edition (DH),2024,8,0,0
"Opt-D Cap. 25,000IU 4's",2024,8,3633,712743.503800004
Ivadin Tab. 7.5mg 14's,2024,8,1435,508281.895
Omron Weigh Scale BF-508,2024,8,20,347892.211
Voxamine Tab. 100mg 10's,2024,8,8747,5395812.29499999
Treatan Tab. 8mg 14's,2024,8,12222,4929131.90640016
Arbi-D Tab. 300/25mg 14's,2024,8,1101,833588.1937
Evofix DS Susp. 200mg/5mL 30ML,2024,8,1134,299622.042000001
Erli Plus XR Tab. 12.5/1000mg 14's,2024,8,16432,7863969.2559997
Avsar Tab. 160/10mg 14's,2024,8,57644,34645915.064
EvoCheck Go BGM Meter Kit,2024,8,2979,5030935.65
Inosita TABS 100MG 14`S,2024,8,6,2955.96
BD SYRINGE - BAG 1ML 31G 6MM,2024,8,17125,662395.000000001
Ferfer Gro Sac. 30's,2024,8,8529,3576175.02299988
Duzalta Cap. 20mg 14's,2024,8,11711,6560901.89120035
Orslim Cap. 120mg 30's,2024,8,29048,63099312.8535
Xilica Cap. 25mg 14's,2024,8,3761,907439.67
Erlina Tab. 25/5mg 14's,2024,8,15687,10748214.708
Gouric Tab. 80mg 20's,2024,8,27024,23020500.9945
Telsarta-A Tab. 5/40mg 14's,2024,8,23233,9636290.26670001
Sacvin Tab. 200mg 30's,2024,8,541,1242038.7
Avsar Tab. 80/5mg 14's,2024,8,173460,67873845.587711
Telsarta-A Tab. 10/40mg 10's,2024,8,6114,1969322.9011
FORMIS TABS 257.05MG 30'S,2024,8,-1,-435.9
Inosita Plus TABS 50+1000MG 14`S,2024,8,-1,-328.44
Busonide Cap. 400/12 mcg 30's,2024,8,20599,9023641.99000029
SPEDICAM TABS 8MG 10`S,2024,8,0,0
Treatan Tab. 4mg 14's,2024,8,17131,5776425.29249993
Agoviz Tab. 25mg 14's,2024,8,5331,3767346.78650007
Histalis Tab. 10mg 10's,2024,8,8830,1347476.2048
X-Plended EZ Tab. 20/10mg 10's,2024,8,9461,5329976.71399987
Inosita Plus XR Tab. 100/1000mg 14's,2024,8,9412,6435913.47700034
Paridopa Tab. 100/25/200mg 30's,2024,8,2563,3929212.6275
Erlina Tab. 10/5mg 14's,2024,8,16303,7910624.72200017
Estar Tab. 20mg 14's,2024,8,6497,3543661.94
Ivadin Tab. 5mg 14's,2024,8,3789,1348206.8
Dapwiz Plus XR Tab. 10/1000mg 14's,2024,8,1687,839051.030999999
Treatan-D Tab. 16/12.5mg 28's,2024,8,1760,1474277.1572
Evopride Tab. 2mg 30's,2024,8,12033,5265244.9509997
Omron BPM M7 Intelli IT,2024,8,156,3636806.164
Erli Tab. 10mg 14's,2024,8,25503,9640824.28610041
Evokalm XR Tab. 200mg 10's,2024,8,1383,758141.5608
Ramipace Tab. 2.5mg 28's,2024,8,33597,18281635.690001
Sacvin Tab. 50mg 30's,2024,8,22474,29462107.5762051
Anplag Tab. 90mg 20's,2024,8,16136,23028291.6657
Erli Plus XR Tab. 10/1000mg 14's,2024,8,3786,1723237.7675
Femova Sac. 10's,2024,8,13802,14818395.771599
Evokalm Tab. 100mg 10's,2024,8,9463,3868244.97820007
BD PEN NEEDLE 4MM 100’S,2024,8,60702,1354570.6507
Avsar Plus Tab. 160/10/25mg 28's,2024,8,14299,6471688.8498995
Oxivort Tab. 10mg 14's,2024,8,1376,470986.7425
Busonide Cap. 200/6 mcg 30's,2024,8,4017,1425006.30000002
Ferfer Sac. 30's,2024,8,25043,18819591.7852988
Galvecta Plus Tab. 50/500mg 14's,2024,8,4348,2130710.5665
Diu Tansin Tab. 50/12.5mg 10's,2024,8,8222,1913275.1255
BD PEN NEEDLE 31GA 5MM (320119),2024,8,27997,638688.1479
Omron BPM Wrist RS1,2024,8,143,1151299.68
Avsar Plus Tab. 160/5/25mg 28's,2024,8,3033,1280337.3843
Dapwiz Plus XR Tab. 5/500mg 14's,2024,8,2654,1158889.74499999
Galvecta Plus Tab. 50/1000mg 14's,2024,8,3589,1846093.5864
Avsar Plus Tab. 160/5/12.5mg 28's,2024,8,38600,16457589.6450033
Erli Plus XR Tab. 25/1000mg 14's,2024,8,9429,6407091.54999963
Gouric Tab. 40mg 20's,2024,8,113780,61470564.6965
Zibes Tab. 10mg 20's,2024,8,1122,418969.7183
Ad Folic Tab. 30's,2024,8,28261,10948303.8073022
Erli Plus Tab. 12.5/500mg 14's,2024,8,12667,4560930.17
Supercran Sac. 10's,2024,8,5528,1799867.9573
Neo Q 10 Cap. 100mg 20's,2024,8,3371,3737366.37999996
"Opt-D Inj. 200,000 IU 1's",2024,8,52712,7507301.67000013
Aircare Plus DPI Device 1's,2024,8,5168,1925286.2305
Thewril Cap. 4mg 20's,2024,8,6857,3896534.6633
"Omron Weigh Scale HN-289 ",2024,8,6,32109.444
Inosita Plus XR Tab. 50/500mg 14's,2024,8,32390,18743267.8944989
Evofix Susp. 100mg/5mL 60ML,2024,8,642,161048.5905
"Opt-D Cap. 100,000IU 2's",2024,8,3207,818546.119199998
Aircare DPI Device 1's,2024,8,656,285200.652
Eglaro-S Tab. 5/100mg 14's,2024,8,3092,1768574.617
Telsarta-A Tab. 10/80mg 10's,2024,8,8548,3105672.98
Inosita Tab. 100mg 28's,2024,8,2685,4179807.765
Dipof Cap. 3/25mg 20's,2024,8,5113,998028.007199995
Omron BPM M3 Comfort,2024,8,143,2400624.6396
Dipof Cap. 6/25mg 20's,2024,8,2175,711476.627200013
Evopride Plus Tab. 2/500mg 30's,2024,8,42080,20717727.9686988
Zilero Tab. 5mg 30’s,2024,8,242,211361.3502
Inosita Plus Tab. 50/1000mg 28's,2024,8,22546,23714986.9827
Klevra Tab. 250mg 30's,2024,8,1583,1542050.70839998
Actnise Crm. 50gm 1's,2024,8,72,20224.134
Evopride Plus Tab. 1/500mg 30's,2024,8,16657,4469813.33050061
Duzalta Cap. 30mg 14's,2024,8,17657,10601544.8448002
X-Plended Tab. 20mg 10's,2024,8,108117,61122661.4807002
X-Plended EZ Tab. 10/10mg 10's,2024,8,23564,8763840.9275
Anplag Tab. 60mg 14's,2024,8,1774,1248850.6425
Arbi-A Tab. 100/10mg 10's,2024,8,1403,435265.665999996
Revolic Tab. 30's,2024,8,2301,1247017.81679999
Tansin Tab. 50mg 10's,2024,8,21336,4133046.60000027
Klevra Tab. 500mg 30's,2024,8,2825,4544296.12559993
Nise Tab. 100mg 20's,2024,8,253271,65684812.1547224
Erlina Plus XR Tab. 25/5/1000mg 14's,2024,8,1109,314409.424
BD SYRINGE - BAG 1CC 30GA 8MM 10 (328838),2024,8,962270,33060834.3953
Xilica Cap. 150mg 14's,2024,8,1381,801815.861000004
Ramipace Tab. 1.25mg 28's,2024,8,9709,3524151.3358001
Avsar Tab. 160/5mg 14's,2024,8,58912,29225428.7060029
Ad-D Chewable Tab. 2000IU 30's,2024,8,905,342090.282299999
Arbi-D Tab. 150/12.5mg 10's,2024,8,12021,4569719.7256
Erli Plus Tab. 5/500mg 14's,2024,8,2210,637326.6
X-Plended Tab. 10mg 10's,2024,8,207954,83787277.7340235
EvoCheck Weighing Scale (Black),2024,8,660,1718865.878
Zibes Tab. 5mg 20's,2024,8,17023,3438418.0897
Klevra XR Tab. 500mg 10's,2024,8,655,368339.5304
Estar Tab. 10mg 14's,2024,8,72665,30403973.2025
Azliv Tab. 250mg CP 6's,2024,8,4,627.56
Finno-Q Sac. 3g 10's,2024,8,-22,-10891.588
Tiocap Cap. 18mcg 6's,2024,8,16193,2060451.612
Eglaro Tab. 15mg 14's,2024,8,266,117487.612
BD SYRINGE - BAG 1ML 31G 6MM,2024,9,175360,6587476.13929997
Paridopa TABS 100/25/200MG 10's,2024,9,-2,-561
Telsarta-D Tab. 80/12.5mg 14's,2024,9,4359,2689244.6608
Ramipace Tab. 5mg 28's,2024,9,17428,12640586.6404004
NUVAL D TABS 80+12.5MG 14`S,2024,9,-2,-396.04
Kalsob Tab. 30's,2024,9,39241,24420069.6175967
Voxamine Tab. 100mg 10's,2024,9,8706,5354380.485
Evofix DS Susp. 200mg/5mL 30ML,2024,9,1154,303199.1055
NOZEA 500MG/40MG,2024,9,-1,-239.74
Anplag Tab. 90mg 20's,2024,9,15863,22616959.9655
Inosita Plus Tab. 50/850mg 28's,2024,9,14448,15179792.6255
Ivadin Tab. 5mg 14's,2024,9,7712,2736592.255
Arbi-D Tab. 300/12.5mg 10's,2024,9,6649,3767701.6921
Anex-M Tab. 85/500mg 2's,2024,9,3410,1127814.27539999
X-Plended EZ Tab. 20/10mg 10's,2024,9,9771,5593224.28659984
Omron ETB Eco Temp Basic,2024,9,218,310626.6183
Telsarta Tab. 20mg 10's,2024,9,7997,1486645.2168
Redexa Cap. 60mg 30's,2024,9,2346,1777228.96
Estar Tab. 5mg 14's,2024,9,49260,14057472.3649977
EvoCheck Weighing Scale (White),2024,9,433,998838.473200001
X-Plended Tab. 5mg 10's,2024,9,55850,12901649.3500014
Omron BPM M7 Intelli IT,2024,9,63,1439198.208
Inosita TABS 100MG 10`S,2024,9,-1,-306
Dapwiz Plus XR Tab. 10/500mg 14's,2024,9,1110,526811.8695
Ramipace Tab. 2.5mg 28's,2024,9,34265,18667599.4275009
EvoCheck Go BGM Meter Kit,2024,9,3162,5422468.75
Inosita Tab. 25mg 10's,2024,9,646,185001.65
Tiocap Cap. 18mcg 30's,2024,9,2479,1568776.83
Erli Plus Tab. 12.5/850mg 14's,2024,9,4861,1751717.91
Zilfom Tab. 400mg 5's,2024,9,3251,1448211.0875
Fasteso Tab. 40mg 14's,2024,9,4774,1877739.97759999
Paridopa Tab. 100/25/200mg 30's,2024,9,2314,3547301.175
Telsarta Tab. 40mg 10's,2024,9,15953,4454171.53250001
Paridopa Tab. 75/18.75/200mg 14's,2024,9,91,37612.5
Treatan Tab. 4mg 14's,2024,9,16623,5609111.89999996
Inosita Plus Tab. 50/500mg 28's,2024,9,58485,60146198.0128087
Telsarta-A Tab. 5/40mg 14's,2024,9,23153,9597876.80830003
Lowplat Plus Tab. 75/75mg 10's,2024,9,424106,107062783.482125
Dapwiz Plus XR Tab. 10/1000mg 14's,2024,9,1628,811467.426
EvoCheck Pulse Oximeter,2024,9,138,363620
Avsar Tab. 80/5mg 14's,2024,9,170808,66811894.4786079
Erli Plus Tab. 12.5/1000mg 14's,2024,9,5314,1912592.82
Evopride Tab. 4mg 30's,2024,9,8861,8327035.2
Stevo Tab. 15mg 200's,2024,9,-69,-33789.396
UFI Tab 5mg CP,2024,9,-2,-697
Dapwiz Tab. 5mg 10's,2024,9,7828,1654090.65
K-1000 Tab. 30's,2024,9,28713,17907989.3435004
Telsarta-A Tab. 10/40mg 10's,2024,9,6595,2120896.7543
Ivadin Tab. 7.5mg 14's,2024,9,1214,430304.765
Telsarta-A Tab. 5/80mg 14's,2024,9,8075,4341989.76160015
Inosita Plus XR Tab. 100/1000mg 14's,2024,9,8136,5571783.26540024
Klevra Soln. 500mg/5mL 60mL,2024,9,3589,1966201.14379998
Treatan Tab. 8mg 14's,2024,9,11566,4664442.08880018
Estar Tab. 20mg 14's,2024,9,6520,3557445.415
EvoCheck BPM68,2024,9,-23,-116352
Neo Q 10 Cap. 100mg 20's,2024,9,3189,3542945.61229997
Xcept Tab. 10mg 10's,2024,9,36491,16475215.1136
NUVAL D TABS 160+25MG 14`S,2024,9,-4,-1138.6
Ad Folic Tab. 30's,2024,9,26717,10349713.4943018
Erli Plus Tab. 5/850mg 14's,2024,9,672,121784.6
"Omron Weigh Scale HN-289 ",2024,9,10,63255.605
Lowplat Tab. 75mg 10's,2024,9,327021,77153379.3066987
Byvas Tab. 10mg 14's,2024,9,3840,1541828.1945
Omron BPM Wrist RS1,2024,9,6,-6224.22300000005
Dapwiz Tab. 10mg 10's,2024,9,14690,4710095.84370001
Aireez Sac. 4mg 14's,2024,9,2962,937070.940000004
Aireez Tab. 10mg 30's,2024,9,19483,12380959.8592
EvoCheck Weighing Scale (Black),2024,9,531,1365031.7252
EvoCheck Infrared Thermometer,2024,9,30,132136.8113
Evopride Tab. 3mg 30's,2024,9,4394,2676703.7575
X-Plended EZ Tab. 5/10mg 10's,2024,9,8269,2024828.9275
Evo Joshanda Sac. 30's,2024,9,2287,1082548.773
SheVit Tab. 30's,2024,9,16163,7995531.11529993
Erli Tab. 25mg 14's,2024,9,11189,5560069.77599972
Azliv Tab. 500mg CP 6's,2024,9,191,44646.25
Actiflor Sac. 250mg 10's,2024,9,10063,6307677.9433
Erlina Plus XR Tab. 12.5/2.5/1000mg 14's,2024,9,733,171742.585
Avsar Plus Tab. 160/10/12.5mg 28's,2024,9,38831,17940755.002105
Dipof Cap. 3/25mg 20's,2024,9,802,157125.638900001
Ramipace Tab. 1.25mg 28's,2024,9,9518,3457870.89300005
Avsar Plus Tab. 320/10/25mg 28's,2024,9,3082,1736785.79
Erli Plus XR Tab. 25/1000mg 14's,2024,9,8755,5959909.25249974
Xilica Cap. 75mg 14's,2024,9,13481,6079282.18350015
Histalis Tab. 20mg 10's,2024,9,1834,530289.7334
Dapwiz Plus XR Tab. 5/500mg 14's,2024,9,2917,1274829.66
Arbi Tab. 300mg 10's,2024,9,3460,1458510.9368
Erlina Plus XR Tab. 25/5/1000mg 14's,2024,9,1138,318030.951000001
Redexa Cap. 30mg 30's,2024,9,2089,1018296.362
Ramipace Tab. 10mg 28's,2024,9,2524,2471254.0876
Voxamine Tab. 50mg 10's,2024,9,9306,2869540.07420009
Ad Folic OD Tab. 600mcg 30's,2024,9,37584,19592391.2029992
Evofix Cap. 400mg 10's,2024,9,3853,2639954.31
Inosita Plus XR Tab. 50/1000mg 14's,2024,9,12227,7626814.186
Zibes Tab. 5mg 20's,2024,9,17388,3514144.7931
Revolic Tab. 30's,2024,9,2119,1148012.8201
Dipof Cap. 6/25mg 20's,2024,9,1998,654313.799300009
Nise Tab. 100mg 20's,2024,9,271369,70377447.5601216
Paridopa Tab. 50/12.5/200mg 30's,2024,9,976,1007694.72
Omron BPM M3 Comfort,2024,9,37,538662.5608
Sparliv Tab. 30's,2024,9,4776,3768972.95210013
Phytus Syp. 120ML,2024,9,3458,1264209.72999998
Ad-D Chewable Tab. 2000IU 30's,2024,9,1161,438560.218299998
Zilero Tab. 5mg 30’s,2024,9,223,196729.7914
Lowplat Plus Tab. 75/150mg 10's,2024,9,3456,876887.359199998
Inosita Plus XR Tab. 50/500mg 14's,2024,9,32217,18658353.9314988
Evopride Plus Tab. 2/500mg 30's,2024,9,41435,20392948.1158988
UFI Tab 10mg CP,2024,9,-6,-3060
X-Plended EZ Tab. 10/10mg 10's,2024,9,28455,10580472.32
Arbi-D Tab. 150/12.5mg 10's,2024,9,11804,4485404.85480001
Telsarta-D Tab. 40/12.5mg 14's,2024,9,11161,4627496.204
Itipso Tab. 50mg 10's,2024,9,4390,817046.01
Azliv Tab. 250mg CP 6's,2024,9,115,18199.759
Zoltar Cap. 20mg 14's,2024,9,6364,1944583.62400004
Evofix Susp. 100mg/5mL 30ML,2024,9,1487,346643.3875
Erli Plus Tab. 5/500mg 14's,2024,9,2057,593538
Fasteso Tab. 20mg 14's,2024,9,2333,517810.762199994
SETSPIN TABS 16MG 30S,2024,9,-4,-1236.88
AXIFER IV 100MG 5AM,2024,9,1,1062.5
Thewril Cap. 4mg 20's,2024,9,6541,3715075.8626
Evokalm Tab. 25mg 10's,2024,9,19939,3763627.81949991
Duzalta Cap. 60mg 10's,2024,9,3719,2136663.83890003
IBANDRO TABS 150MG,2024,9,1,446.25
Zilero Tab. 2.5mg 30’s,2024,9,114,84536.1413999997
Zoltar Inj. 40mg 1's,2024,9,24884,4442812.25220001
Erli Plus XR Tab. 12.5/1000mg 14's,2024,9,15728,7530868.61699981
Paridopa Tab. 125/31.25/200mg 30's,2024,9,-78,-107047.13
"Opt-D Inj. 200,000 IU 1's",2024,9,55983,7967492.07380015
Ad-D Chewable Tab. 10000IU 8's,2024,9,1288,217484.172999999
Xcept Tab. 20mg 14's,2024,9,14554,12011517.6300009
Arbi Tab. 150mg 10's,2024,9,7970,2528467.5681
Busonide Cap. 400/12 mcg 30's,2024,9,23105,10118600.0900001
Klevra Tab. 500mg 30's,2024,9,2603,4184059.99199994
Duzalta Cap. 20mg 14's,2024,9,11047,6177442.28300033
Arbi-A Tab. 100/5mg 10's,2024,9,2317,630095.364999995
Arbi-D Tab. 300/25mg 14's,2024,9,999,759184.1073
Histalis Tab. 10mg 10's,2024,9,10140,1547981.9979
REKLAIM SACHET 30's,2024,9,-116,-57607.0985999999
Finno-Q Sac. 3g 10's,2024,9,4053,2036858.31919998
Eglaro-S Tab. 5/100mg 14's,2024,9,2825,1615566.678
Xilica Cap. 150mg 14's,2024,9,1245,724131.921300004
Erli Plus XR Tab. 5/1000mg 14's,2024,9,2177,808869.0973
EvoCheck Go BGM Test Strip 50's,2024,9,7025,9641118.58999961
Retzole Tab. 2.5mg 10's,2024,9,2050,3639207.85
Evokalm Tab. 100mg 10's,2024,9,9572,3924644.61600007
Evopride Tab. 2mg 30's,2024,9,11318,4952853.49399987
Vible Tab. 30's,2024,9,7570,5426685.20349983
Sacvin Tab. 50mg 30's,2024,9,22464,29426402.5773049
BD PEN NEEDLE 4MM 100’S,2024,9,99558,2204151.49649999
Aircare Plus DPI Device 1's,2024,9,1610,636165.8976
Erlina Tab. 10/5mg 14's,2024,9,14766,7167767.46000009
BD PEN NEEDLE 31GA 8MM (320109),2024,9,7689,173173.3294
Tansin DS Tab. 100mg 10's,2024,9,712,218265.0642
Galvecta Plus Tab. 50/1000mg 14's,2024,9,3354,1729398.2684
Tiocap Cap. 18mcg 6's,2024,9,15953,2028541.116
Galvecta Plus Tab. 50/850mg 14's,2024,9,6938,3520209.2273
X-Plended Tab. 20mg 10's,2024,9,107485,60740707.1601001
Xcept Tab. 2.5mg 10's,2024,9,16301,4817528.67499999
Xilica Cap. 100mg 14's,2024,9,2390,1206462.3455
Dapwiz Plus XR Tab. 5/1000mg 14's,2024,9,784,273478.184000001
Erli Tab. 10mg 14's,2024,9,25732,9727525.24070035
Tansin Tab. 50mg 10's,2024,9,21255,4120338.21730026
Erli Plus Tab. 12.5/500mg 14's,2024,9,13012,4691070.95
Stevo Tab. 15mg 100's,2024,9,-85,-29963.52
Zibes Tab. 2.5mg 14's,2024,9,15125,835287.951600014
Treatan-D Tab. 16/12.5mg 28's,2024,9,1551,1296337.8759
Sacvin Tab. 100mg 30's,2024,9,3681,7119882.71300017
Orslim Cap. 120mg 30's,2024,9,29638,64347611.5475
Gouric Tab. 80mg 20's,2024,9,26937,22981344.701
Omron Weigh Scale BF-508,2024,9,2,36321.91
Evofix Susp. 100mg/5mL 60ML,2024,9,621,154249.1685
Ferfer Gro Sac. 30's,2024,9,7810,3269809.71239993
Treatan Tab. 16mg 28's,2024,9,2491,2578982.1142
Paridopa Tab. 150/37.5/200mg 30's,2024,9,161,224511.1375
Avsar Tab. 160/10mg 14's,2024,9,58406,35101497.2285
Galvecta Tab. 50mg 10's,2024,9,1739,587784.607
Erlina Tab. 25/5mg 14's,2024,9,15638,10706981.684
Gouric Tab. 40mg 20's,2024,9,112350,60624808.5185
X-Plended Tab. 10mg 10's,2024,9,203668,82022472.0005183
Zoltar Cap. 40mg 14's,2024,9,4427,1458121.17879998
Femova Sac. 10's,2024,9,13659,14658449.4452992
Onita Sac. 2g 7's,2024,9,10873,12814865.7525
Telsarta Tab. 80mg 10's,2024,9,3772,1432041.3037
"Opt-D Cap. 100,000IU 2's",2024,9,2905,743606.212099998
Busonide Cap. 200/6 mcg 30's,2024,9,4371,1546903.82250003
BD PEN NEEDLE 31GA 5MM (320119),2024,9,39284,888604.9191
Inosita TABS 100MG 14`S,2024,9,12,5911.92
Erlina Plus XR Tab. 5/2.5/1000mg 14's,2024,9,587,138171.852
Zibes Tab. 10mg 20's,2024,9,1055,395870.9378
Klevra Tab. 250mg 30's,2024,9,1575,1540011.69779999
Avsar Plus Tab. 160/5/25mg 28's,2024,9,3086,1304333.40319999
Agoviz Tab. 25mg 14's,2024,9,5413,3829710.60650005
Erli Plus Tab. 5/1000mg 14's,2024,9,818,148105.699999999
Oxivort Tab. 10mg 14's,2024,9,1187,406241.2975
Ferfer Sac. 30's,2024,9,24231,18199416.9240992
Sacvin Tab. 200mg 30's,2024,9,195,451029.975
Eglaro-S Tab. 15/100mg 14's,2024,9,9586,6415539.021
UriTreat Cap. 0.4mg 20's,2024,9,2219,1874277.2
Evopride Tab. 1mg 30's,2024,9,4043,918477.153200033
Galvecta Plus Tab. 50/500mg 14's,2024,9,4495,2205822.9289
Oxivort Tab. 20mg 14's,2024,9,243,131859.6075
Evokalm Tab. 200mg 10's,2024,9,856,397308.307200002
Avsar Plus Tab. 160/10/25mg 28's,2024,9,8951,4048667.21869995
BD SYRINGE - BAG 1CC 30GA 8MM 10 (328838),2024,9,1545860,52873892.6083
Klevra XR Tab. 500mg 10's,2024,9,515,292026.544
Duzalta Cap. 30mg 14's,2024,9,16915,10143753.7175001
Evopride Plus Tab. 1/500mg 30's,2024,9,15904,4268901.60920052
Inosita Plus TABS 50+1000MG 14`S,2024,9,-1,-328.44
Diu Tansin Tab. 50/12.5mg 10's,2024,9,7350,1710515.9094
Xilica Cap. 25mg 14's,2024,9,4063,980218.5306
Avsar Tab. 160/5mg 14's,2024,9,58849,29182881.5335027
Evokalm XR Tab. 200mg 10's,2024,9,1417,777628.0148
Omron BPM M1 Basic,2024,9,1437,10506579.7895
Evokalm XR Tab. 300mg 10's,2024,9,1715,1038980.449
"Opt-D Cap. 25,000IU 4's",2024,9,3594,703125.941900003
"Opt-D Cap. 200,000IU 1's",2024,9,91478,27229589.8019962
Erli Plus XR Tab. 10/1000mg 14's,2024,9,3695,1678291.8805
Aireez Tab. 5mg 30's,2024,9,1149,457271.95
Xcept Tab. 15mg 14's,2024,9,16072,11184491.255
Anplag Tab. 60mg 14's,2024,9,1665,1167080.464
Arbi-A Tab. 100/10mg 10's,2024,9,1229,382256.441999996
Byvas Tab. 5mg 14's,2024,9,46369,15200089.8109994
Xilica Cap. 50mg 14's,2024,9,11683,4239282.11239986
Eglaro Tab. 5mg 14's,2024,9,-128,-45148.16
Actnise Crm. 50gm 1's,2024,9,-427,-145171.3975
Supercran Sac. 10's,2024,9,5007,1589051.9394
Erlina Plus XR Tab. 10/5/1000mg 14's,2024,9,1187,335291.068
Estar Tab. 10mg 14's,2024,9,73521,30741584.715
Avsar Plus Tab. 160/5/12.5mg 28's,2024,9,40012,17039900.6244033
Eglaro Tab. 15mg 14's,2024,9,84,36290.3420000001
Stevo Sac. 1gm 50's,2024,9,1784,780939
Inosita Plus Tab. 50/1000mg 28's,2024,9,23979,25197354.6154
Paridopa Tab. 200/50/200mg 30's,2024,9,1247,2484199.41
Telsarta-A Tab. 10/80mg 10's,2024,9,8251,2998530.97
EvoCheck GM700S BGM Meter Kit,2024,9,1285,3965817.86
Aircare DPI Device 1's,2024,9,361,157011.18
Inosita Tab. 50mg 28's,2024,9,11027,10866445.8899993
Inosita Tab. 100mg 28's,2024,9,2540,3956421.9
EvoCheck GS700 BGM Test Strips 50's,2024,9,8305,16830052.9599995
Byvas Tab. 2.5mg 14's,2024,9,40342,8717549.52489999
Xilica Cap. 150mg 14's,2024,10,1225,711855.860500003
Evopride Tab. 2mg 30's,2024,10,11926,5221601.29839966
Erli Plus XR Tab. 12.5/1000mg 14's,2024,10,16014,7665522.9669996
Anplag Tab. 90mg 20's,2024,10,18028,25720822.582
NUVAL D TABS 160+25MG 14`S,2024,10,-17,-4839.05
Telsarta Tab. 40mg 10's,2024,10,17795,4966717.62
Ivadin Tab. 5mg 14's,2024,10,4897,1741001.28
Sacvin Tab. 50mg 30's,2024,10,24357,31889132.1000055
BD SYRINGE - BAG 1ML 31G 6MM,2024,10,97725,3733108.47119993
Zibes Tab. 5mg 20's,2024,10,13004,2629295.3109
Treatan-D Tab. 16/12.5mg 28's,2024,10,1138,952689.1712
Estar Tab. 5mg 14's,2024,10,50081,14280898.1429976
Avsar Plus Tab. 160/10/12.5mg 28's,2024,10,41604,19212081.3904072
Actiflor Sac. 250mg 10's,2024,10,7427,4686224.4935
X-Plended EZ Tab. 20/10mg 10's,2024,10,11365,6505049.44049972
Aireez Sac. 4mg 14's,2024,10,4707,1491597.085
Ad-D Chewable Tab. 2000IU 30's,2024,10,1264,477100.540399998
Erli Tab. 10mg 14's,2024,10,29229,11044457.7091999
Galvecta Plus Tab. 50/1000mg 14's,2024,10,3122,1611282.2995
Aireez Tab. 10mg 30's,2024,10,22085,14035094.1546
Omron BPM M7 Intelli IT,2024,10,111,2580600.796
Arbi-D Tab. 300/12.5mg 10's,2024,10,7010,3971545.9978
Inosita Plus Tab. 50/850mg 28's,2024,10,14640,15409235.2133
BD PEN NEEDLE 4MM 100’S,2024,10,90921,2022926.448
Ramipace Tab. 2.5mg 28's,2024,10,36429,19827137.9230008
Retzole Tab. 2.5mg 10's,2024,10,2114,3761005.2
Busonide Cap. 400/12 mcg 30's,2024,10,25566,11193011.8199999
Evofix Susp. 100mg/5mL 60ML,2024,10,538,134672.895
Omron Weigh Scale BF-508,2024,10,1,16166.381
Ramipace Tab. 1.25mg 28's,2024,10,10100,3667219.71010012
Duzalta Cap. 60mg 10's,2024,10,4087,2344706.16980003
Inosita Plus XR Tab. 50/500mg 14's,2024,10,34810,20159044.3277996
Arbi Tab. 300mg 10's,2024,10,3470,1465818.7496
Histalis Tab. 10mg 10's,2024,10,11784,1798193.381
Redexa Cap. 60mg 30's,2024,10,2390,1813158.46
EvoCheck Weighing Scale (White),2024,10,543,1252121.3244
Thewril Cap. 4mg 20's,2024,10,7082,4016867.994
EvoCheck BPM68,2024,10,-64,-339862.1544
Evofix DS Susp. 200mg/5mL 30ML,2024,10,719,193355.2035
Estar Tab. 20mg 14's,2024,10,6477,3524530.985
Voxamine Tab. 100mg 10's,2024,10,8866,5431846.69200006
Ivadin Tab. 7.5mg 14's,2024,10,1550,547237.395
Xcept Tab. 20mg 14's,2024,10,16067,13271042.2610012
Avsar Tab. 80/5mg 14's,2024,10,180124,70457747.3238166
Erli Plus Tab. 5/500mg 14's,2024,10,2430,701147.609
Orslim Cap. 120mg 30's,2024,10,29933,65034578.39
Telsarta-A Tab. 10/40mg 10's,2024,10,6795,2186001.7415
Evofix Susp. 100mg/5mL 30ML,2024,10,998,239224.2975
Zilero Tab. 5mg 30’s,2024,10,484,428462.9952
Revolic Tab. 30's,2024,10,1979,1071898.534
Erlina Tab. 25/5mg 14's,2024,10,16316,11196863.5099999
Telsarta-A Tab. 5/40mg 14's,2024,10,25272,10479486.7864
Stevo Tab. 15mg 200's,2024,10,179,96467.0399999998
Nise Tab. 100mg 20's,2024,10,326680,84713054.2787044
Dipof Cap. 6/25mg 20's,2024,10,2955,965518.934600019
Histalis Tab. 20mg 10's,2024,10,2502,721519.883
Inosita Plus XR Tab. 100/1000mg 14's,2024,10,8872,6076001.89950032
Gouric Tab. 40mg 20's,2024,10,114303,61692795.8904
Ramipace Tab. 10mg 28's,2024,10,2835,2770943.64819998
Estar Tab. 10mg 14's,2024,10,75995,31756483.2389
X-Plended EZ Tab. 5/10mg 10's,2024,10,9105,2230531.49
Klevra XR Tab. 500mg 10's,2024,10,848,478214.2024
Neo Q 10 Cap. 100mg 20's,2024,10,3506,3895894.50049995
"Opt-D Cap. 100,000IU 2's",2024,10,3352,858378.658099997
Erli Plus XR Tab. 10/1000mg 14's,2024,10,4045,1831604.134
Dipof Cap. 3/25mg 20's,2024,10,10427,2033563.91189997
Xilica Cap. 25mg 14's,2024,10,4259,1026418.8661
Anex-M Tab. 85/500mg 2's,2024,10,1950,647046.367599993
EvoCheck Go BGM Meter Kit,2024,10,3373,5681563.04
Eglaro Tab. 15mg 14's,2024,10,459,202450.177999999
Dapwiz Plus XR Tab. 10/1000mg 14's,2024,10,1809,900065.901000004
Treatan Tab. 4mg 14's,2024,10,16877,5694163.63349994
EvoCheck Weighing Scale (Black),2024,10,459,1192165.4304
BD SYRINGE - BAG 1CC 30GA 8MM 10 (328838),2024,10,1791130,61042278.8057
Paridopa Tab. 100/25/200mg 30's,2024,10,2409,3698453.275
UFI Tab 5mg CP,2024,10,-3,-1045.5
Evopride Plus Tab. 2/500mg 30's,2024,10,41504,20426824.7989993
Oxivort Tab. 10mg 14's,2024,10,1258,428271.44
Ferfer Sac. 30's,2024,10,24710,18573621.8135988
Femova Sac. 10's,2024,10,14535,15593790.839399
Eglaro-S Tab. 15/100mg 14's,2024,10,8607,5759384.63088
Klevra Tab. 250mg 30's,2024,10,1574,1538023.49339998
Lowplat Plus Tab. 75/150mg 10's,2024,10,3330,844406.166099995
BD PEN NEEDLE 31GA 5MM (320119),2024,10,28674,652222.4066
SheVit Tab. 30's,2024,10,19933,9865360.46359964
Sacvin Tab. 200mg 30's,2024,10,534,1226382.975
Omron BPM Wrist RS1,2024,10,120,919279.793
Inosita TABS 100MG 14`S,2024,10,3,1477.98
Tiocap Cap. 18mcg 30's,2024,10,2523,1598967.3
Lowplat Plus Tab. 75/75mg 10's,2024,10,426897,107792501.758431
"Omron Weigh Scale HN-289 ",2024,10,37,194583.2724
Diu Tansin Tab. 50/12.5mg 10's,2024,10,8233,1916580.0235
Zibes Tab. 10mg 20's,2024,10,1240,462592.076499998
Erli Plus Tab. 5/1000mg 14's,2024,10,929,168070.499999999
Itipso Tab. 50mg 10's,2024,10,8460,1578343.58
Arbi-D Tab. 150/12.5mg 10's,2024,10,12269,4666127.84790001
Telsarta-D Tab. 40/12.5mg 14's,2024,10,9040,3747803.1072
Ad Folic Tab. 30's,2024,10,28284,10945462.9530023
Azliv Tab. 250mg CP 6's,2024,10,0,-4.70670000000001
Erlina Plus XR Tab. 5/2.5/1000mg 14's,2024,10,781,184265.312
Byvas Tab. 10mg 14's,2024,10,3703,1485086.6965
Avsar Plus Tab. 320/10/25mg 28's,2024,10,3172,1789324.848
Inosita Plus TABS 50+1000MG 14`S,2024,10,-2,-656.88
Evopride Plus Tab. 1/500mg 30's,2024,10,16059,4310775.58410062
Telsarta-A Tab. 10/80mg 10's,2024,10,8360,3040795.3548
Omron BPM M3 Comfort,2024,10,94,1544308.763
Evopride Tab. 3mg 30's,2024,10,4374,2666657.645
Treatan Tab. 8mg 14's,2024,10,11409,4602071.74600017
Anplag Tab. 60mg 14's,2024,10,2100,1474415.95
Fasteso Tab. 20mg 14's,2024,10,2643,587096.926099994
Inosita Plus Tab. 50/500mg 28's,2024,10,62701,64335297.8501117
SPEDICAM TABS 8MG 10`S,2024,10,-1,-127.08
Supercran Sac. 10's,2024,10,3878,1244775.3054
Paridopa Tab. 75/18.75/200mg 14's,2024,10,83,34008.5
Erli Plus XR Tab. 25/1000mg 14's,2024,10,9025,6146728.17499968
Dapwiz Plus XR Tab. 5/500mg 14's,2024,10,2217,970618.14499999
Eglaro Tab. 5mg 14's,2024,10,7,794.106799999991
Avsar Plus Tab. 160/5/12.5mg 28's,2024,10,42966,18296322.0392038
Erlina Plus XR Tab. 25/5/1000mg 14's,2024,10,477,131800.949
X-Plended EZ Tab. 10/10mg 10's,2024,10,32397,12051137.71
X-Plended Tab. 20mg 10's,2024,10,111324,62875585.4133
Telsarta-D Tab. 80/12.5mg 14's,2024,10,4901,3027049.92
Avsar Tab. 160/5mg 14's,2024,10,62414,30959631.0410042
Galvecta Plus Tab. 50/850mg 14's,2024,10,7032,3567121.8798
Ramipace Tab. 5mg 28's,2024,10,17399,12616065.0498007
Omron ETB Eco Temp Basic,2024,10,290,425239.8506
Stevo Tab. 15mg 100's,2024,10,431,157626.6112
Vible Tab. 30's,2024,10,7713,5532202.73949979
Omron Nebulizer NE-C101-E Essential,2024,10,301,3573799.6325
Tansin DS Tab. 100mg 10's,2024,10,1695,524454.4829
EvoCheck Pulse Oximeter,2024,10,225,661600
Telsarta Tab. 20mg 10's,2024,10,8965,1669207.6244
Kalsob Tab. 30's,2024,10,45712,28402288.7224955
Avsar Plus Tab. 160/5/25mg 28's,2024,10,2936,1242953.07520001
Ad-D Chewable Tab. 10000IU 8's,2024,10,1357,229371.014399999
IBANDRO TABS 150MG,2024,10,-3,-1338.75
Busonide Cap. 200/6 mcg 30's,2024,10,5099,1800658.06250004
Tiocap Cap. 18mcg 6's,2024,10,16706,2124243.925
Finno-Q Sac. 3g 10's,2024,10,4382,2204058.24999999
REKLAIM SACHET 30's,2024,10,-48,-23936.12
Evokalm Tab. 100mg 10's,2024,10,10673,4359350.23060005
Avsar Plus Tab. 160/10/25mg 28's,2024,10,9345,4226319.90989987
Dapwiz Plus XR Tab. 10/500mg 14's,2024,10,933,443395.785
Klevra Tab. 500mg 30's,2024,10,2737,4394328.42239993
Xcept Tab. 2.5mg 10's,2024,10,17578,5199219.27649999
Dapwiz Tab. 5mg 10's,2024,10,8783,1852502.648
X-Plended Tab. 5mg 10's,2024,10,57618,13325361.6275017
Fasteso Tab. 40mg 14's,2024,10,4589,1806162.03519999
Onita Sac. 2g 7's,2024,10,11552,13617357.425
Inosita Tab. 25mg 10's,2024,10,1241,355548.845999999
Treatan Tab. 16mg 28's,2024,10,2309,2395447.5397
Klevra Soln. 500mg/5mL 60mL,2024,10,3390,1855290.13399998
"Opt-D Inj. 200,000 IU 1's",2024,10,62610,8908938.10630019
Zilero Tab. 2.5mg 30’s,2024,10,622,473526.7839
Aircare DPI Device 1's,2024,10,117,50886.966
X-Plended Tab. 10mg 10's,2024,10,211545,85091245.2490249
BD PEN NEEDLE 31GA 8MM (320109),2024,10,7639,173903.865
Duzalta Cap. 30mg 14's,2024,10,17328,10350072.1292
Erli Plus Tab. 12.5/850mg 14's,2024,10,5340,1924783.18
Galvecta Tab. 50mg 10's,2024,10,1827,615568.9522
Eglaro-S Tab. 5/100mg 14's,2024,10,4088,2336969.226
Evokalm Tab. 200mg 10's,2024,10,868,402159.500700002
Zilfom Tab. 400mg 5's,2024,10,3486,1552369.2375
Aircare Plus DPI Device 1's,2024,10,6359,2382572.44059998
Inosita Tab. 100mg 28's,2024,10,2981,4642607.605
Evopride Tab. 4mg 30's,2024,10,9306,8752999.095
Xilica Cap. 100mg 14's,2024,10,2777,1400147.15349998
Galvecta Plus Tab. 50/500mg 14's,2024,10,4703,2310358.538
Inosita Plus Tab. 50/1000mg 28's,2024,10,23270,24517308.1261999
K-1000 Tab. 30's,2024,10,28902,18015937.5344002
Erli Plus Tab. 12.5/1000mg 14's,2024,10,6634,2388544.6145
Erli Plus Tab. 12.5/500mg 14's,2024,10,14366,5177493.084
Tansin Tab. 50mg 10's,2024,10,22815,4429161.17700015
Actnise Crm. 50gm 1's,2024,10,12424,4046099.59840007
Inosita Tab. 50mg 28's,2024,10,12511,12296498.0374991
Telsarta-A Tab. 5/80mg 14's,2024,10,8394,4519655.41800014
Byvas Tab. 5mg 14's,2024,10,50683,16617780.2651986
Arbi-A Tab. 100/10mg 10's,2024,10,1508,467658.217999996
Paridopa Tab. 150/37.5/200mg 30's,2024,10,244,340289.4675
EvoCheck Infrared Thermometer,2024,10,26,124444.5195
Redexa Cap. 30mg 30's,2024,10,2193,1068283.6975
Agoviz Tab. 25mg 14's,2024,10,5930,4197636.33370008
Paridopa Tab. 50/12.5/200mg 30's,2024,10,930,964775.839999997
Evofix Cap. 400mg 10's,2024,10,4480,3057333.38
Aireez Tab. 5mg 30's,2024,10,996,398060.27
Stevo Sac. 1gm 50's,2024,10,930,391527
Evo Joshanda Sac. 30's,2024,10,3798,1748552.343
Evokalm XR Tab. 300mg 10's,2024,10,1937,1172406.989
Xcept Tab. 15mg 14's,2024,10,17483,12185186.485
Erli Tab. 25mg 14's,2024,10,11157,5548613.66149966
Erlina Tab. 10/5mg 14's,2024,10,18126,8800342.02600044
Telsarta Tab. 80mg 10's,2024,10,3984,1513302.8533
Omron BPM Evolv HEM-7600T-E,2024,10,54,2104810.0806
AXIFER IV 100MG 5AM,2024,10,-3,-3187.5
Omron BPM M1 Basic,2024,10,2236,16605023.282
Xcept Tab. 10mg 10's,2024,10,39305,17745741.3668
"Opt-D Cap. 200,000IU 1's",2024,10,83227,24835631.8393968
Erlina Plus XR Tab. 12.5/2.5/1000mg 14's,2024,10,1457,343214.9209
Lowplat Tab. 75mg 10's,2024,10,340505,80346806.4444916
Erli Plus Tab. 5/850mg 14's,2024,10,683,123632.5
Evokalm XR Tab. 200mg 10's,2024,10,1421,779866.9216
UriTreat Cap. 0.4mg 20's,2024,10,2247,1897812
Evokalm Tab. 25mg 10's,2024,10,20950,3944563.71499983
Erli Plus XR Tab. 5/1000mg 14's,2024,10,2150,798482.826
EvoCheck Go BGM Test Strip 50's,2024,10,7480,10394901.7199993
Arbi-A Tab. 100/5mg 10's,2024,10,2963,804387.434999989
Oxivort Tab. 20mg 14's,2024,10,235,126338.73
Voxamine Tab. 50mg 10's,2024,10,9097,2803342.37940008
Arbi Tab. 150mg 10's,2024,10,8344,2644750.061
Phytus Syp. 120ML,2024,10,2940,996773.713299997
Sparliv Tab. 30's,2024,10,5551,4372389.10020017
Arbi-D Tab. 300/25mg 14's,2024,10,1000,761254.1561
Zoltar Inj. 40mg 1's,2024,10,27339,5005233.88400001
Avsar Tab. 160/10mg 14's,2024,10,61567,37004218.6886
Dapwiz Tab. 10mg 10's,2024,10,17506,5610478.5432
Ferfer Gro Sac. 30's,2024,10,8115,3398144.71529988
Sacvin Tab. 100mg 30's,2024,10,3980,7694091.2037002
Zoltar Cap. 20mg 14's,2024,10,6387,1951931.00760004
Paridopa Tab. 125/31.25/200mg 30's,2024,10,79,105113.125
Duzalta Cap. 20mg 14's,2024,10,11498,6433105.52950037
Zoltar Cap. 40mg 14's,2024,10,4982,1637921.48509996
Azliv Tab. 500mg CP 6's,2024,10,-2,-467.5
Erlina Plus XR Tab. 10/5/1000mg 14's,2024,10,2115,599144.769999993
Paridopa Tab. 200/50/200mg 30's,2024,10,1587,3161740.75
"Opt-D Cap. 25,000IU 4's",2024,10,3861,756466.441000003
Ad Folic OD Tab. 600mcg 30's,2024,10,38333,19996329.6441995
Dapwiz Plus XR Tab. 5/1000mg 14's,2024,10,865,301270.056000001
Gouric Tab. 80mg 20's,2024,10,27658,23586890.112
EvoCheck GM700S BGM Meter Kit,2024,10,1412,4162941.526
Zibes Tab. 2.5mg 14's,2024,10,17110,944635.929200019
Inosita Plus XR Tab. 50/1000mg 14's,2024,10,13283,8292378.34249999
Evopride Tab. 1mg 30's,2024,10,4292,977163.14600005
Xilica Cap. 75mg 14's,2024,10,15640,7040638.34900046
FREEDEP TABS F.C. 0050MG X 30,2024,10,-1,-229.5
EvoCheck GS700 BGM Test Strips 50's,2024,10,7207,14814696.9699997
Byvas Tab. 2.5mg 14's,2024,10,42670,9218997.08417998
Xilica Cap. 50mg 14's,2024,10,12658,4592545.58019991
Azliv Tab. 250mg CP 6's,2024,11,-68,-10644.986
Xilica Cap. 150mg 14's,2024,11,1270,737224.747500003
Ad-D Chewable Tab. 2000IU 30's,2024,11,1115,421262.265599998
Arbi-D Tab. 150/12.5mg 10's,2024,11,11716,4446642.6594
Finno-Q Sac. 3g 10's,2024,11,4905,2464624.26449998
BD SYRINGE - BAG 1CC 30GA 8MM 10 (328838),2024,11,1617720,55082061.0191
Tiocap Cap. 18mcg 6's,2024,11,16391,2084291.8085
NEBULIZERS Comp C802,2024,11,14,41337.072
Sacvin Tab. 50mg 30's,2024,11,23527,30816754.9156049
BD PEN NEEDLE 4MM 100’S,2024,11,82075,1819200.344
Treatan-D Tab. 16/12.5mg 28's,2024,11,1503,1259615.5013
Erli Plus Tab. 5/500mg 14's,2024,11,2562,738382.704
Zibes Tab. 5mg 20's,2024,11,20883,4218411.4659
X-Plended Tab. 10mg 10's,2024,11,203600,81956741.9980191
Evopride Plus Tab. 1/500mg 30's,2024,11,14616,3921373.27250041
Duzalta Cap. 30mg 14's,2024,11,16776,10052674.7165
Revolic Tab. 30's,2024,11,2045,1107986.236
BD PEN NEEDLE 31GA 8MM (320109),2024,11,8048,182331.993
Avsar Tab. 160/5mg 14's,2024,11,60824,30163850.2715027
Nise Tab. 100mg 20's,2024,11,272211,70561110.0528206
Actnise Crm. 50gm 1's,2024,11,12604,4142694.8813001
X-Plended Tab. 20mg 10's,2024,11,105686,59698144.533
Klevra XR Tab. 500mg 10's,2024,11,844,477912.5408
Tansin Tab. 50mg 10's,2024,11,22989,4458504.84920011
Dipof Cap. 6/25mg 20's,2024,11,2554,834000.359300015
Dipof Cap. 3/25mg 20's,2024,11,6300,1228945.22679999
Tansin DS Tab. 100mg 10's,2024,11,1894,582963.7748
Anplag Tab. 60mg 14's,2024,11,1762,1241749.87
Klevra Tab. 500mg 30's,2024,11,2661,4280927.22959994
Arbi-A Tab. 100/10mg 10's,2024,11,1589,491760.891999995
Omron BPM M3 Comfort,2024,11,49,777131.7448
Erlina Tab. 25/5mg 14's,2024,11,14708,10087601.4400002
Eglaro-S Tab. 5/100mg 14's,2024,11,3418,1954534.642
Galvecta Tab. 50mg 10's,2024,11,1589,537852.1977
Telsarta-A Tab. 10/80mg 10's,2024,11,8212,2985650.8652
Zilero Tab. 5mg 30’s,2024,11,538,474145.7658
Omron Weigh Scale BF-508,2024,11,1,18895.8
"Opt-D Inj. 200,000 IU 1's",2024,11,54832,7797672.14620015
Inosita Plus Tab. 50/1000mg 28's,2024,11,25784,26845835.8619999
Treatan Tab. 16mg 28's,2024,11,2229,2312017.0292
Ad Folic Tab. 30's,2024,11,25221,9757599.83460151
Aircare DPI Device 1's,2024,11,71,30883.515
Thewril Cap. 4mg 20's,2024,11,6616,3748738.9386
Erli Plus XR Tab. 12.5/1000mg 14's,2024,11,14473,6930211.7737998
Supercran Sac. 10's,2024,11,2663,833975.218800002
Inosita Plus XR Tab. 50/500mg 14's,2024,11,32529,18836097.5603991
Inosita Tab. 100mg 28's,2024,11,2587,4029012.325
Galvecta Plus Tab. 50/500mg 14's,2024,11,3984,1954393.2175
Aircare Plus DPI Device 1's,2024,11,2028,802450.437199999
Gouric Tab. 40mg 20's,2024,11,100471,54242978.127
Ramipace Tab. 1.25mg 28's,2024,11,9656,3507454.13610012
Galvecta Plus Tab. 50/1000mg 14's,2024,11,3137,1615769.2024
Neo Q 10 Cap. 100mg 20's,2024,11,3266,3624044.54409997
Evofix Susp. 100mg/5mL 60ML,2024,11,327,83301.4705
NEBULIZERS NE-U100-E MICROAIR 1'S,2024,11,-2,-31179.488
Avsar Plus Tab. 160/5/25mg 28's,2024,11,3322,1403298.82709998
IBANDRO TABS 150MG,2024,11,-2,-892.5
Zibes Tab. 10mg 20's,2024,11,1287,481848.173699999
Duzalta Cap. 60mg 10's,2024,11,3984,2288133.23050003
Evokalm Tab. 100mg 10's,2024,11,11213,4571069.99190005
Ad-D Chewable Tab. 10000IU 8's,2024,11,1255,211938.559999999
Avsar Plus Tab. 160/10/25mg 28's,2024,11,8681,3929540.16569993
Ferfer Sac. 30's,2024,11,22157,16643063.6249996
Avsar Plus Tab. 160/5/12.5mg 28's,2024,11,40910,17424579.4240035
Oxivort Tab. 10mg 14's,2024,11,1191,404723.215
Erli Plus Tab. 12.5/500mg 14's,2024,11,12844,4629464.373
Zilero Tab. 2.5mg 30’s,2024,11,804,607984.6527
Busonide Cap. 200/6 mcg 30's,2024,11,4939,1746885.10750003
Erli Plus XR Tab. 10/1000mg 14's,2024,11,2311,1050936.458
Stevo Sac. 1gm 50's,2024,11,1048,456291
Erli Plus XR Tab. 5/1000mg 14's,2024,11,1611,597485.434
Estar Tab. 20mg 14's,2024,11,6253,3403626.995
Evopride Tab. 2mg 30's,2024,11,11523,5026625.46769977
Eglaro Tab. 15mg 14's,2024,11,373,165003.802
Ivadin Tab. 5mg 14's,2024,11,477,169764.975
Erlina Tab. 10/5mg 14's,2024,11,17099,8299719.97400023
Estar Tab. 10mg 14's,2024,11,71345,29805635.0814
Evokalm XR Tab. 200mg 10's,2024,11,1596,874345.9686
X-Plended EZ Tab. 20/10mg 10's,2024,11,6572,3759948.98619995
NEBULIZERS Comp N-C801 KD,2024,11,3,16371.2702
Paridopa Tab. 100/25/200mg 30's,2024,11,2272,3483009.9375
Telsarta-A Tab. 10/40mg 10's,2024,11,6707,2157017.819
Treatan Tab. 4mg 14's,2024,11,15760,5318117.10749999
Inosita Plus XR Tab. 100/1000mg 14's,2024,11,8348,5713358.30600023
"Opt-D Cap. 100,000IU 2's",2024,11,2999,766268.644399998
Inosita Plus TABS 50+1000MG 14`S,2024,11,-1,-328.44
Agoviz Tab. 25mg 14's,2024,11,5625,3976623.38230004
Busonide Cap. 400/12 mcg 30's,2024,11,25852,11320878.8499999
Erli Tab. 10mg 14's,2024,11,27965,10569399.0817001
Omron BPM Evolv HEM-7600T-E,2024,11,38,1439347.4709
Sacvin Tab. 200mg 30's,2024,11,413,946621.2
Dapwiz Plus XR Tab. 10/1000mg 14's,2024,11,2198,1094118.96300001
Klevra Tab. 250mg 30's,2024,11,1605,1571118.78079998
Xcept Tab. 15mg 14's,2024,11,15618,10883788.9095
Gouric Tab. 80mg 20's,2024,11,23528,20069319.399
Xilica Cap. 25mg 14's,2024,11,4002,965656.6886
Histalis Tab. 10mg 10's,2024,11,10514,1601231.7065
Aireez Tab. 5mg 30's,2024,11,1551,616552.26
Xilica Cap. 50mg 14's,2024,11,11518,4176913.68329986
Paridopa Tab. 200/50/200mg 30's,2024,11,951,1898211.945
Voxamine Tab. 100mg 10's,2024,11,8050,4934993.74099997
Ivadin Tab. 7.5mg 14's,2024,11,1343,474426.65
Inosita TABS 100MG 14`S,2024,11,5,2463.3
EvoCheck GM700S BGM Meter Kit,2024,11,1742,4527829.28
Orslim Cap. 120mg 30's,2024,11,29484,64045755.9375
Avsar Tab. 160/10mg 14's,2024,11,61322,36848523.2938
EvoCheck Go BGM Meter Kit,2024,11,4524,7328244.4
BD SYRINGE - BAG 1ML 31G 6MM,2024,11,309335,11885695.5152
Treatan Tab. 8mg 14's,2024,11,11367,4582020.73440014
Ferfer Gro Sac. 30's,2024,11,4301,1802942.0094
"Opt-D Cap. 25,000IU 4's",2024,11,4108,805988.467200003
Arbi-D Tab. 300/25mg 14's,2024,11,940,713738.7166
Duzalta Cap. 20mg 14's,2024,11,10698,5982097.95700032
"Opt-D Cap. 200,000IU 1's",2024,11,97458,28870600.2787965
Lowplat Plus Tab. 75/75mg 10's,2024,11,415948,104879868.542428
Diu Tansin Tab. 50/12.5mg 10's,2024,11,7546,1755379.5173
Erli Plus Tab. 5/1000mg 14's,2024,11,948,171149.199999999
Eglaro-S Tab. 15/100mg 14's,2024,11,10770,7197418.666
Xcept Tab. 20mg 14's,2024,11,14558,12005536.4685009
Eglaro Tab. 5mg 14's,2024,11,341,119672.7592
EvoCheck Go BGM Test Strip 50's,2024,11,6650,9238856.01999994
Femova Sac. 10's,2024,11,13229,14195860.0476992
Omron BPM M1 Basic Limited Edition (DH),2024,11,2673,16989400.89
BD PEN NEEDLE 31GA 5MM (320119),2024,11,28746,651157.9733
Erlina Plus XR Tab. 5/2.5/1000mg 14's,2024,11,912,215292.42
Retzole Tab. 2.5mg 10's,2024,11,2396,4242801.35
Zoltar Cap. 40mg 14's,2024,11,5217,1715434.16789998
Ramipace Tab. 2.5mg 28's,2024,11,30519,16608651.2370027
Aireez Sac. 4mg 14's,2024,11,5225,1654649.729
Erli Tab. 25mg 14's,2024,11,10789,5355406.6739997
Arbi-D Tab. 300/12.5mg 10's,2024,11,6653,3765175.9477
Inosita Plus Tab. 50/850mg 28's,2024,11,13765,14483841.1915
Omron BPM M1 Basic,2024,11,780,5750152.32299999
Omron BPM M7 Intelli IT,2024,11,44,1018585.008
Anplag Tab. 90mg 20's,2024,11,17278,24691337.037
UriTreat Cap. 0.4mg 20's,2024,11,2282,1926950
EvoCheck Infrared Thermometer,2024,11,18,83760.7225
Dapwiz Plus XR Tab. 10/500mg 14's,2024,11,1428,676691.715
Avsar Plus Tab. 160/10/12.5mg 28's,2024,11,39938,18437669.6543065
Erlina Plus XR Tab. 12.5/2.5/1000mg 14's,2024,11,1827,432116.846
Estar Tab. 5mg 14's,2024,11,45979,13119627.252298
Klevra Soln. 500mg/5mL 60mL,2024,11,2768,1511426.50259998
Evofix Cap. 400mg 10's,2024,11,4260,2913229.65
Redexa Cap. 60mg 30's,2024,11,2419,1834970.65
Byvas Tab. 2.5mg 14's,2024,11,41524,8961940.39747998
Evofix Susp. 100mg/5mL 30ML,2024,11,833,193933.8325
Ramipace Tab. 5mg 28's,2024,11,16384,11872501.2684007
Paridopa Tab. 50/12.5/200mg 30's,2024,11,952,985500.709999996
Telsarta Tab. 40mg 10's,2024,11,17369,4846139.68
Stevo Tab. 15mg 200's,2024,11,1217,587582.785200002
Sparliv Tab. 30's,2024,11,5476,4308328.05380017
Inosita Plus XR Tab. 50/1000mg 14's,2024,11,12445,7771472.2079
Omron Nebulizer NE-C101-E Essential,2024,11,130,1418735.0271
Histalis Tab. 20mg 10's,2024,11,2152,620961.72
Avsar Tab. 80/5mg 14's,2024,11,178941,69959055.7995123
Telsarta-A Tab. 5/40mg 14's,2024,11,24744,10262404.4456
Evokalm XR Tab. 300mg 10's,2024,11,1943,1174375.436
Erlina Plus XR Tab. 10/5/1000mg 14's,2024,11,2765,784948.649999994
Evofix DS Susp. 200mg/5mL 30ML,2024,11,540,140918.8395
Arbi Tab. 300mg 10's,2024,11,3323,1402252.2602
Actiflor Sac. 250mg 10's,2024,11,4393,2784322.004
Evokalm Tab. 200mg 10's,2024,11,829,384617.799100001
Omron ETB Eco Temp Basic,2024,11,246,352223.2686
Erli Plus Tab. 12.5/1000mg 14's,2024,11,6570,2366400.0795
K-1000 Tab. 30's,2024,11,27858,17370402.6990002
Telsarta-D Tab. 80/12.5mg 14's,2024,11,2596,1603321
Telsarta Tab. 80mg 10's,2024,11,3933,1495578.1386
EvoCheck BPM68,2024,11,-38,-199192.32
Telsarta-A Tab. 5/80mg 14's,2024,11,8240,4435256.01760016
EvoCheck GS700 BGM Test Strips 50's,2024,11,7032,14395280.5999999
Inosita Tab. 50mg 28's,2024,11,10322,10210149.3624995
Byvas Tab. 5mg 14's,2024,11,49907,16355625.2901989
Oxivort Tab. 20mg 14's,2024,11,119,65148.5475
Xcept Tab. 10mg 10's,2024,11,35927,16231521.018
EvoCheck Weighing Scale (White),2024,11,445,1025451.9564
Inosita Tab. 25mg 10's,2024,11,1198,342698.953999998
Onita Sac. 2g 7's,2024,11,11433,13486317.6
Voxamine Tab. 50mg 10's,2024,11,8171,2515447.54930004
Erli Plus Tab. 5/850mg 14's,2024,11,604,109371.2
Inosita Plus TABS 50/850MG 14'S,2024,11,-1,-321.6
Fasteso Tab. 40mg 14's,2024,11,4646,1828443.24159998
Evopride Tab. 1mg 30's,2024,11,4198,954885.88690004
Aireez Tab. 10mg 30's,2024,11,23448,14892797.4054
EvoCheck Weighing Scale (Black),2024,11,277,723218.958
Zoltar Cap. 20mg 14's,2024,11,6211,1900047.24840003
Anex-M Tab. 85/500mg 2's,2024,11,704,233955.53
Ramipace Tab. 10mg 28's,2024,11,2466,2407441.59800001
X-Plended Tab. 5mg 10's,2024,11,54171,12521414.3775012
SheVit Tab. 30's,2024,11,17399,8610156.64079994
Vible Tab. 30's,2024,11,6481,4645573.66699989
Omron ETB GENTLE TEMP 720,2024,11,-2,-16191.456
Galvecta Plus Tab. 50/850mg 14's,2024,11,6491,3291639.735
Erli Plus Tab. 12.5/850mg 14's,2024,11,5020,1807740.05
Xilica Cap. 100mg 14's,2024,11,1872,945452.638499999
Redexa Cap. 30mg 30's,2024,11,2155,1050859.8875
Dapwiz Plus XR Tab. 5/1000mg 14's,2024,11,1041,361553.484000002
Arbi-A Tab. 100/5mg 10's,2024,11,3109,842424.497499989
Phytus Syp. 120ML,2024,11,6410,2437481.99420003
Itipso Tab. 50mg 10's,2024,11,9925,1849349.59
Azliv Tab. 500mg CP 6's,2024,11,-6,-1332.375
Lowplat Plus Tab. 75/150mg 10's,2024,11,3738,948796.982999994
Evopride Plus Tab. 2/500mg 30's,2024,11,39885,19612357.8827984
Dapwiz Tab. 5mg 10's,2024,11,7420,1565119.224
Avsar Plus Tab. 320/10/25mg 28's,2024,11,3491,1964035.262
Stevo Tab. 15mg 100's,2024,11,2120,738611.775600006
Arbi Tab. 150mg 10's,2024,11,7965,2524213.9748
EvoCheck Pulse Oximeter,2024,11,7,19800
Ad Folic OD Tab. 600mcg 30's,2024,11,37498,19551457.930799
Zilfom Tab. 400mg 5's,2024,11,3570,1589407.1375
Erlina Plus XR Tab. 25/5/1000mg 14's,2024,11,2975,843321.702999991
Telsarta-D Tab. 40/12.5mg 14's,2024,11,8835,3662424.14
Evopride Tab. 3mg 30's,2024,11,4258,2595972.93
Evopride Tab. 4mg 30's,2024,11,8610,8091614.916
Byvas Tab. 10mg 14's,2024,11,3827,1537339.5545
Sacvin Tab. 100mg 30's,2024,11,3743,7233903.74570013
Paridopa Tab. 150/37.5/200mg 30's,2024,11,381,533859.5
"Omron Weigh Scale HN-289 ",2024,11,49,283012.6935
X-Plended EZ Tab. 10/10mg 10's,2024,11,26575,9877787.775
Fasteso Tab. 20mg 14's,2024,11,3129,693977.063399995
Telsarta Tab. 20mg 10's,2024,11,8260,1537655.4148
Evo Joshanda Sac. 30's,2024,11,1364,621356.595500002
X-Plended EZ Tab. 5/10mg 10's,2024,11,8224,2011918.295
NEBULIZERS Comp C 803,2024,11,1,6510.7664
Zoltar Inj. 40mg 1's,2024,11,22770,4399929.6994
Dapwiz Plus XR Tab. 5/500mg 14's,2024,11,3373,1473249.325
Xcept Tab. 2.5mg 10's,2024,11,16240,4802594.22249999
Kalsob Tab. 30's,2024,11,42523,26428874.1372963
Tiocap Cap. 18mcg 30's,2024,11,1944,1231401.375
AXIFER IV 100MG 5AM,2024,11,-1,-1009.375
Zibes Tab. 2.5mg 14's,2024,11,19081,1053634.31840001
Xilica Cap. 75mg 14's,2024,11,13979,6298538.7680003
Dapwiz Tab. 10mg 10's,2024,11,17556,5642441.2955
Lowplat Tab. 75mg 10's,2024,11,337105,79448288.8292948
Evokalm Tab. 25mg 10's,2024,11,20418,3838668.27199987
Erli Plus XR Tab. 25/1000mg 14's,2024,11,8205,5573831.10999975
Paridopa Tab. 125/31.25/200mg 30's,2024,11,92,124795.9375
Paridopa Tab. 75/18.75/200mg 14's,2024,11,63,25861.25
Omron BPM Wrist RS1,2024,11,1349,5793585.54849995
Inosita Plus Tab. 50/500mg 28's,2024,11,54884,56532989.961407
REKLAIM SACHET 30's,2024,11,-91,-45566.352
Duzalta Cap. 30mg 14's,2024,12,15724,9428247.99700021
Telsarta-A Tab. 10/80mg 10's,2024,12,9099,3306952.4924
Byvas Tab. 2.5mg 14's,2024,12,44609,9628703.52933999
Aircare DPI Device 1's,2024,12,99,43045.125
Evopride Plus Tab. 1/500mg 30's,2024,12,7759,2082462.43949995
Inosita Tab. 100mg 28's,2024,12,2742,4260870.0975
Erlina Plus XR Tab. 10/5/1000mg 14's,2024,12,2923,830453.994999991
Inosita Tab. 50mg 28's,2024,12,9626,9560809.44499937
Inosita Plus Tab. 50/1000mg 28's,2024,12,20676,21929317.0756999
Paridopa Tab. 200/50/200mg 30's,2024,12,1712,3405257.25
Xilica Cap. 50mg 14's,2024,12,11640,4216777.35899984
K-1000 Tab. 30's,2024,12,27321,17038388.4183001
Erli Plus Tab. 12.5/1000mg 14's,2024,12,5302,1907171.923
Supercran Sac. 10's,2024,12,2194,673124.723900001
EvoCheck GS700 BGM Test Strips 50's,2024,12,6840,13865020.1799999
EvoCheck GM700S BGM Meter Kit,2024,12,1071,3186908.13
Avsar Tab. 160/5mg 14's,2024,12,64168,31813168.5240049
Diu Tansin Tab. 50/12.5mg 10's,2024,12,8086,1881324.2901
Anplag Tab. 60mg 14's,2024,12,2062,1449342.65
Aireez Tab. 5mg 30's,2024,12,1541,613064.2
Arbi-A Tab. 100/10mg 10's,2024,12,1758,545346.397999996
Klevra XR Tab. 500mg 10's,2024,12,652,365514.824
Stevo Sac. 1gm 50's,2024,12,1080,452853
Fasteso Tab. 40mg 14's,2024,12,4780,1883656.08639999
BD SYRINGE - BAG 1CC 30GA 8MM 10 (328838),2024,12,2213960,74550657.698699
Estar Tab. 10mg 14's,2024,12,71295,29794746.7272
X-Plended Tab. 20mg 10's,2024,12,109779,62050054.3715
Eglaro Tab. 15mg 14's,2024,12,335,147859.54
Tansin Tab. 50mg 10's,2024,12,22632,4388896.14990017
Omron Nebulizer NE-C101-E Essential,2024,12,251,1992288.0818
Actnise Crm. 50gm 1's,2024,12,8075,2660186.28470005
Omron BPM Evolv HEM-7600T-E,2024,12,21,780711.8346
Inosita Tab. 25mg 10's,2024,12,1231,352418.873999999
Tiocap Cap. 18mcg 6's,2024,12,16498,2099633.433
Aircare Plus DPI Device 1's,2024,12,6218,2338238.6923
Evokalm XR Tab. 300mg 10's,2024,12,2042,1234419.81
Eglaro-S Tab. 5/100mg 14's,2024,12,2766,1581570.231
Inosita TABS 50MG 14`S,2024,12,-1,-301.07
Finno-Q Sac. 3g 10's,2024,12,5571,2797659.66380001
X-Plended Tab. 10mg 10's,2024,12,211278,85076669.1610265
Galvecta Plus Tab. 50/500mg 14's,2024,12,3942,1933096.1155
Dapwiz Plus XR Tab. 10/500mg 14's,2024,12,1501,711222.302
Evopride Tab. 1mg 30's,2024,12,3750,851970.100800038
Oxivort Tab. 20mg 14's,2024,12,232,126349.695
Erli Plus Tab. 12.5/500mg 14's,2024,12,15452,5569172.359
Avsar Plus Tab. 160/10/25mg 28's,2024,12,9374,4243892.63709987
Evokalm Tab. 100mg 10's,2024,12,10919,4475556.64940003
BD PEN NEEDLE 31GA 5MM (320119),2024,12,33208,751734.159
Evokalm Tab. 200mg 10's,2024,12,659,304108.0923
Oxivort Tab. 10mg 14's,2024,12,1013,345292.4375
Omron BPM M1 Basic,2024,12,242,1861346.1675
"Opt-D Cap. 100,000IU 2's",2024,12,2875,734783.259699997
Onita Sac. 2g 7's,2024,12,11764,13876979.725
Avsar Plus Tab. 160/5/12.5mg 28's,2024,12,43509,18533282.3193039
Byvas Tab. 5mg 14's,2024,12,54873,17979536.1969976
UriTreat Cap. 0.4mg 20's,2024,12,2088,1764052.6
"Opt-D Inj. 200,000 IU 1's",2024,12,38132,5419470.77420011
Avsar Plus Tab. 160/5/25mg 28's,2024,12,3304,1395777.93269999
Ferfer Sac. 30's,2024,12,19466,14628764.0001998
Klevra Tab. 500mg 30's,2024,12,3104,4989672.47519992
Telsarta Tab. 80mg 10's,2024,12,4158,1580581.86
Ramipace Tab. 5mg 28's,2024,12,16070,11639981.2300004
Klevra Tab. 250mg 30's,2024,12,1623,1580757.22979998
Zibes Tab. 10mg 20's,2024,12,1170,438051.577899998
Zoltar Cap. 40mg 14's,2024,12,4834,1591658.58539996
Femova Sac. 10's,2024,12,12597,13525555.7441993
Busonide Cap. 200/6 mcg 30's,2024,12,5461,1922844.79750004
Paridopa Tab. 150/37.5/200mg 30's,2024,12,423,590875.333
Xilica Cap. 100mg 14's,2024,12,388,197112.5349
Busonide Cap. 400/12 mcg 30's,2024,12,30210,13226791.8599996
Galvecta Tab. 50mg 10's,2024,12,1649,555777.8783
Arbi Tab. 150mg 10's,2024,12,7941,2516197.0159
FREEDEP TABS F.C. 0050MG X 30,2024,12,-1,-229.5
Avsar Tab. 160/10mg 14's,2024,12,64940,39013819.7865
Histalis Tab. 10mg 10's,2024,12,11795,1799797.47
Gouric Tab. 80mg 20's,2024,12,22702,19368626.074
Erlina Tab. 25/5mg 14's,2024,12,8678,5937901.86500016
Ferfer Gro Sac. 30's,2024,12,1276,534869.953200004
BD PEN NEEDLE 31GA 8MM (320109),2024,12,9295,208826.7584
Galvecta Plus Tab. 50/850mg 14's,2024,12,6202,3146310.7676
Sacvin Tab. 50mg 30's,2024,12,25733,33676882.8070059
Zibes Tab. 2.5mg 14's,2024,12,18058,996620.11960002
Evopride Tab. 2mg 30's,2024,12,11276,4931795.79589983
Omron BPM M1 Basic Limited Edition (DH),2024,12,2268,14415249.2399999
Treatan-D Tab. 16/12.5mg 28's,2024,12,1591,1331825.1818
Redexa Cap. 30mg 30's,2024,12,1773,864425.7325
Xcept Tab. 2.5mg 10's,2024,12,18017,5324830.23599999
Dapwiz Plus XR Tab. 5/1000mg 14's,2024,12,1082,375705.066000003
Xcept Tab. 15mg 14's,2024,12,14948,10406272.0475
Tansin DS Tab. 100mg 10's,2024,12,1478,456835.4579
Zoltar Cap. 20mg 14's,2024,12,6422,1963089.82740005
Erli Tab. 10mg 14's,2024,12,29007,10967037.1467999
"Opt-D Cap. 200,000IU 1's",2024,12,84817,25185757.329397
Stevo Tab. 15mg 100's,2024,12,1904,660107.543200001
"Opt-D Cap. 25,000IU 4's",2024,12,3770,737713.680600002
Evokalm XR Tab. 200mg 10's,2024,12,1578,865541.196
Erlina Tab. 10/5mg 14's,2024,12,17143,8319841.6840004
Xilica Cap. 75mg 14's,2024,12,13930,6280297.96500036
Erli Plus XR Tab. 5/1000mg 14's,2024,12,2149,798110.747
Vible Tab. 30's,2024,12,6149,4411127.4979999
REKLAIM SACHET 30's,2024,12,-62,-31004.168
Retzole Tab. 2.5mg 10's,2024,12,2579,4572693.15
EvoCheck Go BGM Test Strip 50's,2024,12,5138,7235578.61999993
Lowplat Tab. 75mg 10's,2024,12,341049,80371306.6809501
Ad-D Chewable Tab. 10000IU 8's,2024,12,1667,281436.464099999
Treatan Tab. 16mg 28's,2024,12,1920,1986391.558
IBANDRO TABS 150MG,2024,12,-2,-892.5
Duzalta Cap. 20mg 14's,2024,12,10957,6133061.96900033
Duzalta Cap. 60mg 10's,2024,12,3959,2274236.00250003
Zoltar Inj. 40mg 1's,2024,12,20108,3675668.9205
Arbi-D Tab. 300/25mg 14's,2024,12,948,721310.4217
Dapwiz Tab. 10mg 10's,2024,12,16818,5403384.8615
Agoviz Tab. 25mg 14's,2024,12,5503,3893502.08050006
Arbi-A Tab. 100/5mg 10's,2024,12,3186,864591.661499985
Xcept Tab. 20mg 14's,2024,12,14561,12000642.6424011
Sacvin Tab. 100mg 30's,2024,12,3940,7616028.41000022
MYOPRO 40MG 10'S,2024,12,-1,-339.15
Orslim Cap. 120mg 30's,2024,12,29448,63959584.375
Zilero Tab. 2.5mg 30’s,2024,12,875,665840.0845
AXIFER IV 100MG 5AM,2024,12,-25,-26562.5
Erli Plus XR Tab. 12.5/1000mg 14's,2024,12,15311,7325899.84749967
Paridopa Tab. 125/31.25/200mg 30's,2024,12,107,145031.2125
Evokalm Tab. 25mg 10's,2024,12,20982,3957609.78949983
Revolic Tab. 30's,2024,12,1597,864746.355200006
Evofix Susp. 100mg/5mL 30ML,2024,12,762,181516.65
Azliv Tab. 250mg CP 6's,2024,12,-169,-26224.5472
Stevo Tab. 15mg 200's,2024,12,665,321058.8966
Ad-D Chewable Tab. 2000IU 30's,2024,12,1111,419560.455699998
FREEDEP TABS F.C. 0100MG X 20,2024,12,-1,-255
Zilero Tab. 5mg 30’s,2024,12,548,484655.6667
X-Plended EZ Tab. 10/10mg 10's,2024,12,35128,13056665.205
Ad Folic OD Tab. 600mcg 30's,2024,12,37147,19362535.1724996
Inosita Plus TABS 50+500MG 14`S,2024,12,-1,-314.76
Arbi-D Tab. 150/12.5mg 10's,2024,12,12010,4565250.151
Dipof Cap. 6/25mg 20's,2024,12,2493,815374.400000015
Sparliv Tab. 30's,2024,12,4874,3846902.24860016
UFI Tab 10mg CP,2024,12,-2,-1020
Gouric Tab. 40mg 20's,2024,12,94532,51012067.9626
Evofix Susp. 100mg/5mL 60ML,2024,12,282,71717.271
Evopride Plus Tab. 2/500mg 30's,2024,12,39301,19331863.6434988
Paridopa Tab. 50/12.5/200mg 30's,2024,12,840,869417.144999997
Omron BPM M3 Comfort,2024,12,37,600957.9618
Erli Plus Tab. 5/500mg 14's,2024,12,2729,786669.776
Ramipace Tab. 1.25mg 28's,2024,12,9660,3503358.13110013
Evofix Cap. 400mg 10's,2024,12,3705,2539767.19
Erli Plus XR Tab. 25/1000mg 14's,2024,12,8347,5692040.96749974
Voxamine Tab. 50mg 10's,2024,12,8823,2715803.89090009
Dapwiz Plus XR Tab. 5/500mg 14's,2024,12,3348,1463539.18
Histalis Tab. 20mg 10's,2024,12,2467,712608.69
Inosita Plus XR Tab. 50/500mg 14's,2024,12,33362,19311691.0209993
Nise Tab. 100mg 20's,2024,12,250009,64813700.2315237
Telsarta Tab. 40mg 10's,2024,12,18632,5196393.2725
Dipof Cap. 3/25mg 20's,2024,12,6679,1299842.14359998
Inosita Plus XR Tab. 50/1000mg 14's,2024,12,13724,8552989.49699999
Zibes Tab. 5mg 20's,2024,12,22017,4446547.87049999
Erli Tab. 25mg 14's,2024,12,10890,5413738.33199967
Evo Joshanda Sac. 30's,2024,12,434,190803.0476
Estar Tab. 5mg 14's,2024,12,44197,12611060.212798
EvoCheck Weighing Scale (White),2024,12,299,701375.870400001
Actiflor Sac. 250mg 10's,2024,12,3891,2464071.0745
Galvecta Plus Tab. 50/1000mg 14's,2024,12,2987,1542709.7526
Azliv Tab. 500mg CP 6's,2024,12,-3,-701.25
Avsar Plus Tab. 160/10/12.5mg 28's,2024,12,42612,19685464.2879079
Xcept Tab. 10mg 10's,2024,12,34568,15622350.056
Erli Plus Tab. 5/850mg 14's,2024,12,691,124873.5
Inosita Plus Tab. 50/850mg 28's,2024,12,15156,15916250.697
BD PEN NEEDLE 4MM 100’S,2024,12,88742,1969067.756
Erlina Plus XR Tab. 12.5/2.5/1000mg 14's,2024,12,1669,394672.544
Xilica Cap. 150mg 14's,2024,12,1405,815838.533500004
EvoCheck Weighing Scale (Black),2024,12,184,477634.308800001
Aireez Sac. 4mg 14's,2024,12,5056,1599638.76599999
Aireez Tab. 10mg 30's,2024,12,24413,15500593.5468
EvoCheck Infrared Thermometer,2024,12,12,52136.7787
MYOPRO 10MG 10'S,2024,12,-1,-145.86
Phytus Syp. 120ML,2024,12,6371,2270476.84820002
Arbi Tab. 300mg 10's,2024,12,3379,1425188.3385
Omron BPM Wrist RS1,2024,12,60,273188.24
Paridopa TABS 100/25/200MG 10's,2024,12,-1,-280.5
NEBULIZERS Comp C 803,2024,12,-1,-5846.15
Neo Q 10 Cap. 100mg 20's,2024,12,3277,3644014.75759995
"Omron Weigh Scale HN-289 ",2024,12,31,174996.4975
Thewril Cap. 4mg 20's,2024,12,6228,3533674.4675
Ad Folic Tab. 30's,2024,12,25305,9792342.25010191
EvoCheck BPM68,2024,12,108,560512.242
Telsarta-D Tab. 40/12.5mg 14's,2024,12,9675,4014990.623
UFI Tab 5mg CP,2024,12,-1,-348.5
Estar Tab. 20mg 14's,2024,12,6661,3626122.1425
Ivadin Tab. 7.5mg 14's,2024,12,1092,387731.75
Telsarta-A Tab. 10/40mg 10's,2024,12,6795,2187793.0455
Itipso Tab. 50mg 10's,2024,12,8474,1578590.42
Inosita Plus XR Tab. 100/1000mg 14's,2024,12,8622,5891900.59723032
Inosita Plus TABS 50+1000MG 14`S,2024,12,-1,-328.44
Avsar Tab. 80/5mg 14's,2024,12,186816,73074262.8180214
Erlina Plus XR Tab. 25/5/1000mg 14's,2024,12,2966,841183.034999989
Treatan Tab. 8mg 14's,2024,12,12022,4845917.60630014
Sacvin Tab. 200mg 30's,2024,12,437,1003043.775
Telsarta-A Tab. 5/40mg 14's,2024,12,25411,10537134.5277
Evopride Tab. 4mg 30's,2024,12,8487,7974288.175
Telsarta-A Tab. 5/80mg 14's,2024,12,9310,5005371.47830004
Ivadin Tab. 5mg 14's,2024,12,-137,-48896.25
Ramipace Tab. 10mg 28's,2024,12,2385,2330460.78150002
Eglaro Tab. 5mg 14's,2024,12,320,111698.5648
Fasteso Tab. 20mg 14's,2024,12,2866,636855.325999995
Dapwiz Tab. 5mg 10's,2024,12,9383,1959590.036
Lowplat Plus Tab. 75/150mg 10's,2024,12,3624,916297.724999992
Tiocap Cap. 18mcg 30's,2024,12,3567,2257476.75
X-Plended EZ Tab. 20/10mg 10's,2024,12,14904,8528436.65799972
Erli Plus Tab. 12.5/850mg 14's,2024,12,5258,1894895.48
Zilfom Tab. 400mg 5's,2024,12,4129,1832974.2125
Xilica Cap. 25mg 14's,2024,12,3448,829202.274
Klevra Soln. 500mg/5mL 60mL,2024,12,4222,2309891.46779998
Dapwiz Plus XR Tab. 10/1000mg 14's,2024,12,2168,1079529.44400001
Lowplat Plus Tab. 75/75mg 10's,2024,12,431139,108799652.217631
Treatan Tab. 4mg 14's,2024,12,17530,5912615.89500005
Anplag Tab. 90mg 20's,2024,12,18701,26679109.93
Avsar Plus Tab. 320/10/25mg 28's,2024,12,3385,1907170.964
Paridopa Tab. 100/25/200mg 30's,2024,12,2387,3661815.3
Erli Plus XR Tab. 10/1000mg 14's,2024,12,4555,2072017.205
Omron BPM M7 Intelli IT,2024,12,49,1141985.832
X-Plended EZ Tab. 5/10mg 10's,2024,12,9182,2248883.8775
X-Plended Tab. 5mg 10's,2024,12,57559,13293876.3200018
Ramipace Tab. 2.5mg 28's,2024,12,29929,16275878.1630027
Anex-M Tab. 85/500mg 2's,2024,12,243,80884.9800000001
SheVit Tab. 30's,2024,12,16735,8279872.20700003
Aireez TABS CHWE 0004MG X 14,2024,12,-1,-142.8
Redexa Cap. 60mg 30's,2024,12,2363,1791969.83
Eglaro-S Tab. 15/100mg 14's,2024,12,10492,7016059.256
Paridopa Tab. 75/18.75/200mg 14's,2024,12,80,32788.75
Inosita Plus Tab. 50/500mg 28's,2024,12,60399,61819789.5034089
Arbi-D Tab. 300/12.5mg 10's,2024,12,7226,4090076.4228
Evopride Tab. 3mg 30's,2024,12,4470,2725701.375
Evofix DS Susp. 200mg/5mL 30ML,2024,12,379,98069.3195
Voxamine Tab. 100mg 10's,2024,12,8329,5120122.652
Inosita TABS 100MG 14`S,2024,12,0,0
Kalsob Tab. 30's,2024,12,40622,25253645.5944966
Telsarta-D Tab. 80/12.5mg 14's,2024,12,5902,3643480.392
Byvas Tab. 10mg 14's,2024,12,4398,1765883.24
Erli Plus Tab. 5/1000mg 14's,2024,12,904,163885.099999999
BD SYRINGE - BAG 1ML 31G 6MM,2024,12,149555,5702214.35350002
Omron ETB Eco Temp Basic,2024,12,157,229648.4372
Telsarta Tab. 20mg 10's,2024,12,9638,1790370.5992
EvoCheck Go BGM Meter Kit,2024,12,2377,4048339.24
Erlina Plus XR Tab. 5/2.5/1000mg 14's,2024,12,670,158677.218
Eglaro-S Tab. 15/100mg 14's,2025,1,10161,6800011.696
Oxivort Tab. 10mg 14's,2025,1,1295,441321.6175
BD SYRINGE - BAG 1CC 30GA 8MM 10 (328838),2025,1,1891860,63491505.7910024
EvoCheck Weighing Scale (Black),2025,1,73,184878.1316
Anex-M Tab. 85/500mg 2's,2025,1,4804,1588183.998
SheVit Tab. 30's,2025,1,16004,7923412.6482
Evopride Plus Tab. 2/500mg 30's,2025,1,39799,19582368.9164988
Sacvin Tab. 200mg 30's,2025,1,432,997159.65
Lowplat Plus Tab. 75/150mg 10's,2025,1,2925,740022.669
Arbi-D Tab. 150/12.5mg 10's,2025,1,12254,4655460.41
Erli Plus XR Tab. 10/1000mg 14's,2025,1,4207,1910810.778
Avsar Plus Tab. 320/10/25mg 28's,2025,1,4188,2358238.419
Neo Q 10 Cap. 100mg 20's,2025,1,3288,3650686.01299994
EvoCheck Go BGM Meter Kit,2025,1,3520,5809390.25
Xilica Cap. 25mg 14's,2025,1,3813,920587.737
Omron BPM M3 Comfort,2025,1,189,3054802.479
Dipof Cap. 3/25mg 20's,2025,1,7399,1441322.33419998
Paridopa Tab. 100/25/200mg 30's,2025,1,2345,3601900.5
Klevra XR Tab. 500mg 10's,2025,1,610,345037.304
Erlina Plus XR Tab. 25/5/1000mg 14's,2025,1,3377,958813.939999983
"Opt-D Cap. 100,000IU 2's",2025,1,2812,718722.1492
Anplag Tab. 60mg 14's,2025,1,1965,1385732.305
Klevra Tab. 250mg 30's,2025,1,1925,1877854.02719997
Ramipace Tab. 10mg 28's,2025,1,2646,2582438.042
Dapwiz Plus XR Tab. 10/1000mg 14's,2025,1,2275,1131688.57200001
Eglaro Tab. 15mg 14's,2025,1,390,171662.77
Paridopa Tab. 75/18.75/200mg 14's,2025,1,104,43056.75
Treatan Tab. 8mg 14's,2025,1,12229,4927264.84450012
Treatan Tab. 4mg 14's,2025,1,17265,5821849.50749996
Estar Tab. 10mg 14's,2025,1,74364,31063559.4408
Supercran Sac. 10's,2025,1,2266,693064.675800001
Inosita Plus XR Tab. 100/1000mg 14's,2025,1,8556,5870981.62000031
Fasteso Tab. 20mg 14's,2025,1,3731,829626.888899993
Inosita Plus Tab. 50/500mg 28's,2025,1,55965,57834761.4380085
Evopride Tab. 3mg 30's,2025,1,4201,2562541.92
Telsarta-D Tab. 40/12.5mg 14's,2025,1,9639,3999060.926
Itipso Tab. 50mg 10's,2025,1,10245,1910766
Forsonide Cap. 50/250 mcg 30's,2025,1,952,483021
Telsarta-A Tab. 10/80mg 10's,2025,1,9841,3575216.484
Evopride Plus Tab. 1/500mg 30's,2025,1,22195,5955465.66120123
X-Plended EZ Tab. 5/10mg 10's,2025,1,9178,2248509.0325
X-Plended EZ Tab. 10/10mg 10's,2025,1,34285,12741941.91
Erlina Plus XR Tab. 5/2.5/1000mg 14's,2025,1,658,155236.452
"Omron Weigh Scale HN-289 ",2025,1,49,281920.975
Femova Sac. 10's,2025,1,12317,13219745.0313992
Zibes Tab. 10mg 20's,2025,1,1510,562435.783599999
Inosita TABS 100MG 14`S,2025,1,-2,-985.32
Dapwiz Plus XR Tab. 5/500mg 14's,2025,1,3294,1441292.045
Byvas Tab. 10mg 14's,2025,1,4447,1783500.445
Omron BPM Wrist RS1,2025,1,77,375213.612
BD PEN NEEDLE 31GA 5MM (320119),2025,1,30890,695091.6394
Ferfer Sac. 30's,2025,1,20163,15146234.2176997
Erli Plus Tab. 5/1000mg 14's,2025,1,854,154446.376999999
Tiocap Cap. 18mcg 30's,2025,1,3550,2251458.75
Diu Tansin Tab. 50/12.5mg 10's,2025,1,8237,1915637.5448
Lowplat Plus Tab. 75/75mg 10's,2025,1,443881,112032586.306832
Kalsob Tab. 30's,2025,1,42597,26475341.0518958
Voxamine Tab. 100mg 10's,2025,1,8650,5297104.83699999
Eglaro Tab. 5mg 14's,2025,1,296,102789.6624
Avsar Plus Tab. 160/5/12.5mg 28's,2025,1,47274,20138034.1830046
Erli Plus XR Tab. 25/1000mg 14's,2025,1,9096,6201688.48399965
Xilica Cap. 150mg 14's,2025,1,1540,890964.242500004
Busonide Cap. 400/12 mcg 30's,2025,1,32151,14077347.9504994
Aireez Sac. 4mg 14's,2025,1,5491,1738043.10999999
Arbi-D Tab. 300/12.5mg 10's,2025,1,7473,4226767.528
Retzole Tab. 2.5mg 10's,2025,1,2721,4832434.45
Aireez Tab. 10mg 30's,2025,1,24119,15304043.586
Ramipace Tab. 2.5mg 28's,2025,1,32185,17495357.1318022
BD PEN NEEDLE 4MM 100’S,2025,1,85372,1887098.548
Erli Plus Tab. 5/850mg 14's,2025,1,758,137019.999999999
Estar Tab. 5mg 14's,2025,1,48445,13810404.2966979
Estar Tab. 20mg 14's,2025,1,7157,3886966.67
EvoCheck Weighing Scale (White),2025,1,142,318559.14
Omron BPM M7 Intelli IT,2025,1,120,2752625.928
Galvecta Plus Tab. 50/1000mg 14's,2025,1,3059,1577329.267
Inosita Plus Tab. 50/850mg 28's,2025,1,15872,16674299.499
Redexa Cap. 60mg 30's,2025,1,3036,2303625.8
Ad-D Chewable Tab. 2000IU 30's,2025,1,1128,425940.352199998
Avsar Plus Tab. 160/10/12.5mg 28's,2025,1,47743,22054939.4477097
Azliv Tab. 250mg CP 6's,2025,1,-15,-2353.35
BD SYRINGE - BAG 1ML 31G 6MM,2025,1,209755,8105394.84049997
Paridopa Tab. 50/12.5/200mg 30's,2025,1,905,939005.199999997
Telsarta Tab. 40mg 10's,2025,1,19835,5530323.21
Zibes Tab. 5mg 20's,2025,1,22992,4643044.61749999
Erli Plus XR Tab. 12.5/1000mg 14's,2025,1,15534,7432233.56499973
Inosita Plus XR Tab. 50/1000mg 14's,2025,1,13352,8345232.24999999
X-Plended EZ Tab. 20/10mg 10's,2025,1,11001,6305432.05399971
Evopride Tab. 2mg 30's,2025,1,11763,5149631.67879977
BONEDOL TABS 00.5Y  X 10,2025,1,-1,-127.5
Anplag Tab. 90mg 20's,2025,1,20780,29720058.4770001
Ivadin Tab. 5mg 14's,2025,1,-154,-54803.58
Nise Tab. 100mg 20's,2025,1,251774,65321991.7615271
NUVAL D TABS 160+25MG 14`S,2025,1,-1,-284.65
Histalis Tab. 20mg 10's,2025,1,3067,885362.8495
Treatan-D Tab. 16/12.5mg 28's,2025,1,1609,1349763.9314
Sacvin Tab. 50mg 30's,2025,1,28591,37442317.2335022
Evofix Susp. 100mg/5mL 60ML,2025,1,160,41050.9455
Sparliv Tab. 30's,2025,1,5268,4157305.98360016
Zilero Tab. 5mg 30’s,2025,1,555,492563.9313
MYOPRO 10MG 10'S,2025,1,-1,-145.86
Revolic Tab. 30's,2025,1,1884,1021720.83430001
Stevo Tab. 15mg 200's,2025,1,370,180248.1456
Telsarta-A Tab. 10/40mg 10's,2025,1,7615,2449014.7362
Actiflor Sac. 250mg 10's,2025,1,5419,3443959.875
Evofix Susp. 100mg/5mL 30ML,2025,1,831,198350.05
Avsar Tab. 80/5mg 14's,2025,1,202333,79163521.9200232
Telsarta-A Tab. 5/40mg 14's,2025,1,27320,11326860.4047
Gouric Tab. 40mg 20's,2025,1,94091,50801193.075
Erlina Tab. 25/5mg 14's,2025,1,22108,15162523.6349995
Ivadin Tab. 7.5mg 14's,2025,1,1430,506227.7
Inosita Plus XR Tab. 50/500mg 14's,2025,1,34172,19792062.1229991
Dipof Cap. 6/25mg 20's,2025,1,2728,889310.446400018
Erli Plus Tab. 5/500mg 14's,2025,1,2980,859523.111
Ramipace Tab. 1.25mg 28's,2025,1,10101,3660369.56440013
Orslim Cap. 120mg 30's,2025,1,29270,63598327.7
EvoCheck BPM68,2025,1,112,555267.6916
Ad Folic Tab. 30's,2025,1,27610,10687817.0614022
Evofix DS Susp. 200mg/5mL 30ML,2025,1,335,87877.794
Omron Weigh Scale BF-508,2025,1,3,56687.31
WINZITH TABS 250MG 6`S,2025,1,-1,-127.25
Thewril Cap. 4mg 20's,2025,1,7245,4105424.764
Omron BPM M1 Basic Limited Edition (DH),2025,1,3332,21172324.2983
Duzalta Cap. 60mg 10's,2025,1,3686,2118915.61040003
Arbi Tab. 300mg 10's,2025,1,3854,1625932.1408
Erli Plus XR Tab. 5/1000mg 14's,2025,1,2261,840147.565
Forsonide Cap. 50/500 mcg 30's,2025,1,1149,641840.1
Oxivort Tab. 20mg 14's,2025,1,99,54276.75
Arbi Tab. 150mg 10's,2025,1,8714,2755409.36
EvoCheck Infrared Thermometer,2025,1,23,101709.4738
MFIT CAPS 400MG 30'S,2025,1,-1,-1220.52
UriTreat Cap. 0.4mg 20's,2025,1,2317,1957091
EvoCheck Go BGM Test Strip 50's,2025,1,6440,8998155.61999959
"Opt-D Cap. 200,000IU 1's",2025,1,82341,24504158.731497
Erlina Plus XR Tab. 12.5/2.5/1000mg 14's,2025,1,1889,446777.408
Erlina Tab. 10/5mg 14's,2025,1,18691,9070348.50400046
Xcept Tab. 10mg 10's,2025,1,38488,17352499.352
Omron BPM M1 Basic,2025,1,204,1556521.49
Zoltar Cap. 20mg 14's,2025,1,7595,2312817.76120005
Erli Tab. 25mg 14's,2025,1,11577,5749288.57349965
CEFIPIME INJECTION 1G,2025,1,-1,-510
Evokalm XR Tab. 200mg 10's,2025,1,1634,894818.834
Xcept Tab. 15mg 14's,2025,1,16302,11340720.8789
NUVAL TABS 160MG 14`S,2025,1,0,0
Telsarta Tab. 80mg 10's,2025,1,4384,1665483.0946
Evofix Cap. 400mg 10's,2025,1,4284,2950766.5
Agoviz Tab. 25mg 14's,2025,1,5916,4183238.5555001
Aireez Tab. 5mg 30's,2025,1,1319,525028
Omron BPM Evolv HEM-7600T-E,2025,1,20,734845.0599
Erli Tab. 10mg 14's,2025,1,31777,12007623.0601999
Redexa Cap. 30mg 30's,2025,1,2782,1357578.35
Arbi-A Tab. 100/5mg 10's,2025,1,2504,679764.885499996
Ad Folic OD Tab. 600mcg 30's,2025,1,39552,20625758.0874998
Dapwiz Plus XR Tab. 5/1000mg 14's,2025,1,1078,375211.284000003
Xilica Cap. 50mg 14's,2025,1,12023,4355354.27349986
Ferfer Gro Sac. 30's,2025,1,282,118796.5537
Stevo Sac. 1gm 50's,2025,1,954,389393.1
Histalis Tab. 10mg 10's,2025,1,11099,1692294.801
Avsar Tab. 160/10mg 14's,2025,1,70672,42494766.7880001
Gouric Tab. 80mg 20's,2025,1,21928,18710968.1875
EvoCheck GM700S BGM Meter Kit,2025,1,1142,3305118.82
Erlina Plus XR Tab. 10/5/1000mg 14's,2025,1,3538,1003684.07999998
Paridopa Tab. 200/50/200mg 30's,2025,1,1200,2398411.01
"Opt-D Cap. 25,000IU 4's",2025,1,3827,750200.675400004
Evokalm XR Tab. 300mg 10's,2025,1,2009,1214245.825
Evopride Tab. 1mg 30's,2025,1,4315,983132.440100049
Evo Joshanda Sac. 30's,2025,1,93,34501.3669000001
AXIFER IV 100MG 5AM,2025,1,-5,-5312.5
Xcept Tab. 20mg 14's,2025,1,15056,12409029.3569012
Zoltar Inj. 40mg 1's,2025,1,28401,5005970.05540001
Dapwiz Tab. 10mg 10's,2025,1,17667,5677672.683
Xilica Cap. 75mg 14's,2025,1,15015,6759882.61250026
Arbi-D Tab. 300/25mg 14's,2025,1,997,756928.9301
Evokalm Tab. 25mg 10's,2025,1,22910,4308461.77599989
Zoltar Cap. 40mg 14's,2025,1,5572,1796380.40759996
Sacvin Tab. 100mg 30's,2025,1,4525,8752676.0920003
Paridopa Tab. 125/31.25/200mg 30's,2025,1,123,166689.1365
Zibes Tab. 2.5mg 14's,2025,1,19443,1073213.83450002
Voxamine Tab. 50mg 10's,2025,1,8896,2742100.07870008
Lowplat Tab. 75mg 10's,2025,1,351436,82849461.9999926
Phytus Syp. 120ML,2025,1,4905,1772522.641
Duzalta Cap. 20mg 14's,2025,1,10486,5876581.92210034
Avsar Plus Tab. 160/10/25mg 28's,2025,1,10544,4771324.4022998
Vible Tab. 30's,2025,1,6614,4747207.14749989
REKLAIM SACHET 30's,2025,1,-68,-34011.848
Evokalm Tab. 100mg 10's,2025,1,11653,4748917.6880001
X-Plended Tab. 5mg 10's,2025,1,58218,13435069.4000019
Dapwiz Tab. 5mg 10's,2025,1,9982,2071829.362
Dapwiz Plus XR Tab. 10/500mg 14's,2025,1,1358,643270.5055
Klevra Soln. 500mg/5mL 60mL,2025,1,3801,2082953.77979997
Finno-Q Sac. 3g 10's,2025,1,5830,2931298.37650003
Tiocap Cap. 18mcg 6's,2025,1,16104,2049513.897
EvoCheck Pulse Oximeter,2025,1,174,454960
Telsarta-D Tab. 80/12.5mg 14's,2025,1,5247,3241775.05
Zilfom Tab. 400mg 5's,2025,1,4256,1896816.8625
Tansin DS Tab. 100mg 10's,2025,1,1749,540193.2127
BD PEN NEEDLE 31GA 8MM (320109),2025,1,8135,183154.4472
Stevo Tab. 15mg 100's,2025,1,4791,1633703.59039998
Erli Plus Tab. 12.5/850mg 14's,2025,1,5352,1929016.52
Ramipace Tab. 5mg 28's,2025,1,17109,12376994.0430004
Avsar Tab. 160/5mg 14's,2025,1,69265,34338143.3930054
Erli Plus Tab. 12.5/1000mg 14's,2025,1,8347,3005570.7975
Evopride Tab. 4mg 30's,2025,1,8938,8398274.125
Telsarta-A Tab. 5/80mg 14's,2025,1,9589,5160541.93960006
Inosita Plus Tab. 50/1000mg 28's,2025,1,23552,24807047.9375999
Tansin Tab. 50mg 10's,2025,1,23270,4516544.2332001
Galvecta Plus Tab. 50/500mg 14's,2025,1,3754,1843652.6775
Evokalm Tab. 200mg 10's,2025,1,1037,482883.705400004
K-1000 Tab. 30's,2025,1,28296,17644640.1103003
X-Plended Tab. 20mg 10's,2025,1,119020,67281347.02468
Arbi-A Tab. 100/10mg 10's,2025,1,1874,581333.999999996
Omron Nebulizer NE-C101-E Essential,2025,1,261,1825418.8155
Klevra Tab. 500mg 30's,2025,1,3243,5190653.76479991
Actnise Crm. 50gm 1's,2025,1,7826,2557486.38800005
Galvecta Plus Tab. 50/850mg 14's,2025,1,6344,3219245.9275
Galvecta Tab. 50mg 10's,2025,1,1365,462310.323
Aircare DPI Device 1's,2025,1,115,50023.884
Eglaro-S Tab. 5/100mg 14's,2025,1,3586,2051946.638
Omron ETB Eco Temp Basic,2025,1,166,232046.3336
Duzalta Cap. 30mg 14's,2025,1,16660,9983207.80490026
Telsarta Tab. 20mg 10's,2025,1,9353,1740432.8952
Byvas Tab. 2.5mg 14's,2025,1,48303,10429540.9407
Inosita Tab. 100mg 28's,2025,1,2928,4554632.9875
Inosita Tab. 50mg 28's,2025,1,11207,11084538.7724992
Aircare Plus DPI Device 1's,2025,1,2417,956172.160199996
Paridopa Tab. 150/37.5/200mg 30's,2025,1,336,468128.64
Xilica Cap. 100mg 14's,2025,1,3675,1849399.70399997
EvoCheck GS700 BGM Test Strips 50's,2025,1,7284,14956223.9299997
Inosita Tab. 25mg 10's,2025,1,1053,301592.783999999
X-Plended Tab. 10mg 10's,2025,1,221769,89252039.899032
Busonide Cap. 200/6 mcg 30's,2025,1,5413,1910000.83000004
Zilero Tab. 2.5mg 30’s,2025,1,989,751571.9086
Xcept Tab. 2.5mg 10's,2025,1,18543,5481213.129
MYOPRO 40MG 10'S,2025,1,-1,-339.15
Ad-D Chewable Tab. 10000IU 8's,2025,1,1566,264496.614399999
Erli Plus Tab. 12.5/500mg 14's,2025,1,16610,5985976.50250001
Avsar Plus Tab. 160/5/25mg 28's,2025,1,3175,1341543.07539999
Treatan Tab. 16mg 28's,2025,1,2431,2522587.7503
Onita Sac. 2g 7's,2025,1,12696,14972866.4925
Fasteso Tab. 40mg 14's,2025,1,6462,2542649.96159996
"Opt-D Inj. 200,000 IU 1's",2025,1,55392,7871538.74700017
IBANDRO TABS 150MG,2025,1,-2,-892.5
Byvas Tab. 5mg 14's,2025,1,59210,19408636.6539975
Gouric Tab. 80mg 20's,2025,2,22059,18811193.5427
Sacvin Tab. 200mg 30's,2025,2,456,1047392.1
Paridopa Tab. 200/50/200mg 30's,2025,2,299,599639.3
UFI Tab 5mg CP,2025,2,-1,-348.5
Xilica Cap. 25mg 14's,2025,2,3678,885957.868
Klevra Tab. 250mg 30's,2025,2,1573,1530372.73859998
Xilica Cap. 50mg 14's,2025,2,11839,4282988.27729985
Treatan Tab. 4mg 14's,2025,2,17036,5736918.87250008
Agoviz Tab. 25mg 14's,2025,2,5245,3710961.99580003
Histalis Tab. 10mg 10's,2025,2,10832,1652666.451
FREEDEP TABS F.C. 0050MG X 30,2025,2,-1,-229.5
Busonide Cap. 400/12 mcg 30's,2025,2,30588,13372914.1274994
Telsarta-A Tab. 10/40mg 10's,2025,2,7259,2335642.0145
Inosita Plus XR Tab. 100/1000mg 14's,2025,2,8813,6017120.64530025
X-Plended EZ Tab. 20/10mg 10's,2025,2,3572,2046869.83890003
Omron BPM M1 Basic Limited Edition (DH),2025,2,3144,19966836.3304999
Paridopa Tab. 100/25/200mg 30's,2025,2,2229,3412777.19
Ivadin Tab. 5mg 14's,2025,2,-177,-63143.1
Omron BPM M7 Intelli IT,2025,2,79,1845158.32
Estar Tab. 20mg 14's,2025,2,7105,3871069.359
Evopride Tab. 2mg 30's,2025,2,11258,4916691.78959984
Xcept Tab. 15mg 14's,2025,2,15447,10737147.1145
EvoCheck Go BGM Test Strip 50's,2025,2,7937,10958513.4099998
Femova Sac. 10's,2025,2,12771,13703619.1060993
Retzole Tab. 2.5mg 10's,2025,2,2625,4664123.4
Erlina Plus XR Tab. 5/2.5/1000mg 14's,2025,2,1217,287251.958
Erli Plus XR Tab. 5/1000mg 14's,2025,2,1797,667845.4217
Aireez Tab. 5mg 30's,2025,2,1565,622357.08
Erli Plus XR Tab. 10/1000mg 14's,2025,2,3677,1667388.7754
Erlina Tab. 10/5mg 14's,2025,2,19575,9492294.42000056
Evokalm XR Tab. 200mg 10's,2025,2,1857,1016034.019
Eglaro-S Tab. 15/100mg 14's,2025,2,10164,6796438.432
Estar Tab. 10mg 14's,2025,2,76606,31978137.72
Erli Tab. 10mg 14's,2025,2,30527,11532292.7024999
Treatan-D Tab. 16/12.5mg 28's,2025,2,1864,1553089.8726
Eglaro Tab. 15mg 14's,2025,2,131,58397.618
Dapwiz Plus XR Tab. 10/1000mg 14's,2025,2,2020,1004769.717
Stevo Sac. 1gm 50's,2025,2,1008,430076.23
Eglaro Tab. 5mg 14's,2025,2,337,117237.0736
Erli Plus Tab. 5/1000mg 14's,2025,2,701,126796.472
Zoltar Cap. 40mg 14's,2025,2,4785,1573402.47319998
Lowplat Plus Tab. 75/75mg 10's,2025,2,415848,104912731.781929
"Opt-D Cap. 200,000IU 1's",2025,2,85986,25571213.6333975
BD PEN NEEDLE 31GA 5MM (320119),2025,2,83844,1773826.0444
Treatan Tab. 8mg 14's,2025,2,12105,4874527.58730006
Avsar Tab. 160/10mg 14's,2025,2,68565,41181840.468
EvoCheck GM700S BGM Meter Kit,2025,2,1267,3645898.54
"Opt-D Cap. 100,000IU 2's",2025,2,2966,757200.159799997
BD SYRINGE - BAG 1ML 31G 6MM,2025,2,85490,3276199.23899999
Xcept Tab. 20mg 14's,2025,2,14267,11758605.5511009
EvoCheck Go BGM Meter Kit,2025,2,2322,3910811.65
Voxamine Tab. 100mg 10's,2025,2,7942,4870346.55249996
Orslim Cap. 120mg 30's,2025,2,27558,59854065.125
Inosita TABS 100MG 14`S,2025,2,1,492.66
Ferfer Gro Sac. 30's,2025,2,55,23547.5748
Ivadin Tab. 7.5mg 14's,2025,2,1286,454522.2
"Opt-D Cap. 25,000IU 4's",2025,2,4156,811214.509200005
Duzalta Cap. 20mg 14's,2025,2,10062,5631846.36980027
Arbi-D Tab. 300/25mg 14's,2025,2,1043,789713.2632
Dipof Cap. 3/25mg 20's,2025,2,7690,1498419.87889999
Ad-D Chewable Tab. 2000IU 30's,2025,2,1098,414050.373099998
Tansin DS Tab. 100mg 10's,2025,2,1675,516965.7211
Anplag Tab. 60mg 14's,2025,2,1710,1199861.0625
Erlina Tab. 25/5mg 14's,2025,2,17021,11664166.6329998
Galvecta Tab. 50mg 10's,2025,2,1512,511865.4284
Klevra Tab. 500mg 30's,2025,2,3011,4839271.80239993
Actnise Crm. 50gm 1's,2025,2,7222,2282471.77370005
Nise Tab. 100mg 20's,2025,2,261329,67786247.342025
Gouric Tab. 40mg 20's,2025,2,91487,49423581.5
Dipof Cap. 6/25mg 20's,2025,2,2567,837248.133400014
Tansin Tab. 50mg 10's,2025,2,19917,3867683.33660025
Inosita Plus Tab. 50/1000mg 28's,2025,2,23361,24485347.6395
Evopride Plus Tab. 1/500mg 30's,2025,2,16107,4322965.39900053
Telsarta-A Tab. 10/80mg 10's,2025,2,9512,3455266.74
Revolic Tab. 30's,2025,2,1857,1005341.74160001
Duzalta Cap. 30mg 14's,2025,2,16572,9930325.01320014
Zilero Tab. 5mg 30’s,2025,2,550,487545.0275
Omron BPM M3 Comfort,2025,2,90,1493508.9434
Arbi-A Tab. 100/10mg 10's,2025,2,1647,510704.295999995
BD SYRINGE - BAG 1CC 30GA 8MM 10 (328838),2025,2,1573780,53321745.4977
Xilica Cap. 150mg 14's,2025,2,1218,707342.257400004
Zibes Tab. 5mg 20's,2025,2,20260,4090310.9475
X-Plended Tab. 20mg 10's,2025,2,118214,66816542.3128
Ramipace Tab. 1.25mg 28's,2025,2,9078,3292097.2033001
Klevra XR Tab. 500mg 10's,2025,2,636,356569.084
Avsar Tab. 160/5mg 14's,2025,2,65367,32410858.6320046
Arbi-D Tab. 150/12.5mg 10's,2025,2,12266,4649107.0667
Erli Plus Tab. 5/500mg 14's,2025,2,2803,808758.301
Tiocap Cap. 18mcg 6's,2025,2,14191,1805836.75127
Sacvin Tab. 50mg 30's,2025,2,28680,37528828.6627033
Zilero Tab. 2.5mg 30’s,2025,2,858,652611.708
Oxivort Tab. 10mg 14's,2025,2,963,328411.047
Azliv Tab. 250mg CP 6's,2025,2,-22,-3415.4953
X-Plended Tab. 10mg 10's,2025,2,221515,89117789.9717246
Busonide Cap. 200/6 mcg 30's,2025,2,4893,1729226.91000003
Finno-Q Sac. 3g 10's,2025,2,5638,2834020.40670001
Avsar Plus Tab. 160/10/25mg 28's,2025,2,10589,4786048.81749976
Ad-D Chewable Tab. 10000IU 8's,2025,2,1417,239405.932799999
BD PEN NEEDLE 4MM 100’S,2025,2,63564,1413705.448
Galvecta Plus Tab. 50/500mg 14's,2025,2,3952,1936550.0635
Evokalm Tab. 100mg 10's,2025,2,11121,4544169.21400004
Avsar Plus Tab. 160/5/25mg 28's,2025,2,3716,1568490.50039997
Ferfer Sac. 30's,2025,2,20828,15644863.1022998
Dapwiz Plus XR Tab. 5/500mg 14's,2025,2,2354,1028353.88499999
Galvecta Plus Tab. 50/1000mg 14's,2025,2,2900,1496138.5755
Duzalta Cap. 60mg 10's,2025,2,4002,2302959.35400003
Erli Plus Tab. 12.5/500mg 14's,2025,2,16784,6048876.37600001
Erli Plus XR Tab. 25/1000mg 14's,2025,2,8799,5993394.42049973
Avsar Plus Tab. 160/5/12.5mg 28's,2025,2,45836,19512027.5655041
IBANDRO TABS 150MG,2025,2,-1,-446.25
Diu Tansin Tab. 50/12.5mg 10's,2025,2,7208,1674957.9575
Neo Q 10 Cap. 100mg 20's,2025,2,3209,3562053.02299997
Evofix Susp. 100mg/5mL 60ML,2025,2,167,42032.16
Supercran Sac. 10's,2025,2,2594,803321.628900001
Inosita Plus XR Tab. 50/500mg 14's,2025,2,33394,19327455.201999
Erli Plus XR Tab. 12.5/1000mg 14's,2025,2,15264,7292727.99999977
Thewril Cap. 4mg 20's,2025,2,6850,3881954.1184
Zibes Tab. 10mg 20's,2025,2,947,353971.4129
Ad Folic Tab. 30's,2025,2,28528,11040240.7074021
"Opt-D Inj. 200,000 IU 1's",2025,2,51505,7312454.59300012
Omron Weigh Scale BF-508,2025,2,11,230948.3
Eglaro-S Tab. 5/100mg 14's,2025,2,3497,2000083.286
Aircare DPI Device 1's,2025,2,50,21773.205
Inosita Tab. 100mg 28's,2025,2,2657,4136787.5215
Aircare Plus DPI Device 1's,2025,2,7402,2779270.40929999
Avsar Plus Tab. 320/10/25mg 28's,2025,2,3918,2208032.726
Forsonide Cap. 50/500 mcg 30's,2025,2,748,419543.85
BD PEN NEEDLE 31GA 8MM (320109),2025,2,9840,219997.8843
Xilica Cap. 100mg 14's,2025,2,2915,1468391.32599998
Evopride Tab. 4mg 30's,2025,2,8844,8295606.45
Erli Plus Tab. 12.5/850mg 14's,2025,2,5084,1831715.32
Lowplat Plus Tab. 75/150mg 10's,2025,2,3817,967038.272999994
Evopride Plus Tab. 2/500mg 30's,2025,2,40005,19664929.2468991
Dapwiz Tab. 5mg 10's,2025,2,7229,1528706.846
EvoCheck Pulse Oximeter,2025,2,91,249620
Arbi Tab. 150mg 10's,2025,2,8087,2559387.493
Zilfom Tab. 400mg 5's,2025,2,4316,1921695.0875
Erlina Plus XR Tab. 25/5/1000mg 14's,2025,2,4540,1288951.47499999
Arbi-A Tab. 100/5mg 10's,2025,2,3439,934271.502999988
Dapwiz Plus XR Tab. 5/1000mg 14's,2025,2,1012,352469.296000002
X-Plended EZ Tab. 10/10mg 10's,2025,2,30077,11183134.73
Redexa Cap. 30mg 30's,2025,2,2877,1400323.575
Tiocap Cap. 18mcg 30's,2025,2,3944,2490342.75
Stevo Tab. 15mg 100's,2025,2,2657,920678.689199987
EvoCheck Weighing Scale (Black),2025,2,20,52881.4
Zoltar Cap. 20mg 14's,2025,2,6805,2081475.56360004
Vible Tab. 30's,2025,2,8047,5771410.34419978
Xcept Tab. 2.5mg 10's,2025,2,17081,5044342.992
Galvecta Plus Tab. 50/850mg 14's,2025,2,6130,3109695.817
Ad Folic OD Tab. 600mcg 30's,2025,2,39420,20555848.0999997
Paridopa Tab. 150/37.5/200mg 30's,2025,2,372,521376.96
Ramipace Tab. 10mg 28's,2025,2,2425,2368108.78550001
Anex-M Tab. 85/500mg 2's,2025,2,3371,1115925.25399999
Evokalm Tab. 25mg 10's,2025,2,21840,4113159.24799987
Evopride Tab. 3mg 30's,2025,2,4608,2801994.855
Lowplat Tab. 75mg 10's,2025,2,329790,77728828.7622984
REKLAIM SACHET 30's,2025,2,-12,-6015.36
Dapwiz Tab. 10mg 10's,2025,2,15900,5111071.2867
SheVit Tab. 30's,2025,2,17740,8771087.02139988
Kalsob Tab. 30's,2025,2,45691,28357707.1308961
Inosita Plus Tab. 50/500mg 28's,2025,2,54754,56457765.5921077
Xilica Cap. 75mg 14's,2025,2,15046,6759978.80050032
Zibes Tab. 2.5mg 14's,2025,2,19968,1101497.43800002
Omron BPM Wrist RS1,2025,2,134,686772.784
X-Plended Tab. 5mg 10's,2025,2,53629,12369597.3885012
Paridopa Tab. 75/18.75/200mg 14's,2025,2,29,12027.5
"Omron Weigh Scale HN-289 ",2025,2,30,163758.199
Phytus Syp. 120ML,2025,2,4796,1663596.3465
Forsonide Cap. 50/250 mcg 30's,2025,2,475,242173.5
Zoltar Inj. 40mg 1's,2025,2,21407,3760232.2137
Fasteso Tab. 20mg 14's,2025,2,4306,958354.372199996
Treatan Tab. 16mg 28's,2025,2,2435,2520742.6638
Evo Joshanda Sac. 30's,2025,2,-78,-38760.9536
Telsarta-D Tab. 40/12.5mg 14's,2025,2,9785,4052575.9172
X-Plended EZ Tab. 5/10mg 10's,2025,2,9124,2231179.45
Itipso Tab. 50mg 10's,2025,2,9812,1829839.88
Paridopa Tab. 125/31.25/200mg 30's,2025,2,127,171924.0685
Telsarta Tab. 20mg 10's,2025,2,10001,1859748.048
Sacvin Tab. 100mg 30's,2025,2,4247,8214976.30000018
Byvas Tab. 10mg 14's,2025,2,4304,1726438.77
Avsar Tab. 80/5mg 14's,2025,2,196254,76763439.5650252
UFI Tab 10mg CP,2025,2,-1,-510
Inosita Plus XR Tab. 50/1000mg 14's,2025,2,13669,8519651.1025
Telsarta-A Tab. 5/40mg 14's,2025,2,15403,6388030.06480001
Stevo Tab. 15mg 200's,2025,2,920,453832.252600001
Erlina Plus XR Tab. 10/5/1000mg 14's,2025,2,4856,1380144.15
Evofix Susp. 100mg/5mL 30ML,2025,2,526,125111.3725
Byvas Tab. 2.5mg 14's,2025,2,46395,10013080.782
EvoCheck GS700 BGM Test Strips 50's,2025,2,6239,12687642.0500001
Inosita Tab. 50mg 28's,2025,2,9902,9848411.82249947
Histalis Tab. 20mg 10's,2025,2,2659,767722.72
Paridopa Tab. 50/12.5/200mg 30's,2025,2,916,945199.319999997
EvoCheck Infrared Thermometer,2025,2,38,168376.1463
Omron BPM M1 Basic,2025,2,209,1565912.5325
Klevra Soln. 500mg/5mL 60mL,2025,2,4003,2187680.48899998
Erli Tab. 25mg 14's,2025,2,11147,5528787.0034997
Estar Tab. 5mg 14's,2025,2,49974,14226964.014198
Telsarta Tab. 40mg 10's,2025,2,19599,5459042.975
Anplag Tab. 90mg 20's,2025,2,18997,27096364.997
Evofix Cap. 400mg 10's,2025,2,4473,3039837.15
Inosita Tab. 25mg 10's,2025,2,1204,344597.921999999
Omron BPM Evolv HEM-7600T-E,2025,2,15,544747.0012
Ramipace Tab. 2.5mg 28's,2025,2,30149,16385324.1974027
Aireez Sac. 4mg 14's,2025,2,5580,1759416.683
Avsar Plus Tab. 160/10/12.5mg 28's,2025,2,46017,21253864.0658088
Omron Nebulizer NE-C101-E Essential,2025,2,61,521645.8673
Inosita Plus Tab. 50/850mg 28's,2025,2,15284,16054728.43
Aireez Tab. 10mg 30's,2025,2,21399,13561779.745
Xcept Tab. 10mg 10's,2025,2,36397,16408269.814
Arbi-D Tab. 300/12.5mg 10's,2025,2,7085,4008086.3144
Oxivort Tab. 20mg 14's,2025,2,-3,-1491.226
Erli Plus Tab. 5/850mg 14's,2025,2,596,107899
Evokalm Tab. 200mg 10's,2025,2,1090,505086.061600003
Evopride Tab. 1mg 30's,2025,2,4279,968203.968000037
UriTreat Cap. 0.4mg 20's,2025,2,2283,1928709.5
Voxamine Tab. 50mg 10's,2025,2,8548,2631764.80150006
Fasteso Tab. 40mg 14's,2025,2,7027,2766403.79839996
Erlina Plus XR Tab. 12.5/2.5/1000mg 14's,2025,2,2450,578865.98
Dapwiz Plus XR Tab. 10/500mg 14's,2025,2,1198,567807.7265
Byvas Tab. 5mg 14's,2025,2,50603,16578334.6446989
Redexa Cap. 60mg 30's,2025,2,3224,2443328.4
Telsarta-D Tab. 80/12.5mg 14's,2025,2,4737,2918902.8462
Onita Sac. 2g 7's,2025,2,12405,14602810.2375
Sparliv Tab. 30's,2025,2,5293,4176177.72080017
Erli Plus Tab. 12.5/1000mg 14's,2025,2,7498,2696236.53
Telsarta Tab. 80mg 10's,2025,2,4104,1558651.128
Ramipace Tab. 5mg 28's,2025,2,15640,11315061.7902002
EvoCheck Weighing Scale (White),2025,2,35,83050.8
K-1000 Tab. 30's,2025,2,28247,17600002.7463003
Arbi Tab. 300mg 10's,2025,2,3264,1374037.0274
Omron ETB Eco Temp Basic,2025,2,207,298293.8074
Actiflor Sac. 250mg 10's,2025,2,7540,4780711.2444
Telsarta-A Tab. 5/80mg 14's,2025,2,9532,5128756.23080002
EvoCheck BPM68,2025,2,34,143424
Evokalm XR Tab. 300mg 10's,2025,2,2475,1497921.425
Evofix DS Susp. 200mg/5mL 30ML,2025,2,360,94741.5440000001
Xcept Tab. 2.5mg 10's,2025,3,18808,5557294.02149999
Omron BPM M1 Basic Limited Edition (DH),2025,3,2713,17241095.6899999
Galvecta Plus Tab. 50/850mg 14's,2025,3,6443,3267148.58899999
BD PEN NEEDLE 31GA 8MM (320109),2025,3,11001,248157.1712
Xilica Cap. 100mg 14's,2025,3,3260,1637448.02949998
Vanzak Tab. 20mg 10's,2025,3,3971,1380896.39
Dapwiz Plus XR Tab. 5/1000mg 14's,2025,3,978,341241.884000003
Stevo Tab. 15mg 100's,2025,3,1474,502703.100000007
Gouric Tab. 80mg 20's,2025,3,23007,19615864.749
Redexa Cap. 30mg 30's,2025,3,2429,1185104.765
Erli Tab. 10mg 14's,2025,3,32174,12153269.5529997
Treatan-D Tab. 16/12.5mg 28's,2025,3,1835,1535537.2536
Zibes Tab. 2.5mg 14's,2025,3,20822,1148959.68525003
Tansin DS Tab. 100mg 10's,2025,3,707,217238.9163
Xilica Cap. 75mg 14's,2025,3,13070,5885900.38350021
Treatan Tab. 16mg 28's,2025,3,2296,2376219.7631
Omron Weigh Scale BF-508,2025,3,-1,-18321.7961
Avsar Tab. 160/10mg 14's,2025,3,71307,42856324.9511001
Ferfer Gro Sac. 30's,2025,3,42,17768.814
Galvecta Tab. 50mg 10's,2025,3,1509,509055.345
Erlina Tab. 25/5mg 14's,2025,3,17855,12225556.8069999
Arbi-D Tab. 300/25mg 14's,2025,3,1084,820445.1
Orslim Cap. 120mg 30's,2025,3,25165,54634949.376
Sacvin Tab. 100mg 30's,2025,3,4518,8735404.9500003
Paridopa Tab. 150/37.5/200mg 30's,2025,3,364,509175.394
Zoltar Cap. 20mg 14's,2025,3,5426,1658105.13200004
Evokalm Tab. 25mg 10's,2025,3,21815,4105358.55999985
Erli Plus XR Tab. 12.5/1000mg 14's,2025,3,14450,6912754.73099973
Zoltar Inj. 40mg 1's,2025,3,22854,3783793.4976
Duzalta Cap. 60mg 10's,2025,3,3809,2187512.39280003
Lowplat Tab. 75mg 10's,2025,3,367324,86599533.8037818
Ad-D Chewable Tab. 10000IU 8's,2025,3,1251,211323.368399999
Arbi Tab. 150mg 10's,2025,3,8636,2734392.134
Agoviz Tab. 25mg 14's,2025,3,4943,3490829.57140006
Forsonide Cap. 50/500 mcg 30's,2025,3,622,346855.08
Paridopa Tab. 125/31.25/200mg 30's,2025,3,141,190460.407
Duzalta Cap. 20mg 14's,2025,3,10122,5667078.49120033
Arbi-A Tab. 100/5mg 10's,2025,3,3175,862600.542999987
Histalis Tab. 10mg 10's,2025,3,9285,1417908.3605
Busonide Cap. 400/12 mcg 30's,2025,3,27360,11974247.4054998
Zilero Tab. 2.5mg 30’s,2025,3,1029,780916.0545
Xcept Tab. 20mg 14's,2025,3,15116,12453111.9110012
Erli Plus XR Tab. 5/1000mg 14's,2025,3,1931,716129.6256
Evopride Tab. 2mg 30's,2025,3,11967,5227565.86319972
Retzole Tab. 2.5mg 10's,2025,3,2287,4066920.2
Sacvin Tab. 50mg 30's,2025,3,29936,39208428.5864014
EvoCheck Go BGM Test Strip 50's,2025,3,7371,10189701.4099997
"Opt-D Cap. 25,000IU 4's",2025,3,3516,689688.431500002
Vible Tab. 30's,2025,3,9256,6626959.62449968
REKLAIM SACHET 30's,2025,3,-10,-4887.48
Evokalm XR Tab. 200mg 10's,2025,3,1562,856530.363
Erlina Tab. 10/5mg 14's,2025,3,18577,9013638.34000053
"Opt-D Cap. 200,000IU 1's",2025,3,80051,23726765.5563975
CEFIPIME INJECTION 1G,2025,3,0,0
Diu Tansin Tab. 50/12.5mg 10's,2025,3,8378,1947185.787
Inosita Tab. 25mg 10's,2025,3,1103,315636.075999999
Fasteso Tab. 40mg 14's,2025,3,6813,2677097.03199994
Avsar Tab. 160/5mg 14's,2025,3,70478,34947304.0057063
Inosita Plus TABS 50+1000MG 14`S,2025,3,-1,-328.44
Evopride Plus Tab. 1/500mg 30's,2025,3,15733,4218405.33150054
Duzalta Cap. 30mg 14's,2025,3,15556,9335995.19380034
Klevra XR Tab. 500mg 10's,2025,3,540,305559.1016
X-Plended Tab. 20mg 10's,2025,3,123567,69876639.7617
Byvas Tab. 5mg 14's,2025,3,60465,19809290.1879968
Actnise Crm. 50gm 1's,2025,3,5882,1910926.52690005
Xcept Tab. 15mg 14's,2025,3,16019,11140782.7808
Avsar Plus Tab. 160/5/12.5mg 28's,2025,3,48077,20475635.6250045
Omron BPM Evolv HEM-7600T-E,2025,3,4,60800.321
Erli Plus Tab. 12.5/500mg 14's,2025,3,18070,6512234.43300001
Anplag Tab. 60mg 14's,2025,3,2056,1440978.65
Evopride Tab. 1mg 30's,2025,3,4010,911093.244200035
Arbi-A Tab. 100/10mg 10's,2025,3,1627,504955.435999994
Omron Nebulizer NE-C101-E Essential,2025,3,1,8202.65509999999
Stevo Sac. 1gm 50's,2025,3,614,262194.3
Aireez Tab. 5mg 30's,2025,3,897,357305.575
Inosita Plus Tab. 50/1000mg 28's,2025,3,21512,22716025.1277999
Eglaro Tab. 15mg 14's,2025,3,82,35641.7579999999
Tansin Tab. 50mg 10's,2025,3,22647,4394698.65020013
Xilica Cap. 50mg 14's,2025,3,10993,3981873.83249982
Estar Tab. 10mg 14's,2025,3,68370,28561376.565
Erlina Plus XR Tab. 10/5/1000mg 14's,2025,3,5949,1686735.75000001
Telsarta-A Tab. 10/80mg 10's,2025,3,9845,3576500.883
EvoCheck GM700S BGM Meter Kit,2025,3,923,2545094.5
Erli Plus Tab. 12.5/1000mg 14's,2025,3,7613,2737105.2845
Inosita Tab. 100mg 28's,2025,3,2909,4531012.89
Paridopa Tab. 200/50/200mg 30's,2025,3,1171,2330384.8168
EvoCheck GS700 BGM Test Strips 50's,2025,3,7038,14719749.56
Byvas Tab. 2.5mg 14's,2025,3,46359,10010687.543
K-1000 Tab. 30's,2025,3,25329,15786952.3909
Aircare DPI Device 1's,2025,3,40,17436
X-Plended Tab. 10mg 10's,2025,3,232293,93532921.3440314
Inosita Tab. 50mg 28's,2025,3,10984,10917957.1819992
Supercran Sac. 10's,2025,3,3794,1159918.8244
Zoltar Cap. 40mg 14's,2025,3,4979,1631926.31619997
Avsar Plus Tab. 160/5/25mg 28's,2025,3,3925,1656055.25979997
BD PEN NEEDLE 31GA 5MM (320119),2025,3,25413,576665.013
Ferfer Sac. 30's,2025,3,21428,16084491.0870995
"Opt-D Inj. 200,000 IU 1's",2025,3,50613,7183526.91290013
Klevra Tab. 500mg 30's,2025,3,3063,4917523.05919992
Oxivort Tab. 10mg 14's,2025,3,799,272590.92
Klevra Tab. 250mg 30's,2025,3,1758,1710223.56539997
Zibes Tab. 10mg 20's,2025,3,1550,581803.633099996
K-1000 Plus Sac. 10's,2025,3,230,57886.7520000002
"Opt-D Cap. 100,000IU 2's",2025,3,2860,727102.952199997
Onita Sac. 2g 7's,2025,3,11144,13155461.3645
Oxivort Tab. 20mg 14's,2025,3,-37,-19874.0625
Busonide Cap. 200/6 mcg 30's,2025,3,4280,1513702.35400003
Femova Sac. 10's,2025,3,12090,12970553.9786993
Evokalm Tab. 200mg 10's,2025,3,1043,481199.776400002
Eglaro-S Tab. 5/100mg 14's,2025,3,3741,2137581.938
Evokalm Tab. 100mg 10's,2025,3,11284,4600343.46550009
Finno-Q Sac. 3g 10's,2025,3,4855,2441441.82880001
BD SYRINGE - BAG 1CC 30GA 8MM 10 (328838),2025,3,1182650,40430773.7635
Avsar Plus Tab. 160/10/25mg 28's,2025,3,10788,4877491.50699975
Telsarta Tab. 80mg 10's,2025,3,4345,1646604.9776
Omron BPM M1 Basic,2025,3,289,2232375.3925
Dapwiz Plus XR Tab. 10/500mg 14's,2025,3,1368,647449.488
Evokalm XR Tab. 300mg 10's,2025,3,2361,1425816.418
Galvecta Plus Tab. 50/500mg 14's,2025,3,4129,2023830.054
UriTreat Cap. 0.4mg 20's,2025,3,1880,1586168
Aircare Plus DPI Device 1's,2025,3,1871,740245.005499999
Tiocap Cap. 18mcg 6's,2025,3,13348,1697351.145
Zilfom Tab. 400mg 5's,2025,3,3251,1447435.25
Paridopa Tab. 100/25/200mg 30's,2025,3,2108,3227270.4375
Telsarta-A Tab. 10/40mg 10's,2025,3,6388,2055714.9802
Tiocap Cap. 18mcg 30's,2025,3,3375,2140846.125
Erli Plus Tab. 12.5/850mg 14's,2025,3,5559,2003631.7315
Avsar Plus Tab. 320/10/25mg 28's,2025,3,3929,2209620.951
Treatan Tab. 4mg 14's,2025,3,16199,5459854.89749992
Paridopa Tab. 75/18.75/200mg 14's,2025,3,35,14556.25
Xilica Cap. 25mg 14's,2025,3,3471,837823.0285
Lowplat Plus Tab. 75/75mg 10's,2025,3,451563,113927201.844732
EvoCheck Pulse Oximeter,2025,3,109,287180
Inosita Plus Tab. 50/500mg 28's,2025,3,55722,57497909.5068085
Dapwiz Plus XR Tab. 10/1000mg 14's,2025,3,1055,525356.915999997
Eglaro Tab. 5mg 14's,2025,3,274,95946.8944000002
Ramipace Tab. 10mg 28's,2025,3,2342,2286743.09200002
Telsarta-A Tab. 5/40mg 14's,2025,3,33532,13891325.176
Avsar Tab. 80/5mg 14's,2025,3,210259,82253403.3486314
Evopride Tab. 4mg 30's,2025,3,9098,8538131.868
Klevra Soln. 500mg/5mL 60mL,2025,3,3666,2007300.31949997
Treatan Tab. 8mg 14's,2025,3,11734,4723910.22950016
Telsarta-D Tab. 40/12.5mg 14's,2025,3,9781,4046513.9896
Estar Tab. 20mg 14's,2025,3,6283,3424066.045
Itipso Tab. 50mg 10's,2025,3,9038,1684481.04
Ramipace Tab. 5mg 28's,2025,3,16097,11645197.6480003
Forsonide Cap. 50/250 mcg 30's,2025,3,281,141795.3
Fasteso Tab. 20mg 14's,2025,3,3958,879732.522299993
Ivadin Tab. 7.5mg 14's,2025,3,1082,383726.55
Inosita Plus XR Tab. 100/1000mg 14's,2025,3,9237,6308636.3059003
Telsarta-A Tab. 5/80mg 14's,2025,3,10050,5405575.38110003
Telsarta-D Tab. 80/12.5mg 14's,2025,3,5727,3521277.864
Inosita TABS 100MG 14`S,2025,3,3,1477.98
Sacvin Tab. 200mg 30's,2025,3,258,594832.125
Kalsob Tab. 30's,2025,3,41526,25824424.7006958
Byvas Tab. 10mg 14's,2025,3,4277,1718015.547
Dapwiz Tab. 5mg 10's,2025,3,7532,1592606.995
Aireez TABS CHWE 0004MG X 14,2025,3,-4,-571.2
Evofix DS Susp. 200mg/5mL 30ML,2025,3,142,36514.9375
Erlina Plus XR Tab. 5/2.5/1000mg 14's,2025,3,1275,301629.776
Voxamine Tab. 100mg 10's,2025,3,8027,4927360.22599997
Eglaro-S Tab. 15/100mg 14's,2025,3,11296,7552322.073
Lowplat Plus Tab. 75/150mg 10's,2025,3,3990,1009179.02999999
Erli Plus Tab. 5/1000mg 14's,2025,3,789,142059.718
Omron BPM M7 Intelli IT,2025,3,67,1540725.538
EvoCheck Go BGM Meter Kit,2025,3,2427,4068224.95
X-Plended EZ Tab. 20/10mg 10's,2025,3,22044,12611660.0420003
BD SYRINGE - BAG 1ML 31G 6MM,2025,3,109790,4212449.02849995
X-Plended EZ Tab. 5/10mg 10's,2025,3,9849,2407798.1875
Anex-M Tab. 85/500mg 2's,2025,3,2951,975493.591999988
SheVit Tab. 30's,2025,3,6058,3002497.68239993
Ramipace Tab. 2.5mg 28's,2025,3,29879,16248999.700203
Ivadin Tab. 5mg 14's,2025,3,-184,-65547.75
Arbi-D Tab. 300/12.5mg 10's,2025,3,7729,4367977.79500001
Anplag Tab. 90mg 20's,2025,3,20772,29676124.335
Telsarta Tab. 20mg 10's,2025,3,9798,1821192.5512
Omron ETB Eco Temp Basic,2025,3,126,178681.3322
Erli Plus XR Tab. 10/1000mg 14's,2025,3,3718,1684660.8405
Evopride Tab. 3mg 30's,2025,3,4450,2713061.075
X-Plended Tab. 5mg 10's,2025,3,59567,13738588.8940017
Redexa Cap. 60mg 30's,2025,3,2934,2223832.9
Revolic Tab. 30's,2025,3,1515,821243.136000004
Zibes Tab. 5mg 20's,2025,3,21393,4321772.4585
Paridopa Tab. 50/12.5/200mg 30's,2025,3,760,786301.169999998
Omron BPM M3 Comfort,2025,3,74,1239730.9232
Evofix Susp. 100mg/5mL 30ML,2025,3,358,86594.6
Voxamine Tab. 50mg 10's,2025,3,8775,2701681.45200009
Telsarta Tab. 40mg 10's,2025,3,18913,5272651.583
Nise Tab. 100mg 20's,2025,3,257688,66862575.6325283
Dipof Cap. 6/25mg 20's,2025,3,2456,800286.681800016
Ad Folic OD Tab. 600mcg 30's,2025,3,38948,20313983.0899996
Erlina Plus XR Tab. 25/5/1000mg 14's,2025,3,5426,1539688.64000001
Dapwiz Plus XR Tab. 5/500mg 14's,2025,3,610,266854.100000001
Inosita Plus XR Tab. 50/1000mg 14's,2025,3,14206,8857263.35699999
Ramipace Tab. 1.25mg 28's,2025,3,9224,3342760.20340009
Evofix Cap. 400mg 10's,2025,3,3586,2456569.19
Erli Plus XR Tab. 25/1000mg 14's,2025,3,8865,6032622.80449969
Histalis Tab. 20mg 10's,2025,3,2777,801448.765
Dipof Cap. 3/25mg 20's,2025,3,5444,1061562.19399998
Phytus Syp. 120ML,2025,3,3249,1134288.4045
Zilero Tab. 5mg 30’s,2025,3,569,503212.6956
Evofix Susp. 100mg/5mL 60ML,2025,3,236,58476.7275
Evopride Plus Tab. 2/500mg 30's,2025,3,39652,19498321.6348987
Inosita Plus XR Tab. 50/500mg 14's,2025,3,32990,19095173.2775989
Ad-D Chewable Tab. 2000IU 30's,2025,3,910,343754.275599998
Sparliv Tab. 30's,2025,3,4384,3457113.82770013
Stevo Tab. 15mg 200's,2025,3,456,218170.976800001
Arbi Tab. 300mg 10's,2025,3,3758,1581121.3985
"Omron Weigh Scale HN-289 ",2025,3,22,126973.5974
Erli Plus Tab. 5/850mg 14's,2025,3,544,98363.6999999998
EvoCheck BPM68,2025,3,-13,-72403.2
Neo Q 10 Cap. 100mg 20's,2025,3,2825,3134700.37499997
Ad Folic Tab. 30's,2025,3,27565,10674736.5192024
NEBULIZERS Comp C 803,2025,3,-1,-5661.5345
Thewril Cap. 4mg 20's,2025,3,6122,3472509.2675
Gouric Tab. 40mg 20's,2025,3,100879,54439953.5304
Arbi-D Tab. 150/12.5mg 10's,2025,3,12429,4713859.977
X-Plended EZ Tab. 10/10mg 10's,2025,3,18609,6912225
Azliv Tab. 250mg CP 6's,2025,3,-24,-3765.36
Erli Plus Tab. 5/500mg 14's,2025,3,1223,353181.919
Xcept Tab. 10mg 10's,2025,3,37029,16702188.39
Omron BPM Wrist RS1,2025,3,102,428148.74
Vanzak Tab. 10mg 10's,2025,3,2606,618901.769
Dapwiz Tab. 10mg 10's,2025,3,16471,5287361.8935
EvoCheck Infrared Thermometer,2025,3,6,30769.25
EvoCheck Weighing Scale (Black),2025,3,549,1420770.718
BD PEN NEEDLE 4MM 100’S,2025,3,76457,1695685.706
Aireez Tab. 10mg 30's,2025,3,19968,12669929.745
Inosita Plus Tab. 50/850mg 28's,2025,3,14885,15619467.643
Aireez Sac. 4mg 14's,2025,3,4120,1300657.21600001
Xilica Cap. 150mg 14's,2025,3,1106,641771.286000003
Estar Tab. 5mg 14's,2025,3,45809,13071024.8699981
Erlina Plus XR Tab. 12.5/2.5/1000mg 14's,2025,3,2849,672283.717
Actiflor Sac. 250mg 10's,2025,3,6742,4270066.643
Evo Joshanda Sac. 30's,2025,3,33,14840.187
Erli Tab. 25mg 14's,2025,3,11804,5857096.95849961
EvoCheck Weighing Scale (White),2025,3,175,397552.32
Galvecta Plus Tab. 50/1000mg 14's,2025,3,3097,1595936.2727
Avsar Plus Tab. 160/10/12.5mg 28's,2025,3,48317,22314712.6523104
Xcept Tab. 2.5mg 10's,2025,4,17558,5191024.18799999
"Opt-D Inj. 200,000 IU 1's",2025,4,56497,8028151.11240016
Fasteso Tab. 40mg 14's,2025,4,5967,2348589.60319997
Tiocap Cap. 18mcg 30's,2025,4,3450,2188142.25
Treatan Tab. 16mg 28's,2025,4,1765,1824840.4201
Klevra Soln. 500mg/5mL 60mL,2025,4,4305,2355331.35949999
Aircare DPI Device 1's,2025,4,10,4402.59
Zoltar Inj. 40mg 1's,2025,4,31554,5621947.58700001
Inosita Tab. 25mg 10's,2025,4,1174,335962.669999999
Paridopa Tab. 125/31.25/200mg 30's,2025,4,81,109560.666
Evokalm Tab. 25mg 10's,2025,4,22511,4235703.13599988
X-Plended Tab. 10mg 10's,2025,4,221239,89026294.9260266
Eglaro-S Tab. 5/100mg 14's,2025,4,3594,2056253.938
Zilero Tab. 2.5mg 30’s,2025,4,1066,807230.9835
Evokalm Tab. 200mg 10's,2025,4,997,462570.544000001
Xilica Cap. 100mg 14's,2025,4,2723,1367445.857
Zilfom Tab. 400mg 5's,2025,4,3307,1471639.6175
Evopride Tab. 4mg 30's,2025,4,8678,8152005.75
Paridopa Tab. 150/37.5/200mg 30's,2025,4,404,562679.798
Dapwiz Plus XR Tab. 5/1000mg 14's,2025,4,911,318306.410500002
Paridopa Tab. 75/18.75/200mg 14's,2025,4,58,24118.75
K-1000 Tab. 30's,2025,4,29271,18227610.2701002
Erli Plus Tab. 12.5/500mg 14's,2025,4,17213,6203813.79450001
Aircare Plus DPI Device 1's,2025,4,2429,959557.794199998
Erli Plus Tab. 12.5/850mg 14's,2025,4,5709,2057916.47
Inosita Tab. 100mg 28's,2025,4,2210,3435952.4722
Galvecta Tab. 50mg 10's,2025,4,1607,541159.038
BD PEN NEEDLE 31GA 8MM (320109),2025,4,8721,196036.2996
Galvecta Plus Tab. 50/850mg 14's,2025,4,5894,2990887.5966
Tansin Tab. 50mg 10's,2025,4,20394,3958619.70110026
Ramipace Tab. 5mg 28's,2025,4,14548,10524119.887
Telsarta-D Tab. 80/12.5mg 14's,2025,4,4185,2582926.62
X-Plended Tab. 20mg 10's,2025,4,118216,66724241.8451
Erli Plus Tab. 12.5/1000mg 14's,2025,4,8251,2971048.548
Inosita Plus Tab. 50/500mg 28's,2025,4,56819,58503119.9780076
Zibes Tab. 2.5mg 14's,2025,4,19492,1075928.11900002
Inosita Tab. 50mg 28's,2025,4,8401,8347678.29999958
Telsarta-A Tab. 5/80mg 14's,2025,4,9233,4965099.81930006
Telsarta Tab. 20mg 10's,2025,4,9390,1744595.284
EvoCheck Pulse Oximeter,2025,4,65,174320
Stevo Tab. 15mg 100's,2025,4,1578,520484.529800012
Omron ETB Eco Temp Basic,2025,4,128,183197.2355
Tansin DS Tab. 100mg 10's,2025,4,1612,498265.9458
Tiocap Cap. 18mcg 6's,2025,4,12017,1528102.8
Finno-Q Sac. 3g 10's,2025,4,5773,2903918.15400003
Evokalm Tab. 100mg 10's,2025,4,11597,4735641.80660009
Arbi Tab. 150mg 10's,2025,4,8016,2538163.4019
Ad-D Chewable Tab. 10000IU 8's,2025,4,1360,229247.439999999
Klevra Tab. 500mg 30's,2025,4,3426,5514709.23359991
Dapwiz Plus XR Tab. 10/500mg 14's,2025,4,1229,582608.7085
Anex-M Tab. 85/500mg 2's,2025,4,3004,994510.029999987
X-Plended Tab. 5mg 10's,2025,4,52223,12064596.6350014
Dapwiz Tab. 5mg 10's,2025,4,7042,1490307.799
Vible Tab. 30's,2025,4,9610,6889139.25149968
Forsonide Cap. 50/500 mcg 30's,2025,4,609,340975.8
Kalsob Tab. 30's,2025,4,44808,27824847.7693952
Arbi-A Tab. 100/5mg 10's,2025,4,2824,766361.594499991
Voxamine Tab. 50mg 10's,2025,4,9019,2778695.80400006
Zoltar Cap. 20mg 14's,2025,4,5668,1727029.69400003
NEBULIZERS Comp C 803,2025,4,-1,-5661.5345
Sacvin Tab. 100mg 30's,2025,4,4295,8295248.59200025
Zoltar Cap. 40mg 14's,2025,4,5125,1674677.60049997
Arbi Tab. 300mg 10's,2025,4,3247,1371756.8293
Sparliv Tab. 30's,2025,4,4798,3780281.22480014
Vanzak Tab. 20mg 10's,2025,4,4196,1458611.905
Onita Sac. 2g 7's,2025,4,12356,14568979.6
Dapwiz Tab. 10mg 10's,2025,4,15918,5112287.5715
Phytus Syp. 120ML,2025,4,2279,803334.448699995
Evofix Susp. 100mg/5mL 30ML,2025,4,348,84192.7125
Paridopa Tab. 200/50/200mg 30's,2025,4,1879,3750332.175
"Opt-D Cap. 25,000IU 4's",2025,4,3745,735115.585800005
Ad Folic OD Tab. 600mcg 30's,2025,4,42305,22057481.4985001
Erlina Plus XR Tab. 10/5/1000mg 14's,2025,4,6915,1966486.90000002
Byvas Tab. 2.5mg 14's,2025,4,42604,9196826.95249998
Gouric Tab. 80mg 20's,2025,4,25400,21648792.195
EvoCheck GM700S BGM Meter Kit,2025,4,691,1840759.72
Byvas Tab. 5mg 14's,2025,4,52833,17313093.419999
EvoCheck GS700 BGM Test Strips 50's,2025,4,6795,14262391.2199996
Xilica Cap. 50mg 14's,2025,4,12214,4422613.99139987
Xilica Cap. 75mg 14's,2025,4,14060,6325072.11000018
Histalis Tab. 20mg 10's,2025,4,2672,770337.15
Evopride Tab. 1mg 30's,2025,4,3947,897431.353300034
Paridopa Tab. 50/12.5/200mg 30's,2025,4,939,972359.471999999
FREEDEP TABS F.C. 0050MG X 30,2025,4,-1,-229.5
Redexa Cap. 30mg 30's,2025,4,2159,1052218.6125
Agoviz Tab. 25mg 14's,2025,4,5274,3724179.57900007
Stevo Sac. 1gm 50's,2025,4,1294,520128
Evo Joshanda Sac. 30's,2025,4,-133,-54844.8569
Erli Tab. 25mg 14's,2025,4,11235,5580508.50299968
Avsar Plus Tab. 160/10/12.5mg 28's,2025,4,46118,21294575.6804083
Omron BPM Evolv HEM-7600T-E,2025,4,10,371135.5606
Omron Nebulizer NE-C101-E Essential,2025,4,8,81688.4449
Evokalm XR Tab. 300mg 10's,2025,4,833,503678.669
Inosita Plus XR Tab. 50/1000mg 14's,2025,4,13114,8198549.88499999
Xcept Tab. 15mg 14's,2025,4,15630,10870353.6207
Actiflor Sac. 250mg 10's,2025,4,10508,6645688.4205
Telsarta Tab. 80mg 10's,2025,4,4247,1614183.546
Evofix Cap. 400mg 10's,2025,4,4044,2738279.2517
Aireez Tab. 5mg 30's,2025,4,1286,510877.965
"Opt-D Cap. 200,000IU 1's",2025,4,83692,24877531.5166969
Aireez Sac. 4mg 14's,2025,4,3486,1099726.20900001
Evokalm XR Tab. 200mg 10's,2025,4,1760,964586.8544
Omron BPM M1 Basic,2025,4,149,1135038.925
UriTreat Cap. 0.4mg 20's,2025,4,2067,1744840.9
Erli Plus Tab. 5/850mg 14's,2025,4,327,58982.4520000001
Xcept Tab. 10mg 10's,2025,4,33718,15219327.758
K-1000 Plus Sac. 10's,2025,4,8090,2033506.63760013
Lowplat Tab. 75mg 10's,2025,4,339309,79982014.8110927
Aireez Tab. 10mg 30's,2025,4,20023,12695950.297
Oxivort Tab. 20mg 14's,2025,4,-189,-102287.0025
Erlina Plus XR Tab. 12.5/2.5/1000mg 14's,2025,4,3294,779213.904
EvoCheck Infrared Thermometer,2025,4,39,176923.1943
Lowplat Plus Tab. 75/75mg 10's,2025,4,414040,104454434.629127
Avsar Tab. 160/10mg 14's,2025,4,66142,39731105.114
Evofix DS Susp. 200mg/5mL 30ML,2025,4,296,77248.4249999999
Duzalta Cap. 60mg 10's,2025,4,3681,2115210.66800003
Voxamine Tab. 100mg 10's,2025,4,8897,5465284.44099998
Duzalta Cap. 20mg 14's,2025,4,10479,5868333.6410003
Arbi-D Tab. 300/25mg 14's,2025,4,904,686064.7293
Omron BPM M1 Basic Limited Edition (DH),2025,4,1688,10728809.84
Ferfer Gro Sac. 30's,2025,4,-38,-15992.724
Orslim Cap. 120mg 30's,2025,4,27307,59274639.958
Xcept Tab. 20mg 14's,2025,4,13927,11481168.4611009
EvoCheck BPM68,2025,4,-14,-74414.7708
Ivadin Tab. 7.5mg 14's,2025,4,269,96286.98
Thewril Cap. 4mg 20's,2025,4,7482,4236833.065
Telsarta-A Tab. 5/40mg 14's,2025,4,27204,11286122.536
Stevo Tab. 15mg 200's,2025,4,969,446392.667800004
Evofix Susp. 100mg/5mL 60ML,2025,4,147,37035.69
Treatan Tab. 8mg 14's,2025,4,11517,4640041.68730016
Erlina Tab. 25/5mg 14's,2025,4,7487,5156500.38400015
Inosita Plus XR Tab. 100/1000mg 14's,2025,4,8521,5835637.37050027
Telsarta-A Tab. 10/40mg 10's,2025,4,7293,2346592.5891
Revolic Tab. 30's,2025,4,1631,883882.540800005
Avsar Tab. 80/5mg 14's,2025,4,190865,74643987.6659183
Treatan-D Tab. 16/12.5mg 28's,2025,4,1619,1354950.711
Xilica Cap. 150mg 14's,2025,4,1337,776443.623400004
Telsarta Tab. 40mg 10's,2025,4,19206,5352766.4125
Evopride Tab. 2mg 30's,2025,4,10919,4775649.50679994
Gouric Tab. 40mg 20's,2025,4,103334,55781398.576
Sacvin Tab. 50mg 30's,2025,4,28856,37817647.2616036
Treatan Tab. 4mg 14's,2025,4,16374,5515981.54999999
Ivadin Tab. 5mg 14's,2025,4,-28,-9932.25
Anplag Tab. 90mg 20's,2025,4,20364,29062926.64
Nise Tab. 100mg 20's,2025,4,256665,66538114.1525259
BD SYRINGE - BAG 1ML 31G 6MM,2025,4,93745,3600143.74699995
Erli Plus XR Tab. 12.5/1000mg 14's,2025,4,13415,6416354.8749999
Dapwiz Plus XR Tab. 10/1000mg 14's,2025,4,2070,1028526.639
X-Plended EZ Tab. 20/10mg 10's,2025,4,3655,2099547.51500003
EvoCheck Go BGM Meter Kit,2025,4,1989,3275305
Erli Tab. 10mg 14's,2025,4,31954,12076485.0134999
Paridopa Tab. 100/25/200mg 30's,2025,4,2695,4131779.025
Estar Tab. 5mg 14's,2025,4,47842,13638670.5789981
Arbi-D Tab. 300/12.5mg 10's,2025,4,7123,4030615.85
Ramipace Tab. 2.5mg 28's,2025,4,28183,15312622.7358024
Erli Plus XR Tab. 5/1000mg 14's,2025,4,2047,758016.977999999
Erlina Tab. 10/5mg 14's,2025,4,4361,2121250.20799998
Omron BPM M7 Intelli IT,2025,4,25,602207.452
Inosita Plus Tab. 50/850mg 28's,2025,4,15097,15860037.534
BD PEN NEEDLE 4MM 100’S,2025,4,81545,1806494.094
Estar Tab. 20mg 14's,2025,4,7018,3814508.3175
Galvecta Plus Tab. 50/1000mg 14's,2025,4,2830,1460811.1405
Retzole Tab. 2.5mg 10's,2025,4,2772,4919567.95
Vanzak Tab. 10mg 10's,2025,4,1277,302150.8225
Busonide Cap. 400/12 mcg 30's,2025,4,26149,11447066.0589998
EvoCheck Weighing Scale (White),2025,4,350,815677.5
Histalis Tab. 10mg 10's,2025,4,9142,1394795.785
EvoCheck Go BGM Test Strip 50's,2025,4,7018,9877875.19999948
Redexa Cap. 60mg 30's,2025,4,2429,1838899.775
Diu Tansin Tab. 50/12.5mg 10's,2025,4,7885,1834046.1335
Dapwiz Plus XR Tab. 5/500mg 14's,2025,4,3585,1564921.06
Forsonide Cap. 50/250 mcg 30's,2025,4,168,85241.4
Ramipace Tab. 1.25mg 28's,2025,4,9427,3416352.00980008
Erli Plus Tab. 5/1000mg 14's,2025,4,581,104485.009
Inosita Plus XR Tab. 50/500mg 14's,2025,4,34070,19734521.4579992
Inosita TABS 100MG 14`S,2025,4,2,985.32
Zibes Tab. 10mg 20's,2025,4,1349,503572.574999998
Erli Plus Tab. 5/500mg 14's,2025,4,3745,1079876.132
"Omron Weigh Scale HN-289 ",2025,4,5,30182.883
Byvas Tab. 10mg 14's,2025,4,4414,1771643.641
Femova Sac. 10's,2025,4,12858,13813479.0411992
Itipso Tab. 50mg 10's,2025,4,9276,1730204.41
Inosita Plus Tab. 50/1000mg 28's,2025,4,23691,24922746.6714999
Telsarta-A Tab. 10/80mg 10's,2025,4,8831,3212130.3396
Zilero Tab. 5mg 30’s,2025,4,564,497992.5834
Telsarta-D Tab. 40/12.5mg 14's,2025,4,9947,4118008.472
Ad Folic Tab. 30's,2025,4,29925,11575439.5849024
Erlina Plus XR Tab. 5/2.5/1000mg 14's,2025,4,1409,333792.144
Evopride Plus Tab. 1/500mg 30's,2025,4,14677,3937959.25700042
Erlina Plus XR Tab. 25/5/1000mg 14's,2025,4,2382,679553.664999992
Duzalta Cap. 30mg 14's,2025,4,17168,10276762.6375002
Galvecta Plus Tab. 50/500mg 14's,2025,4,3632,1776965.545
Evopride Tab. 3mg 30's,2025,4,4478,2727500.4
Avsar Plus Tab. 160/5/12.5mg 28's,2025,4,45486,19365184.4765041
Actnise Crm. 50gm 1's,2025,4,7577,2443372.63170006
Fasteso Tab. 20mg 14's,2025,4,3405,757920.186799995
Anplag Tab. 60mg 14's,2025,4,1897,1337286.3
Eglaro Tab. 5mg 14's,2025,4,246,86194.1864000001
X-Plended EZ Tab. 10/10mg 10's,2025,4,41839,15556168.845
Arbi-A Tab. 100/10mg 10's,2025,4,1476,457875.887999996
Erli Plus XR Tab. 25/1000mg 14's,2025,4,8349,5686820.15449976
Dipof Cap. 6/25mg 20's,2025,4,2286,748388.762800012
Supercran Sac. 10's,2025,4,5663,1745576.90579999
Eglaro Tab. 15mg 14's,2025,4,215,94668.988
Estar Tab. 10mg 14's,2025,4,78305,32669040.9045
Ramipace Tab. 10mg 28's,2025,4,2239,2186949.14580003
"Opt-D Cap. 100,000IU 2's",2025,4,2732,697469.376399997
Klevra XR Tab. 500mg 10's,2025,4,842,472241.776
Avsar Tab. 160/5mg 14's,2025,4,63880,31665927.880804
EvoCheck Weighing Scale (Black),2025,4,433,1102775.5544
BD SYRINGE - BAG 1CC 30GA 8MM 10 (328838),2025,4,1524840,51842722.4483
Avsar Plus Tab. 320/10/25mg 28's,2025,4,3467,1950566.842
Omron BPM M3 Comfort,2025,4,49,801465.5972
Xilica Cap. 25mg 14's,2025,4,4000,964154.022500001
Neo Q 10 Cap. 100mg 20's,2025,4,3116,3462455.18619997
Zibes Tab. 5mg 20's,2025,4,19985,4034712.845
X-Plended EZ Tab. 5/10mg 10's,2025,4,9105,2230340.3351
Dipof Cap. 3/25mg 20's,2025,4,7115,1385709.04189999
Erli Plus XR Tab. 10/1000mg 14's,2025,4,3595,1635169.3355
Azliv Tab. 250mg CP 6's,2025,4,-1,-156.89
FREEDEP TABS F.C. 0100MG X 20,2025,4,-1,-255
Oxivort Tab. 10mg 14's,2025,4,147,50870.85525
Eglaro-S Tab. 15/100mg 14's,2025,4,11052,7395688.296
Arbi-D Tab. 150/12.5mg 10's,2025,4,11708,4448514.1625
Busonide Cap. 200/6 mcg 30's,2025,4,3960,1397941.35500002
Ad-D Chewable Tab. 2000IU 30's,2025,4,1200,452639.860199998
Omron BPM Wrist RS1,2025,4,15,119265.785
Lowplat Plus Tab. 75/150mg 10's,2025,4,3380,857116.439999997
Sacvin Tab. 200mg 30's,2025,4,762,1750455.15
Klevra Tab. 250mg 30's,2025,4,1762,1722858.87659998
SheVit Tab. 30's,2025,4,21815,10787711.7074996
Evopride Plus Tab. 2/500mg 30's,2025,4,38395,18879857.1948983
Avsar Plus Tab. 160/5/25mg 28's,2025,4,3118,1314686.8412
BD PEN NEEDLE 31GA 5MM (320119),2025,4,34195,773592.165
Ferfer Sac. 30's,2025,4,25733,19324488.7817988
Avsar Plus Tab. 160/10/25mg 28's,2025,4,9193,4157721.07089994
Evofix DS Susp. 200mg/5mL 30ML,2025,5,317,83210.4865
Actiflor Sac. 250mg 10's,2025,5,8962,5650087.2473
Stevo Tab. 15mg 200's,2025,5,1423,658325.298999999
Sparliv Tab. 30's,2025,5,5187,4092551.63960017
Arbi Tab. 300mg 10's,2025,5,3647,1536759.386
BD SYRINGE - BAG 1ML 31G 6MM,2025,5,104795,4010927.10999993
K-1000 Tab. 30's,2025,5,30652,19087908.2761006
Telsarta-D Tab. 80/12.5mg 14's,2025,5,6049,3730370.86
Erli Plus Tab. 12.5/1000mg 14's,2025,5,8603,3096357.9145
Ivadin Tab. 7.5mg 14's,2025,5,-285,-101464.5
Telsarta Tab. 20mg 10's,2025,5,9624,1789977.804
EvoCheck BPM68,2025,5,-12,-60188.308
Onita Sac. 2g 7's,2025,5,12597,14855504.4
Inosita Tab. 50mg 28's,2025,5,9186,9116932.9074995
Telsarta-A Tab. 5/80mg 14's,2025,5,9316,5008436.45690006
Omron ETB Eco Temp Basic,2025,5,272,386113.7741
X-Plended Tab. 5mg 10's,2025,5,59931,13824956.4050016
Redexa Cap. 60mg 30's,2025,5,2506,1899789.7375
Fasteso Tab. 40mg 14's,2025,5,5781,2274078.57599996
Vanzak Tab. 10mg 10's,2025,5,1561,370362.7225
EvoCheck Weighing Scale (White),2025,5,198,455592.96
Erli Plus Tab. 5/850mg 14's,2025,5,761,136929.283
Aireez Tab. 10mg 30's,2025,5,19422,12299379.198
Evokalm Tab. 200mg 10's,2025,5,1005,465858.051600003
Arbi-D Tab. 300/12.5mg 10's,2025,5,7493,4234481.6555
Aireez Sac. 4mg 14's,2025,5,3961,1252894.764
Byvas Tab. 5mg 14's,2025,5,55370,18133573.1059978
Inosita Plus Tab. 50/850mg 28's,2025,5,15414,16212439.538
Ivadin Tab. 5mg 14's,2025,5,-71,-25287.5
Omron BPM M7 Intelli IT,2025,5,190,4286364.568
Ramipace Tab. 2.5mg 28's,2025,5,29275,15899597.0470028
Estar Tab. 20mg 14's,2025,5,7167,3893263.2675
Avsar Plus Tab. 160/10/12.5mg 28's,2025,5,47419,21887338.0394098
Klevra Soln. 500mg/5mL 60mL,2025,5,4418,2418937.69349997
Dapwiz Plus XR Tab. 10/500mg 14's,2025,5,1335,633057.2115
Inosita Tab. 25mg 10's,2025,5,1326,379322.189999998
Estar Tab. 5mg 14's,2025,5,50745,14448028.7440978
Anplag Tab. 90mg 20's,2025,5,23151,33001537.36
Omron Nebulizer NE-C101-E Essential,2025,5,7,78456.339
Telsarta-A Tab. 10/40mg 10's,2025,5,7202,2317306.9075
X-Plended EZ Tab. 20/10mg 10's,2025,5,12164,6952621.90999981
Telsarta Tab. 40mg 10's,2025,5,18829,5252200.575
Evofix Susp. 100mg/5mL 30ML,2025,5,293,70578.084
Ramipace Tab. 5mg 28's,2025,5,15478,11193807.0966001
Histalis Tab. 20mg 10's,2025,5,3006,867151.98
Dapwiz Tab. 5mg 10's,2025,5,7429,1571209.3636
Erli Plus Tab. 12.5/850mg 14's,2025,5,6173,2224113.23
Avsar Tab. 80/5mg 14's,2025,5,194358,76008401.3076244
Evopride Tab. 4mg 30's,2025,5,8709,8171651.375
Zilfom Tab. 400mg 5's,2025,5,3243,1443217.125
Telsarta-A Tab. 5/40mg 14's,2025,5,26314,10904078.357
EvoCheck Pulse Oximeter,2025,5,108,280387
Telsarta-D Tab. 40/12.5mg 14's,2025,5,10548,4369682.0105
Evo Joshanda Sac. 30's,2025,5,42,18800.0608
Evopride Tab. 3mg 30's,2025,5,4402,2684280.307
Itipso Tab. 50mg 10's,2025,5,10715,1997446.11
Phytus Syp. 120ML,2025,5,2312,811331.446499998
Byvas Tab. 10mg 14's,2025,5,4348,1742506.3837
Sacvin Tab. 100mg 30's,2025,5,4986,9621431.75000034
Fasteso Tab. 20mg 14's,2025,5,2454,544685.365199995
Neo Q 10 Cap. 100mg 20's,2025,5,3253,3601763.21499995
"Omron Weigh Scale HN-289 ",2025,5,47,273572.507
X-Plended EZ Tab. 5/10mg 10's,2025,5,9711,2374241.675
Erli Plus XR Tab. 25/1000mg 14's,2025,5,9211,6257154.9844997
Dapwiz Tab. 10mg 10's,2025,5,16885,5422372.0665
Ad Folic Tab. 30's,2025,5,32569,12602383.922503
X-Plended EZ Tab. 10/10mg 10's,2025,5,36171,13429339.96
Xcept Tab. 10mg 10's,2025,5,37486,16890678.192
Lowplat Tab. 75mg 10's,2025,5,378963,89235814.664382
Voxamine Tab. 50mg 10's,2025,5,9862,3032329.53100009
Forsonide Cap. 50/250 mcg 30's,2025,5,163,82839.3
Kalsob Tab. 30's,2025,5,50305,31253041.9100947
Zoltar Inj. 40mg 1's,2025,5,26330,4483045.48600001
Zibes Tab. 2.5mg 14's,2025,5,20669,1140588.63780003
Tiocap Cap. 18mcg 30's,2025,5,3398,2154252.75
Dapwiz Plus XR Tab. 5/500mg 14's,2025,5,3117,1359734.88
Omron BPM Wrist RS1,2025,5,117,691723.999
SheVit Tab. 30's,2025,5,20202,9991665.50639973
Xilica Cap. 75mg 14's,2025,5,14681,6597833.7150003
Paridopa Tab. 75/18.75/200mg 14's,2025,5,42,17510
Evokalm Tab. 25mg 10's,2025,5,24206,4555743.36799985
Paridopa Tab. 125/31.25/200mg 30's,2025,5,107,145307.41
Inosita Plus Tab. 50/500mg 28's,2025,5,60860,62742587.9200112
EvoCheck Infrared Thermometer,2025,5,27,119025.0221
Arbi-A Tab. 100/5mg 10's,2025,5,2679,728134.972499991
Erlina Plus XR Tab. 12.5/2.5/1000mg 14's,2025,5,3831,906294.479999999
Zoltar Cap. 20mg 14's,2025,5,6425,1957172.71560002
EvoCheck Weighing Scale (Black),2025,5,782,1985905.1596
Ramipace Tab. 10mg 28's,2025,5,2592,2522928.211
Erli Tab. 25mg 14's,2025,5,12406,6157961.37599961
Arbi-D Tab. 150/12.5mg 10's,2025,5,12895,4893026.557
Evofix Cap. 400mg 10's,2025,5,4536,3020543.51
Anex-M Tab. 85/500mg 2's,2025,5,3083,1021036.79599999
Redexa Cap. 30mg 30's,2025,5,1726,840764.5375
Dapwiz Plus XR Tab. 5/1000mg 14's,2025,5,938,327149.485800001
Paridopa Tab. 50/12.5/200mg 30's,2025,5,858,890100.959999996
Avsar Plus Tab. 320/10/25mg 28's,2025,5,4079,2294998.422
Omron BPM M3 Comfort,2025,5,134,2159487.8514
Ad Folic OD Tab. 600mcg 30's,2025,5,43985,22935513.622501
Lowplat Plus Tab. 75/150mg 10's,2025,5,3659,926936.366399996
Arbi Tab. 150mg 10's,2025,5,8514,2695546.2964
Erlina Plus XR Tab. 25/5/1000mg 14's,2025,5,3589,1019107.43199999
Forsonide Cap. 50/500 mcg 30's,2025,5,686,383611.8
Evopride Plus Tab. 2/500mg 30's,2025,5,40926,20117252.0714984
Dipof Cap. 3/25mg 20's,2025,5,7615,1483777.36629997
Inosita Plus XR Tab. 50/1000mg 14's,2025,5,14411,8992895.88499999
Treatan Tab. 16mg 28's,2025,5,2502,2585819.472
"Opt-D Inj. 200,000 IU 1's",2025,5,69311,9832006.18280002
Inosita Tab. 100mg 28's,2025,5,2352,3657699.775
Galvecta Tab. 50mg 10's,2025,5,1655,557346.03
Eglaro-S Tab. 5/100mg 14's,2025,5,3477,1988801.262
Inosita Plus XR Tab. 50/500mg 14's,2025,5,28986,16781302.8779982
Aircare Plus DPI Device 1's,2025,5,5496,2080859.04429999
Orslim Cap. 120mg 30's,2025,5,30526,66248906.529
Paridopa Tab. 150/37.5/200mg 30's,2025,5,398,552158.201
Erli Plus XR Tab. 12.5/1000mg 14's,2025,5,14486,6925146.85999969
Aircare DPI Device 1's,2025,5,24,10243.65
Thewril Cap. 4mg 20's,2025,5,7800,4422997.945
Evofix Susp. 100mg/5mL 60ML,2025,5,188,46384.755
Gouric Tab. 40mg 20's,2025,5,116658,62899400.3250001
Duzalta Cap. 60mg 10's,2025,5,3353,1921216.29800002
Galvecta Plus Tab. 50/1000mg 14's,2025,5,3036,1563941.4085
Omron BPM M1 Basic Limited Edition (DH),2025,5,3009,18993495.5267
Avsar Plus Tab. 160/5/25mg 28's,2025,5,3977,1676551.63529997
Erli Plus Tab. 12.5/500mg 14's,2025,5,18878,6802493.62400001
Retzole Tab. 2.5mg 10's,2025,5,3094,5494236.8
Zilero Tab. 2.5mg 30’s,2025,5,994,755330.4
Galvecta Plus Tab. 50/500mg 14's,2025,5,4320,2109147.0419
Avsar Plus Tab. 160/10/25mg 28's,2025,5,10864,4909008.96939975
Ad-D Chewable Tab. 10000IU 8's,2025,5,1554,261943.025699999
Evokalm Tab. 100mg 10's,2025,5,11713,4769184.11650005
REKLAIM SACHET 30's,2025,5,-2,-1002.56
Busonide Cap. 200/6 mcg 30's,2025,5,4345,1531357.19350003
Treatan-D Tab. 16/12.5mg 28's,2025,5,1722,1436656.3398
Tiocap Cap. 18mcg 6's,2025,5,11220,1426949.655
Xilica Cap. 150mg 14's,2025,5,1308,758865.290000004
BD PEN NEEDLE 4MM 100’S,2025,5,137180,3026023.754
Finno-Q Sac. 3g 10's,2025,5,7275,3649437.00060004
Evopride Tab. 2mg 30's,2025,5,11349,4963760.57549984
Sacvin Tab. 50mg 30's,2025,5,31007,40588848.0999995
Ad-D Chewable Tab. 2000IU 30's,2025,5,1352,508807.154599998
Xcept Tab. 2.5mg 10's,2025,5,18530,5476067.53149999
Vible Tab. 30's,2025,5,11022,7897033.06999952
Zibes Tab. 5mg 20's,2025,5,22467,4537812.64599999
Erli Plus Tab. 5/500mg 14's,2025,5,3242,935081.836500001
Tansin Tab. 50mg 10's,2025,5,20583,3993014.53970025
X-Plended Tab. 20mg 10's,2025,5,124465,70313555.5871
Ramipace Tab. 1.25mg 28's,2025,5,9604,3478952.66740013
X-Plended Tab. 10mg 10's,2025,5,238045,95751795.6975307
Busonide Cap. 400/12 mcg 30's,2025,5,26368,11546113.6939999
Tansin DS Tab. 100mg 10's,2025,5,1600,495001.4815
Dipof Cap. 6/25mg 20's,2025,5,2125,693771.829200013
Arbi-A Tab. 100/10mg 10's,2025,5,1473,456758.167999995
Nise Tab. 100mg 20's,2025,5,271106,70294713.8070269
Klevra Tab. 500mg 30's,2025,5,3055,4906469.48399992
Revolic Tab. 30's,2025,5,1616,875954.536800005
Xilica Cap. 100mg 14's,2025,5,3327,1676707.21849997
Avsar Tab. 160/5mg 14's,2025,5,65690,32556305.9835047
Galvecta Plus Tab. 50/850mg 14's,2025,5,6292,3192949.7835
Duzalta Cap. 30mg 14's,2025,5,17357,10391411.7889001
BD PEN NEEDLE 31GA 8MM (320109),2025,5,12544,280796.01
Actnise Crm. 50gm 1's,2025,5,8262,2611835.58320005
Histalis Tab. 10mg 10's,2025,5,8916,1358436.183
Inosita Plus Tab. 50/1000mg 28's,2025,5,22453,23739654.9029999
Stevo Tab. 15mg 100's,2025,5,3236,1057659.87619999
Zilero Tab. 5mg 30’s,2025,5,644,569832.435
Erlina Tab. 25/5mg 14's,2025,5,27588,18894173.5919988
FREEDEP TABS F.C. 0100MG X 20,2025,5,-2,-510
Duzalta Cap. 20mg 14's,2025,5,11384,6369596.83350036
Voxamine Tab. 100mg 10's,2025,5,8566,5246198.45799998
Telsarta-A Tab. 10/80mg 10's,2025,5,9326,3390624.874
Paridopa Tab. 200/50/200mg 30's,2025,5,1652,3284766.775
Arbi-D Tab. 300/25mg 14's,2025,5,1020,769406.306
"Opt-D Cap. 25,000IU 4's",2025,5,4872,954304.733000006
EvoCheck Go BGM Meter Kit,2025,5,3058,5129859.15
Avsar Tab. 160/10mg 14's,2025,5,66710,40051240.1580001
Telsarta Tab. 80mg 10's,2025,5,4465,1694580.5866
Evokalm XR Tab. 300mg 10's,2025,5,3193,1929970.9
Erlina Plus XR Tab. 10/5/1000mg 14's,2025,5,4044,1151288.70499999
Ferfer Gro Sac. 30's,2025,5,-48,-20167.2792
EvoCheck GS700 BGM Test Strips 50's,2025,5,8056,16646585.9199997
EvoCheck GM700S BGM Meter Kit,2025,5,1222,3335816.27
Supercran Sac. 10's,2025,5,4348,1376757.4395
Treatan Tab. 8mg 14's,2025,5,12222,4914638.83550014
Eglaro Tab. 5mg 14's,2025,5,236,82571.7520000001
Lowplat Plus Tab. 75/75mg 10's,2025,5,450324,113531083.088737
K-1000 Plus Sac. 10's,2025,5,11965,3010627.93600015
Diu Tansin Tab. 50/12.5mg 10's,2025,5,8050,1871940.049
Vanzak Tab. 20mg 10's,2025,5,7890,2743834.595
"Opt-D Cap. 200,000IU 1's",2025,5,99884,29619562.770196
Zibes Tab. 10mg 20's,2025,5,1347,504051.596599999
Erli Plus Tab. 5/1000mg 14's,2025,5,272,49040.767
Evokalm XR Tab. 200mg 10's,2025,5,2226,1220683.776
Erli Plus XR Tab. 10/1000mg 14's,2025,5,4022,1822229.7008
Erli Plus XR Tab. 5/1000mg 14's,2025,5,2121,787828.211999999
Erlina Tab. 10/5mg 14's,2025,5,31493,15271144.5740015
Stevo Sac. 1gm 50's,2025,5,1716,682204.45
Eglaro Tab. 15mg 14's,2025,5,264,115474.404
Dapwiz Plus XR Tab. 10/1000mg 14's,2025,5,1838,914206.671000005
Femova Sac. 10's,2025,5,15370,16481164.1696991
Oxivort Tab. 20mg 14's,2025,5,-386,-211487.4375
Omron BPM M1 Basic,2025,5,145,1089806.0475
BD PEN NEEDLE 31GA 5MM (320119),2025,5,32312,729499.7445
Evopride Tab. 1mg 30's,2025,5,4359,990745.000200046
Zoltar Cap. 40mg 14's,2025,5,4799,1579294.10379996
UriTreat Cap. 0.4mg 20's,2025,5,1914,1615749.7
Ferfer Sac. 30's,2025,5,28914,21701482.3750978
Erlina Plus XR Tab. 5/2.5/1000mg 14's,2025,5,1762,416735.382
Avsar Plus Tab. 160/5/12.5mg 28's,2025,5,47939,20397933.2300042
EvoCheck Go BGM Test Strip 50's,2025,5,9431,12979403.2599993
Xcept Tab. 20mg 14's,2025,5,14900,12271679.766501
Oxivort Tab. 10mg 14's,2025,5,-371,-125269.82136
Eglaro-S Tab. 15/100mg 14's,2025,5,12096,8088293.864
Paridopa Tab. 100/25/200mg 30's,2025,5,2688,4116756.3375
Estar Tab. 10mg 14's,2025,5,78644,32817065.621
BD SYRINGE - BAG 1CC 30GA 8MM 10 (328838),2025,5,1735930,58837950.0249979
Aireez Tab. 5mg 30's,2025,5,1248,496560.47
Inosita Plus TABS 50+1000MG 14`S,2025,5,-1,-328.44
"Opt-D Cap. 100,000IU 2's",2025,5,3347,852628.127199996
Klevra Tab. 250mg 30's,2025,5,1690,1650644.01899998
Byvas Tab. 2.5mg 14's,2025,5,45016,9711762.36679998
Treatan Tab. 4mg 14's,2025,5,16992,5723090.20249997
Evopride Plus Tab. 1/500mg 30's,2025,5,15629,4194695.22490052
Erli Tab. 10mg 14's,2025,5,34125,12888372.2779995
Anplag Tab. 60mg 14's,2025,5,2161,1522567.6
Gouric Tab. 80mg 20's,2025,5,29362,25035881.7575
Klevra XR Tab. 500mg 10's,2025,5,769,430660.9592
Agoviz Tab. 25mg 14's,2025,5,5521,3897579.20700007
Sacvin Tab. 200mg 30's,2025,5,616,1419410.325
Omron BPM Evolv HEM-7600T-E,2025,5,15,565692.4955
Inosita Plus XR Tab. 100/1000mg 14's,2025,5,9787,6673323.67800033
FREEDEP TABS F.C. 0050MG X 30,2025,5,-2,-459
Xilica Cap. 25mg 14's,2025,5,4597,1106301.0066
Xilica Cap. 50mg 14's,2025,5,12223,4423989.94599986
Xcept Tab. 15mg 14's,2025,5,16129,11218033.3907
Redexa Cap. 60mg 30's,2025,6,2054,1553295.1
Avsar Plus Tab. 160/10/12.5mg 28's,2025,6,45436,20982290.8395085
Galvecta Plus Tab. 50/1000mg 14's,2025,6,2635,1357443.7338
Erlina Plus XR Tab. 12.5/2.5/1000mg 14's,2025,6,922,219463.37
Ramipace Tab. 2.5mg 28's,2025,6,26275,14281392.2950022
Estar Tab. 5mg 14's,2025,6,45062,12846599.9759983
Inosita Plus Tab. 50/850mg 28's,2025,6,14561,15320030.148
EvoCheck Weighing Scale (White),2025,6,70,162304.992
Erli Plus Tab. 5/850mg 14's,2025,6,-231,-42246.8700000001
Erli Tab. 25mg 14's,2025,6,11896,5911460.31699963
Xcept Tab. 10mg 10's,2025,6,33922,15306693.984
Actiflor Sac. 250mg 10's,2025,6,6217,3914839.574
Arbi-D Tab. 300/12.5mg 10's,2025,6,7075,4001154.459
BD PEN NEEDLE 4MM 100’S,2025,6,87265,1933523.852
Aireez Sac. 4mg 14's,2025,6,2353,743994.086000004
Xilica Cap. 150mg 14's,2025,6,1171,679500.449200004
Aireez Tab. 10mg 30's,2025,6,15185,9626787.693
EvoCheck Infrared Thermometer,2025,6,20,90598.3476
Arbi Tab. 300mg 10's,2025,6,3380,1425365.8325
Evofix DS Susp. 200mg/5mL 30ML,2025,6,115,31385.9355
Erli Plus XR Tab. 12.5/1000mg 14's,2025,6,13338,6378538.37999986
Vanzak Tab. 10mg 10's,2025,6,883,209325.5815
Duzalta Cap. 60mg 10's,2025,6,3765,2165022.19500003
Ad-D Chewable Tab. 2000IU 30's,2025,6,1107,418096.899599998
Evofix Susp. 100mg/5mL 30ML,2025,6,154,37115.1225
Revolic Tab. 30's,2025,6,1259,682767.332800003
Stevo Tab. 15mg 200's,2025,6,885,399814.389600001
Thewril Cap. 4mg 20's,2025,6,6684,3793139.5125
EvoCheck BPM68,2025,6,-97,-530034.4616
Neo Q 10 Cap. 100mg 20's,2025,6,2881,3194386.18299997
Ad Folic Tab. 30's,2025,6,29051,11238996.8425023
Arbi-D Tab. 150/12.5mg 10's,2025,6,11921,4524416.7935
Inosita Plus XR Tab. 50/500mg 14's,2025,6,39925,23100660.8000004
Dipof Cap. 6/25mg 20's,2025,6,2224,728198.383000012
FREEDEP TABS F.C. 0100MG X 20,2025,6,-4,-1020
Gouric Tab. 40mg 20's,2025,6,115044,62107565.4
Telsarta-A Tab. 5/40mg 14's,2025,6,23081,9569210.90300002
Erlina Tab. 25/5mg 14's,2025,6,18032,12364656.9199997
Evofix Susp. 100mg/5mL 60ML,2025,6,3,1730.73599999998
Avsar Tab. 80/5mg 14's,2025,6,198674,77716307.0475219
Nise Tab. 100mg 20's,2025,6,243564,63189362.1750273
Zilero Tab. 5mg 30’s,2025,6,548,485091.6
Sparliv Tab. 30's,2025,6,4427,3493361.16450013
Erli Plus XR Tab. 25/1000mg 14's,2025,6,8423,5736935.59999976
Voxamine Tab. 50mg 10's,2025,6,8241,2541544.65900003
Sacvin Tab. 50mg 30's,2025,6,28691,37579466.1100027
Telsarta Tab. 40mg 10's,2025,6,17892,4992312.8625
Zibes Tab. 5mg 20's,2025,6,22601,4566370.32939999
Omron BPM M3 Comfort,2025,6,39,586811.1062
Erli Plus Tab. 5/500mg 14's,2025,6,2446,706135.069
Histalis Tab. 20mg 10's,2025,6,2741,791447.75
Anplag Tab. 90mg 20's,2025,6,21295,30439627.6590001
Ramipace Tab. 1.25mg 28's,2025,6,9006,3264633.93490008
Dipof Cap. 3/25mg 20's,2025,6,6374,1243154.38519998
Paridopa Tab. 50/12.5/200mg 30's,2025,6,783,809104.799999999
Inosita Plus XR Tab. 50/1000mg 14's,2025,6,13088,8169061.3475
Evofix Cap. 400mg 10's,2025,6,3666,2497008.28
X-Plended EZ Tab. 5/10mg 10's,2025,6,9216,2255971.4425
Anex-M Tab. 85/500mg 2's,2025,6,2645,875874.186999989
Telsarta Tab. 20mg 10's,2025,6,8922,1659683.6704
Paridopa Tab. 75/18.75/200mg 14's,2025,6,49,20591.25
EvoCheck Weighing Scale (Black),2025,6,624,1619882.7512
Evopride Tab. 3mg 30's,2025,6,4113,2503277.625
Eglaro-S Tab. 15/100mg 14's,2025,6,11536,7718933.3495
Erli Plus XR Tab. 10/1000mg 14's,2025,6,3575,1625656.059
Inosita TABS 100MG 10`S,2025,6,-1,-306
Omron BPM M7 Intelli IT,2025,6,81,1775953.884
SheVit Tab. 30's,2025,6,17167,8491638.40400004
X-Plended Tab. 5mg 10's,2025,6,53562,12375450.0500013
"Opt-D Cap. 100,000IU 2's",2025,6,2808,716862.270599997
Inosita Plus Tab. 50/500mg 28's,2025,6,58442,60187704.5880086
BD PEN NEEDLE 31GA 5MM (320119),2025,6,25332,575111.8384
Kalsob Tab. 30's,2025,6,46262,28753379.0022955
Byvas Tab. 10mg 14's,2025,6,4218,1693121.1685
Erli Plus Tab. 5/1000mg 14's,2025,6,-1225,-222293.581
Klevra Tab. 250mg 30's,2025,6,1455,1414421.19899999
NUVAL D TABS 80+12.5MG 14`S,2025,6,-8,-1584.16
Omron BPM Wrist RS1,2025,6,240,1097439.0775
Voxamine Tab. 100mg 10's,2025,6,7526,4636711.82799993
"Omron Weigh Scale HN-289 ",2025,6,24,134435.8415
EvoCheck Go BGM Meter Kit,2025,6,3315,5512080
Erlina Plus XR Tab. 5/2.5/1000mg 14's,2025,6,781,185271.1
BD SYRINGE - BAG 1ML 31G 6MM,2025,6,91185,3494161.28499996
Femova Sac. 10's,2025,6,12736,13671377.9890992
Forsonide Cap. 50/250 mcg 30's,2025,6,139,70859.4
Telsarta-D Tab. 40/12.5mg 14's,2025,6,9416,3903055.4868
X-Plended EZ Tab. 10/10mg 10's,2025,6,21190,7885853.75
Telsarta-A Tab. 10/40mg 10's,2025,6,6558,2112660.9155
Ivadin Tab. 7.5mg 14's,2025,6,13,4674.15
Inosita Plus XR Tab. 100/1000mg 14's,2025,6,9019,6154404.81250029
Estar Tab. 20mg 14's,2025,6,6824,3724297.3125
Itipso Tab. 50mg 10's,2025,6,9359,1746364.95
Dapwiz Tab. 5mg 10's,2025,6,7408,1567463.75
Sacvin Tab. 200mg 30's,2025,6,496,1131511.245
Evopride Plus Tab. 2/500mg 30's,2025,6,39014,19174460.3615985
Fasteso Tab. 20mg 14's,2025,6,2071,461031.110699996
Lowplat Plus Tab. 75/150mg 10's,2025,6,3370,853850.872799995
Treatan Tab. 8mg 14's,2025,6,11040,4440354.9815002
Evopride Tab. 4mg 30's,2025,6,8388,7869377.35
Dapwiz Plus XR Tab. 5/500mg 14's,2025,6,2500,1092653.66499999
Erlina Plus XR Tab. 25/5/1000mg 14's,2025,6,9062,2576488.04000006
Treatan Tab. 4mg 14's,2025,6,15478,5211163.19999989
Eglaro Tab. 5mg 14's,2025,6,188,65905.7320000001
Tiocap Cap. 18mcg 30's,2025,6,2848,1807338
Diu Tansin Tab. 50/12.5mg 10's,2025,6,7745,1801974.3878
Eglaro Tab. 15mg 14's,2025,6,252,111327.73
Lowplat Plus Tab. 75/75mg 10's,2025,6,415822,104949006.09773
Dapwiz Plus XR Tab. 10/1000mg 14's,2025,6,1510,751799.874000002
Ivadin Tab. 5mg 14's,2025,6,-46,-16416.05
Ramipace Tab. 10mg 28's,2025,6,2153,2098971.71300003
Paridopa Tab. 100/25/200mg 30's,2025,6,2590,3969367.6125
Xilica Cap. 25mg 14's,2025,6,3694,889621.9418
SPEDICAM TABS 8MG 10`S,2025,6,0,0
Estar Tab. 10mg 14's,2025,6,72816,30417454.2575
Zilfom Tab. 400mg 5's,2025,6,2064,919749.0875
Erli Plus Tab. 12.5/850mg 14's,2025,6,5270,1899252.58
X-Plended EZ Tab. 20/10mg 10's,2025,6,17886,10219449.0795
Avsar Plus Tab. 320/10/25mg 28's,2025,6,3042,1712724.636
EvoCheck Pulse Oximeter,2025,6,115,300669.6
Dapwiz Plus XR Tab. 10/500mg 14's,2025,6,1223,579865.1635
Tiocap Cap. 18mcg 6's,2025,6,9432,1198925.34
Finno-Q Sac. 3g 10's,2025,6,6036,3027401.49160002
Omron BPM M1 Basic,2025,6,84,639116.385
Omron ETB Eco Temp Basic,2025,6,127,183213.242
Eglaro-S Tab. 5/100mg 14's,2025,6,3609,2063195.8285
K-1000 Plus Sac. 10's,2025,6,12312,3099593.5344001
Evokalm Tab. 200mg 10's,2025,6,884,409638.371600002
Evokalm Tab. 100mg 10's,2025,6,10849,4416274.77300004
Aircare Plus DPI Device 1's,2025,6,1457,576942.685500001
Evokalm XR Tab. 300mg 10's,2025,6,2122,1284911.238
Avsar Plus Tab. 160/10/25mg 28's,2025,6,10385,4692697.69839979
Oxivort Tab. 20mg 14's,2025,6,-33,-17763.3
Oxivort Tab. 10mg 14's,2025,6,-25,-8606.25
Evopride Tab. 1mg 30's,2025,6,3851,873337.529100029
BD SYRINGE - BAG 1CC 30GA 8MM 10 (328838),2025,6,2005650,67410814.5143
UriTreat Cap. 0.4mg 20's,2025,6,1659,1400851
Telsarta-D Tab. 80/12.5mg 14's,2025,6,5107,3149240.65
Ad-D Chewable Tab. 10000IU 8's,2025,6,1229,207266.432
Ferfer Sac. 30's,2025,6,26531,19940116.1716984
Zibes Tab. 10mg 20's,2025,6,1168,437610.675999999
Telsarta Tab. 80mg 10's,2025,6,4119,1564329.5869
Ramipace Tab. 5mg 28's,2025,6,13410,9713561.28599976
Avsar Plus Tab. 160/5/25mg 28's,2025,6,3802,1603600.76989997
Onita Sac. 2g 7's,2025,6,11690,13780413.35
Galvecta Plus Tab. 50/500mg 14's,2025,6,3655,1791805.049
Klevra Tab. 500mg 30's,2025,6,2888,4636169.64719994
"Opt-D Inj. 200,000 IU 1's",2025,6,59287,8423598.5989002
Byvas Tab. 2.5mg 14's,2025,6,41994,9070501.04799997
EvoCheck GS700 BGM Test Strips 50's,2025,6,7936,16335720.6999996
Zilero Tab. 2.5mg 30’s,2025,6,945,717116.967
Busonide Cap. 200/6 mcg 30's,2025,6,3642,1282831.30400002
Klevra Soln. 500mg/5mL 60mL,2025,6,3507,1923324.88099997
Duzalta Cap. 30mg 14's,2025,6,15983,9569902.96150024
Aircare DPI Device 1's,2025,6,28,12205.2
Inosita Tab. 50mg 28's,2025,6,8532,8469007.03999957
Evopride Plus Tab. 1/500mg 30's,2025,6,15287,4099417.48090049
Inosita Tab. 100mg 28's,2025,6,1601,2496511.628
Telsarta-A Tab. 10/80mg 10's,2025,6,8551,3106504.282
Supercran Sac. 10's,2025,6,7995,2159361.07159999
Erlina Plus XR Tab. 10/5/1000mg 14's,2025,6,8845,2511994.80000005
Erli Plus Tab. 12.5/1000mg 14's,2025,6,7712,2778788.193
K-1000 Tab. 30's,2025,6,25430,15861249.3589
Telsarta-A Tab. 5/80mg 14's,2025,6,9002,4843708.22650011
Inosita Plus Tab. 50/1000mg 28's,2025,6,21156,22309951.2614999
Omron BPM Evolv HEM-7600T-E,2025,6,15,561050.8246
Avsar Plus Tab. 160/5/12.5mg 28's,2025,6,45431,19346724.060504
Galvecta Tab. 50mg 10's,2025,6,1395,472854.6708
Byvas Tab. 5mg 14's,2025,6,51935,17019400.0259985
Anplag Tab. 60mg 14's,2025,6,2062,1448473.95
Tansin Tab. 50mg 10's,2025,6,19244,3735454.39360023
X-Plended Tab. 20mg 10's,2025,6,114264,64625370.8713
Erli Plus Tab. 12.5/500mg 14's,2025,6,18222,6568481.43400001
Omron Nebulizer NE-C101-E Essential,2025,6,4,45506.4447
Arbi-A Tab. 100/10mg 10's,2025,6,1063,325400.445999996
Actnise Crm. 50gm 1's,2025,6,8900,2812014.45360004
Inosita Tab. 25mg 10's,2025,6,1183,338660.773999999
Fasteso Tab. 40mg 14's,2025,6,5380,2121352.20799998
Tansin DS Tab. 100mg 10's,2025,6,1543,477507.4138
X-Plended Tab. 10mg 10's,2025,6,215569,86850581.1445234
Klevra XR Tab. 500mg 10's,2025,6,695,392713.0288
Avsar Tab. 160/5mg 14's,2025,6,62115,30799433.6220042
Evokalm XR Tab. 200mg 10's,2025,6,1819,1000482.1164
Evo Joshanda Sac. 30's,2025,6,-51,-22755.4239
Erlina Tab. 10/5mg 14's,2025,6,18863,9145666.12800047
"Opt-D Cap. 25,000IU 4's",2025,6,3963,777056.541800003
Erli Plus XR Tab. 5/1000mg 14's,2025,6,1972,734140.903
Retzole Tab. 2.5mg 10's,2025,6,2645,4695690.7
"Opt-D Cap. 200,000IU 1's",2025,6,80145,23827486.1281973
EvoCheck Go BGM Test Strip 50's,2025,6,7830,10814488.5999993
Vible Tab. 30's,2025,6,9678,6932409.89399968
Histalis Tab. 10mg 10's,2025,6,6860,1047619.1885
Treatan Tab. 16mg 28's,2025,6,2117,2190329.5581
Agoviz Tab. 25mg 14's,2025,6,4846,3422768.73750004
Arbi-D Tab. 300/25mg 14's,2025,6,1014,769850.5076
Arbi-A Tab. 100/5mg 10's,2025,6,2499,679134.614999992
Dapwiz Tab. 10mg 10's,2025,6,16197,5188515.8335
Orslim Cap. 120mg 30's,2025,6,28731,62428567.05
Zoltar Inj. 40mg 1's,2025,6,27352,4744468.91260001
Paridopa Tab. 125/31.25/200mg 30's,2025,6,67,89850.215
Phytus Syp. 120ML,2025,6,794,308722.284000001
Lowplat Tab. 75mg 10's,2025,6,342349,80742464.7975955
Duzalta Cap. 20mg 14's,2025,6,9382,5255329.14750029
Busonide Cap. 400/12 mcg 30's,2025,6,21636,9473546.02100037
Zoltar Cap. 40mg 14's,2025,6,4701,1544539.90159996
Evokalm Tab. 25mg 10's,2025,6,21365,4017166.23199983
Xcept Tab. 20mg 14's,2025,6,14291,11781690.963201
Sacvin Tab. 100mg 30's,2025,6,4345,8410268.04600024
Xilica Cap. 100mg 14's,2025,6,2442,1231053.88199999
Paridopa Tab. 150/37.5/200mg 30's,2025,6,430,601135.336
Gouric Tab. 80mg 20's,2025,6,29721,25357596.7795
EvoCheck GM700S BGM Meter Kit,2025,6,1014,2772699.45
Arbi Tab. 150mg 10's,2025,6,7858,2488912.6665
Avsar Tab. 160/10mg 14's,2025,6,62718,37690329.7360001
Zoltar Cap. 20mg 14's,2025,6,6501,1986344.87200005
Xilica Cap. 50mg 14's,2025,6,10974,3973091.81099985
Ferfer Gro Sac. 30's,2025,6,-39,-16410.414
Forsonide Cap. 50/500 mcg 30's,2025,6,678,379409.91
SETSPIN TABS 8MG 30S,2025,6,-1,-223.92
Vanzak Tab. 20mg 10's,2025,6,8057,2800688.885
Ad Folic OD Tab. 600mcg 30's,2025,6,41330,21567509.6533004
Redexa Cap. 30mg 30's,2025,6,1753,853213
Treatan-D Tab. 16/12.5mg 28's,2025,6,911,762349.611
Erli Tab. 10mg 14's,2025,6,32729,12364910.6819994
Paridopa Tab. 200/50/200mg 30's,2025,6,1340,2663519.8375
Galvecta Plus Tab. 50/850mg 14's,2025,6,5221,2648023.4443
Xilica Cap. 75mg 14's,2025,6,12490,5615251.02000022
Evopride Tab. 2mg 30's,2025,6,10951,4776626.00309991
Zibes Tab. 2.5mg 14's,2025,6,20092,1108996.87340003
Stevo Sac. 1gm 50's,2025,6,1163,467869.5
Dapwiz Plus XR Tab. 5/1000mg 14's,2025,6,901,313544.566000001
Aireez Tab. 5mg 30's,2025,6,726,288623.28
Omron BPM M1 Basic Limited Edition (DH),2025,6,2127,13519063.11
BD PEN NEEDLE 31GA 8MM (320109),2025,6,7745,175046.1002
Stevo Tab. 15mg 100's,2025,6,1699,565278.450200006
Xcept Tab. 15mg 14's,2025,6,15047,10457667.9669
Xcept Tab. 2.5mg 10's,2025,6,16865,4985115.75949999
Klevra Tab. 250mg 30's,2025,7,1809,1761737.93099997
Klevra Tab. 500mg 30's,2025,7,3147,5039258.91839992
Galvecta Plus Tab. 50/1000mg 14's,2025,7,2693,1388012.323
Avsar Plus Tab. 160/5/25mg 28's,2025,7,3416,1442713.63499998
Oxivort Tab. 10mg 14's,2025,7,-110,-37791.765
Finno-Q Sac. 3g 10's,2025,7,7217,3624502.33000006
Evokalm Tab. 100mg 10's,2025,7,11434,4665994.98260005
Busonide Cap. 200/6 mcg 30's,2025,7,3991,1407779.34950003
BD PEN NEEDLE 4MM 100’S,2025,7,86496,1918891.756
Femova Sac. 10's,2025,7,16362,17548896.1368992
FREEDEP TABS F.C. 0100MG X 20,2025,7,-1,-255
Evopride Plus Tab. 2/500mg 30's,2025,7,41336,20328744.5160992
Ferfer Sac. 30's,2025,7,31388,23585603.7197973
Omron BPM Wrist RS1,2025,7,107,470483.6725
BD PEN NEEDLE 31GA 5MM (320119),2025,7,27022,611816.067
Tiocap Cap. 18mcg 6's,2025,7,10755,1367361
Ad-D Chewable Tab. 2000IU 30's,2025,7,1550,584757.046299998
Avsar Plus Tab. 160/10/25mg 28's,2025,7,10924,4939430.08979973
Estar Tab. 10mg 14's,2025,7,84724,35378497.7
Eglaro Tab. 15mg 14's,2025,7,361,159560.096
Aircare Plus DPI Device 1's,2025,7,2285,904296.479099998
Xilica Cap. 150mg 14's,2025,7,1140,659540.252900003
EvoCheck Weighing Scale (Black),2025,7,1380,3604820.0144
Eglaro-S Tab. 5/100mg 14's,2025,7,4166,2381545.0875
Klevra XR Tab. 500mg 10's,2025,7,755,425510.068
BD SYRINGE - BAG 1CC 30GA 8MM 10 (328838),2025,7,1311840,44807234.1796
Neo Q 10 Cap. 100mg 20's,2025,7,3410,3777732.19819995
Zibes Tab. 5mg 20's,2025,7,24921,5035285.50149999
"Opt-D Cap. 100,000IU 2's",2025,7,3294,839571.026099997
Avsar Tab. 160/5mg 14's,2025,7,69173,34260014.9175062
X-Plended EZ Tab. 10/10mg 10's,2025,7,39630,14715304.9365
Anplag Tab. 60mg 14's,2025,7,2151,1511789.6
Gouric Tab. 40mg 20's,2025,7,125423,67672412.2949999
Erli Plus XR Tab. 25/1000mg 14's,2025,7,8920,6077369.53499967
X-Plended Tab. 20mg 10's,2025,7,133014,75141875.631
Diu Tansin Tab. 50/12.5mg 10's,2025,7,8791,2044220.009
Avsar Plus Tab. 160/5/12.5mg 28's,2025,7,48759,20757084.3295046
Nise Tab. 100mg 20's,2025,7,266974,69246847.873523
Tansin Tab. 50mg 10's,2025,7,20939,4064453.16420027
Erli Plus Tab. 12.5/500mg 14's,2025,7,19603,7064463.44300001
Erlina Plus XR Tab. 25/5/1000mg 14's,2025,7,4849,1377555.9
Dapwiz Plus XR Tab. 5/500mg 14's,2025,7,2934,1281823.545
Dipof Cap. 6/25mg 20's,2025,7,2163,707074.268000012
Revolic Tab. 30's,2025,7,1402,759835.160000004
Actnise Crm. 50gm 1's,2025,7,11912,3998608.0824001
Arbi-A Tab. 100/10mg 10's,2025,7,996,309839.995999997
Galvecta Plus Tab. 50/500mg 14's,2025,7,4340,2130153.6265
Telsarta-A Tab. 10/80mg 10's,2025,7,8801,3200276.911
Omron BPM M3 Comfort,2025,7,81,1355267.826
Zilero Tab. 5mg 30’s,2025,7,733,649882.8
X-Plended Tab. 10mg 10's,2025,7,245040,98621242.9190327
Duzalta Cap. 30mg 14's,2025,7,18852,11277967.2309999
Evopride Plus Tab. 1/500mg 30's,2025,7,16478,4418473.99270065
Inosita Plus Tab. 50/1000mg 28's,2025,7,25765,26991239.2699999
Dipof Cap. 3/25mg 20's,2025,7,7740,1507460.66359998
Aircare DPI Device 1's,2025,7,-3,-1307.7
Erli Plus Tab. 5/500mg 14's,2025,7,4241,1222858.263
"Opt-D Inj. 200,000 IU 1's",2025,7,67818,9645952.55040018
Azliv Tab. 250mg CP 6's,2025,7,-1,-156.89
Inosita Tab. 100mg 28's,2025,7,2804,4366503.1325
Arbi-D Tab. 150/12.5mg 10's,2025,7,13177,5001020.2455
Inosita Plus XR Tab. 50/500mg 14's,2025,7,37511,21730220.5560003
Zibes Tab. 10mg 20's,2025,7,1365,510368.338499998
Thewril Cap. 4mg 20's,2025,7,8914,5054753.344
Ramipace Tab. 1.25mg 28's,2025,7,10097,3661577.32320013
"Omron Weigh Scale HN-289 ",2025,7,41,218665.346
Ad Folic Tab. 30's,2025,7,34855,13483032.1779031
Evofix Susp. 100mg/5mL 60ML,2025,7,187,48393.645
Supercran Sac. 10's,2025,7,7200,2224476.4836
NUVAL D TABS 80+12.5MG 14`S,2025,7,-4,-792.08
"Opt-D Cap. 200,000IU 1's",2025,7,99422,29590002.0352958
Duzalta Cap. 60mg 10's,2025,7,4074,2342358.92300003
Redexa Cap. 60mg 30's,2025,7,2144,1625228.815
Erli Plus Tab. 5/1000mg 14's,2025,7,659,119225.811
Histalis Tab. 10mg 10's,2025,7,8411,1282745.1475
Agoviz Tab. 25mg 14's,2025,7,5247,3711210.30250006
Retzole Tab. 2.5mg 10's,2025,7,3612,6408159.35
Busonide Cap. 400/12 mcg 30's,2025,7,24782,10853645.962
EvoCheck Go BGM Test Strip 50's,2025,7,9610,13338998.207999
Sacvin Tab. 200mg 30's,2025,7,851,1955726.58
Arbi-D Tab. 300/12.5mg 10's,2025,7,7485,4235293.47
Erli Plus XR Tab. 5/1000mg 14's,2025,7,2009,746097.156
Erlina Plus XR Tab. 5/2.5/1000mg 14's,2025,7,2307,546169.54
Eglaro-S Tab. 15/100mg 14's,2025,7,12210,8162700.771
Erli Plus XR Tab. 10/1000mg 14's,2025,7,4209,1909216.705
Dapwiz Plus XR Tab. 10/1000mg 14's,2025,7,1712,852527.781000002
Treatan-D Tab. 16/12.5mg 28's,2025,7,1573,1315949.9398
Evopride Tab. 2mg 30's,2025,7,12135,5299943.12269961
Omron BPM M7 Intelli IT,2025,7,71,1592902.722
Erli Tab. 10mg 14's,2025,7,37326,14101286.8326991
EvoCheck Go BGM Meter Kit,2025,7,3537,5688746.95
Ramipace Tab. 2.5mg 28's,2025,7,29905,16244096.2897028
Evokalm XR Tab. 200mg 10's,2025,7,1732,951342.457
Anplag Tab. 90mg 20's,2025,7,25576,36509383.1300001
BD SYRINGE - BAG 1ML 31G 6MM,2025,7,91580,3509439.88499996
"Opt-D Cap. 25,000IU 4's",2025,7,5214,1023262.5769
Erlina Tab. 10/5mg 14's,2025,7,23602,11431525.203001
Ivadin Tab. 5mg 14's,2025,7,-270,-96211.5
Paridopa Tab. 100/25/200mg 30's,2025,7,2563,3932535.03
Erli Plus XR Tab. 12.5/1000mg 14's,2025,7,15311,7318448.6579997
Treatan Tab. 4mg 14's,2025,7,17896,6031690.49250006
Telsarta-A Tab. 10/40mg 10's,2025,7,6661,2145480.6615
Lowplat Plus Tab. 75/75mg 10's,2025,7,456819,115246123.736733
Eglaro Tab. 5mg 14's,2025,7,248,86839.6640000001
X-Plended EZ Tab. 20/10mg 10's,2025,7,16707,9540631.4939999
Sacvin Tab. 50mg 30's,2025,7,32128,42075789.6499979
Avsar Tab. 80/5mg 14's,2025,7,211927,82876329.0600286
Telsarta-A Tab. 5/40mg 14's,2025,7,25927,10748001.746
Vanzak Tab. 20mg 10's,2025,7,10414,3621490.025
Inosita Plus XR Tab. 100/1000mg 14's,2025,7,9971,6827252.53000037
Gouric Tab. 80mg 20's,2025,7,33006,28147625.9005
Xilica Cap. 25mg 14's,2025,7,4238,1020902.5368
Erlina Tab. 25/5mg 14's,2025,7,22254,15225096.8299995
FREEDEP TABS F.C. 0050MG X 30,2025,7,-1,-229.5
Xcept Tab. 20mg 14's,2025,7,15563,12828817.7942012
Ivadin Tab. 7.5mg 14's,2025,7,-4,-1388.475
Voxamine Tab. 100mg 10's,2025,7,8715,5348445.36500002
Duzalta Cap. 20mg 14's,2025,7,11645,6521606.2610004
Evofix DS Susp. 200mg/5mL 30ML,2025,7,265,72373.4625
Arbi-D Tab. 300/25mg 14's,2025,7,1111,841041
Orslim Cap. 120mg 30's,2025,7,33105,71906299.95
Avsar Tab. 160/10mg 14's,2025,7,67234,40399669.55
Estar Tab. 20mg 14's,2025,7,7813,4254164.7875
Omron BPM M1 Basic Limited Edition (DH),2025,7,3131,19878488.8299998
Bempion EZ Tab. 180/10mg CP 1x10'S,2025,7,1921,810130.75
Treatan Tab. 8mg 14's,2025,7,12020,4839753.30830013
Ferfer Gro Sac. 30's,2025,7,-62,-25911.18
Erlina Plus XR Tab. 12.5/2.5/1000mg 14's,2025,7,5479,1295055.58
Dapwiz Tab. 10mg 10's,2025,7,18081,5783498.3285
K-1000 Plus Sac. 10's,2025,7,14788,3720139.01160018
Dapwiz Plus XR Tab. 10/500mg 14's,2025,7,1368,649016.361
Vanzak Tab. 10mg 10's,2025,7,2418,573684.397
EvoCheck Weighing Scale (White),2025,7,46,109152.48
Aireez Sac. 4mg 14's,2025,7,2338,738044.587500003
Inosita Plus Tab. 50/850mg 28's,2025,7,16793,17623968.302
Zoltar Cap. 40mg 14's,2025,7,6365,2086780.03689995
UriTreat Cap. 0.4mg 20's,2025,7,1895,1602692
Erli Plus Tab. 5/850mg 14's,2025,7,600,108116.413
Bempion Tab. 180mg CP 1X10'S,2025,7,1783,722841.36
Oxivort Tab. 20mg 14's,2025,7,-8,-4386
Xcept Tab. 10mg 10's,2025,7,36969,16674714.894
Aireez Tab. 10mg 30's,2025,7,18030,11430159.474
Evo Joshanda Sac. 30's,2025,7,-248,-106949.0799
Omron BPM M1 Basic,2025,7,127,986675.7
Omron Nebulizer NE-C101-E Essential,2025,7,15,175406.5805
Aireez Tab. 5mg 30's,2025,7,727,288746.87
Estar Tab. 5mg 14's,2025,7,54578,15557067.1722976
Actiflor Sac. 250mg 10's,2025,7,8185,5169671.694
Evokalm XR Tab. 300mg 10's,2025,7,2452,1478736.194
Omron BPM Evolv HEM-7600T-E,2025,7,17,627733.16
Stevo Sac. 1gm 50's,2025,7,1802,674189.215
Avsar Plus Tab. 160/10/12.5mg 28's,2025,7,48900,22576934.04721
Erli Tab. 25mg 14's,2025,7,13396,6650023.84949949
Xcept Tab. 15mg 14's,2025,7,16778,11653292.2774
Evofix Cap. 400mg 10's,2025,7,4924,3371489.64
Telsarta Tab. 40mg 10's,2025,7,20084,5603511.78
Paridopa Tab. 50/12.5/200mg 30's,2025,7,1000,1030187.76
EvoCheck Infrared Thermometer,2025,7,33,137606.9037
Ramipace Tab. 5mg 28's,2025,7,14805,10713318.0600002
Telsarta Tab. 80mg 10's,2025,7,4279,1623709.3086
Byvas Tab. 5mg 14's,2025,7,60105,19693171.290497
Ad Folic OD Tab. 600mcg 30's,2025,7,48255,25185117.743502
EvoCheck GS700 BGM Test Strips 50's,2025,7,7562,15983680.8219994
Histalis Tab. 20mg 10's,2025,7,3157,911775.535
Inosita Tab. 50mg 28's,2025,7,9871,9782449.5394993
Evofix Susp. 100mg/5mL 30ML,2025,7,624,151200.3375
Byvas Tab. 2.5mg 14's,2025,7,48441,10459299.969
Voxamine Tab. 50mg 10's,2025,7,9870,3036469.36330011
Xilica Cap. 50mg 14's,2025,7,13259,4799096.63399994
Fasteso Tab. 40mg 14's,2025,7,6096,2397172.58399997
Inosita Plus XR Tab. 50/1000mg 14's,2025,7,15527,9665722.11149999
Paridopa Tab. 200/50/200mg 30's,2025,7,1709,3392887.1575
Evokalm Tab. 200mg 10's,2025,7,729,336488.685700001
Evopride Tab. 1mg 30's,2025,7,4715,1070960.71620006
Stevo Tab. 15mg 200's,2025,7,1877,816645.353599998
Erlina Plus XR Tab. 10/5/1000mg 14's,2025,7,9909,2813154.7640001
Erli Plus Tab. 12.5/1000mg 14's,2025,7,9015,3243856.4705
K-1000 Tab. 30's,2025,7,32990,20549973.5751008
Sparliv Tab. 30's,2025,7,5083,4008045.07200018
Phytus Syp. 120ML,2025,7,1065,423503.646
EvoCheck GM700S BGM Meter Kit,2025,7,674,1676286.68
NEBULIZERS Comp C 803,2025,7,-2,-14153.84
Inosita Tab. 25mg 10's,2025,7,1446,413412.527999999
Onita Sac. 2g 7's,2025,7,12902,15224758.85
EvoCheck BPM68,2025,7,-83,-432315.6929
Arbi Tab. 300mg 10's,2025,7,3834,1616212.352
Ad-D Chewable Tab. 10000IU 8's,2025,7,1599,270131.945599999
Lowplat Tab. 75mg 10's,2025,7,375778,88575941.2690785
SheVit Tab. 30's,2025,7,21703,10736646.3507995
X-Plended Tab. 5mg 10's,2025,7,58698,13570689.4450019
Arbi-A Tab. 100/5mg 10's,2025,7,2862,776912.92649999
Lowplat Plus Tab. 75/150mg 10's,2025,7,3541,895932.322199998
Dapwiz Tab. 5mg 10's,2025,7,8101,1713550.87
Arbi Tab. 150mg 10's,2025,7,8569,2713950.7471
Kalsob Tab. 30's,2025,7,55273,34356512.4687954
Evokalm Tab. 25mg 10's,2025,7,23580,4437483.20799986
Forsonide Cap. 50/500 mcg 30's,2025,7,720,403072.89
Ramipace Tab. 10mg 28's,2025,7,2444,2383492.31800001
Stevo Tab. 15mg 100's,2025,7,2558,806663.826399997
Anex-M Tab. 85/500mg 2's,2025,7,2927,968932.111199989
Omron ETB Eco Temp Basic,2025,7,149,205773.918
Telsarta Tab. 20mg 10's,2025,7,10171,1890268.2296
X-Plended EZ Tab. 5/10mg 10's,2025,7,10153,2484310.0025
Paridopa Tab. 150/37.5/200mg 30's,2025,7,503,701965.202
Xilica Cap. 75mg 14's,2025,7,15200,6839608.00860044
Paridopa Tab. 75/18.75/200mg 14's,2025,7,41,17484.5
Inosita Plus Tab. 50/500mg 28's,2025,7,68683,70532145.1600163
Redexa Cap. 30mg 30's,2025,7,1846,900248.6
Telsarta-D Tab. 80/12.5mg 14's,2025,7,3091,1904794.0088
Galvecta Plus Tab. 50/850mg 14's,2025,7,6205,3148653.1027
Vible Tab. 30's,2025,7,11220,8047691.36729953
Evopride Tab. 4mg 30's,2025,7,9240,8671882.75
Evopride Tab. 3mg 30's,2025,7,4549,2768833.35
Dapwiz Plus XR Tab. 5/1000mg 14's,2025,7,966,337162.054000002
Zibes Tab. 2.5mg 14's,2025,7,23117,1275995.62200003
BD PEN NEEDLE 31GA 8MM (320109),2025,7,5930,134870.305
Treatan Tab. 16mg 28's,2025,7,2233,2314927.9695
Zilfom Tab. 400mg 5's,2025,7,2837,1263994.2
Tansin DS Tab. 100mg 10's,2025,7,1604,495209.9702
Xilica Cap. 100mg 14's,2025,7,3149,1586427.24589998
Galvecta Tab. 50mg 10's,2025,7,1582,534621.9696
EvoCheck Pulse Oximeter,2025,7,163,428840
Avsar Plus Tab. 320/10/25mg 28's,2025,7,4454,2506710.265
Erli Plus Tab. 12.5/850mg 14's,2025,7,6007,2163079.0225
Paridopa Tab. 125/31.25/200mg 30's,2025,7,102,137903.892
Telsarta-D Tab. 40/12.5mg 14's,2025,7,5673,2349129.0348
Zoltar Cap. 20mg 14's,2025,7,7677,2349080.16710005
Klevra Soln. 500mg/5mL 60mL,2025,7,4004,2189994.39149997
Zilero Tab. 2.5mg 30’s,2025,7,1225,930178.5705
Itipso Tab. 50mg 10's,2025,7,13043,2433889.15
Sacvin Tab. 100mg 30's,2025,7,4591,8872164.38770031
Fasteso Tab. 20mg 14's,2025,7,2690,596549.442899995
Momist Nasal Spray 50mcg CP 1X1'S,2025,7,5229,3058943.535
Telsarta-A Tab. 5/80mg 14's,2025,7,9556,5139059.19810003
Byvas Tab. 10mg 14's,2025,7,4571,1835456.2665
Tiocap Cap. 18mcg 30's,2025,7,3552,2251828.5
Zoltar Inj. 40mg 1's,2025,7,30739,5605983.84710001
Forsonide Cap. 50/250 mcg 30's,2025,7,310,157549.2
Xcept Tab. 2.5mg 10's,2025,7,19360,5722172.91899999
Eglaro Tab. 15mg 14's,2025,8,371,163103.474
Stevo Sac. 1gm 50's,2025,8,1958,794749.5
Sacvin Tab. 200mg 30's,2025,8,629,1447833.39
Omron BPM Evolv HEM-7600T-E,2025,8,33,1217786.9648
Arbi-A Tab. 100/10mg 10's,2025,8,947,294673.051999998
Aireez Tab. 5mg 30's,2025,8,938,373724.345
Inosita TABS 50MG 10`S,2025,8,0,0
Estar Tab. 10mg 14's,2025,8,83960,35053249.02
Anplag Tab. 60mg 14's,2025,8,2331,1643363.14
Klevra Tab. 250mg 30's,2025,8,1733,1687494.64019998
Omron Nebulizer NE-C101-E Essential,2025,8,15,166918.7147
Xilica Cap. 25mg 14's,2025,8,4748,1144137.0184
Actnise Crm. 50gm 1's,2025,8,10852,3498591.48860007
Xcept Tab. 15mg 14's,2025,8,15250,10609455.449
Xilica Cap. 50mg 14's,2025,8,13346,4836934.70699995
Agoviz Tab. 25mg 14's,2025,8,5525,3905894.38450006
Avsar Tab. 160/5mg 14's,2025,8,67131,33296020.496505
"Opt-D Cap. 100,000IU 2's",2025,8,2994,764193.473199998
Duzalta Cap. 30mg 14's,2025,8,17699,10612295.0002999
Evopride Plus Tab. 1/500mg 30's,2025,8,15544,4166539.0253005
Evokalm XR Tab. 200mg 10's,2025,8,1777,974458.2614
Erli Plus XR Tab. 10/1000mg 14's,2025,8,3854,1753968.846
Klevra XR Tab. 500mg 10's,2025,8,803,449905.9792
Oxivort Tab. 10mg 14's,2025,8,-619,-211524.415
Eglaro-S Tab. 15/100mg 14's,2025,8,12030,8043470.9185
BD PEN NEEDLE 31GA 5MM (320119),2025,8,31812,720854.2942
Oxivort Tab. 20mg 14's,2025,8,-5,-2713.835
Erlina Plus XR Tab. 5/2.5/1000mg 14's,2025,8,1134,269028.06
Ferfer Sac. 30's,2025,8,30073,22600446.1992978
Zoltar Cap. 40mg 14's,2025,8,5601,1847263.65579996
Erli Plus Tab. 5/1000mg 14's,2025,8,907,163943.001999999
Eglaro Tab. 5mg 14's,2025,8,193,67651.6960000001
BD SYRINGE - BAG 1CC 30GA 8MM 10 (328838),2025,8,1858630,63410988.03
Byvas Tab. 5mg 14's,2025,8,58206,19070505.5149974
Avsar Plus Tab. 160/5/12.5mg 28's,2025,8,47105,20060837.5425043
Evopride Tab. 1mg 30's,2025,8,4532,1029057.61110005
UriTreat Cap. 0.4mg 20's,2025,8,1800,1522800.5
Avsar Plus Tab. 160/10/25mg 28's,2025,8,10128,4576429.80059986
Omron BPM M1 Basic,2025,8,113,852672.4325
K-1000 Plus Sac. 10's,2025,8,15791,3972929.65080019
Avsar Plus Tab. 160/5/25mg 28's,2025,8,3867,1633823.45449998
Inosita TABS 100MG 14`S,2025,8,4,1970.64
Diu Tansin Tab. 50/12.5mg 10's,2025,8,8399,1954958.6372
Onita Sac. 2g 7's,2025,8,12088,14261488.4875
Femova Sac. 10's,2025,8,16445,17635920.6266994
Zibes Tab. 10mg 20's,2025,8,1312,492096.265999998
Busonide Cap. 200/6 mcg 30's,2025,8,4610,1623894.73950004
"Opt-D Cap. 200,000IU 1's",2025,8,106980,31762556.2280954
EvoCheck GS700 BGM Test Strips 50's,2025,8,7922,16600970.0028997
Evokalm XR Tab. 300mg 10's,2025,8,2425,1469432.315
Byvas Tab. 2.5mg 14's,2025,8,48916,10556672.8315
EvoCheck GM700S BGM Meter Kit,2025,8,819,2016627.65
Telsarta Tab. 80mg 10's,2025,8,3821,1451913.2306
Aircare DPI Device 1's,2025,8,2,871.8
Inosita Tab. 50mg 28's,2025,8,10232,10155344.1324993
Supercran Sac. 10's,2025,8,3750,1229900.8769
Galvecta Plus Tab. 50/500mg 14's,2025,8,4136,2029368.081
Telsarta-A Tab. 10/80mg 10's,2025,8,4371,1590586.368
Inosita Tab. 100mg 28's,2025,8,2577,4015152.0275
"Opt-D Cap. 25,000IU 4's",2025,8,4888,955878.818400005
Inosita Plus Tab. 50/1000mg 28's,2025,8,21932,23246971.719
Evokalm Tab. 200mg 10's,2025,8,1175,541547.046100004
Paridopa Tab. 200/50/200mg 30's,2025,8,682,1365238.5925
Erlina Plus XR Tab. 10/5/1000mg 14's,2025,8,10198,2893435.02000011
Stevo Tab. 15mg 100's,2025,8,2410,790359.984400003
Dapwiz Plus XR Tab. 5/1000mg 14's,2025,8,921,320984.565000002
Busonide Cap. 400/12 mcg 30's,2025,8,25488,11154497.8265
Forsonide Cap. 50/500 mcg 30's,2025,8,702,393109.53
Erli Plus XR Tab. 12.5/1000mg 14's,2025,8,14342,6856222.51899978
Klevra Tab. 500mg 30's,2025,8,3477,5574242.2679999
Arbi Tab. 150mg 10's,2025,8,8242,2610864.8625
BD PEN NEEDLE 31GA 8MM (320109),2025,8,7770,175502.9212
Xilica Cap. 100mg 14's,2025,8,2913,1470333.65189998
Galvecta Plus Tab. 50/850mg 14's,2025,8,5824,2956065.2927
X-Plended Tab. 20mg 10's,2025,8,125843,71160116.8199
Treatan-D Tab. 16/12.5mg 28's,2025,8,1528,1279317.1194
Histalis Tab. 10mg 10's,2025,8,9317,1420749.635
Gouric Tab. 80mg 20's,2025,8,31431,26799697.43
Arbi-A Tab. 100/5mg 10's,2025,8,2600,705434.215999993
Tansin Tab. 50mg 10's,2025,8,21666,4209610.38510026
Erli Tab. 10mg 14's,2025,8,37245,14083347.4304992
Tansin DS Tab. 100mg 10's,2025,8,1675,517284.4735
X-Plended Tab. 10mg 10's,2025,8,229195,92325010.5595314
Galvecta Plus Tab. 50/1000mg 14's,2025,8,2663,1371132.8129
Erlina Tab. 10/5mg 14's,2025,8,22096,10716108.7460009
Finno-Q Sac. 3g 10's,2025,8,6821,3425075.41200005
Evokalm Tab. 100mg 10's,2025,8,11275,4588860.15000005
Vible Tab. 30's,2025,8,12606,9028322.47799943
Tiocap Cap. 18mcg 6's,2025,8,10724,1363153.5
Retzole Tab. 2.5mg 10's,2025,8,3474,6162913.1
Sacvin Tab. 50mg 30's,2025,8,29693,38893026.1105005
Xilica Cap. 150mg 14's,2025,8,1062,622095.319000003
BD PEN NEEDLE 4MM 100’S,2025,8,84360,1870484.628
Erli Plus XR Tab. 5/1000mg 14's,2025,8,1898,705290.373
EvoCheck Go BGM Test Strip 50's,2025,8,12014,16523433.0738993
Evopride Tab. 2mg 30's,2025,8,10626,4635060.12449994
Zibes Tab. 2.5mg 14's,2025,8,15605,862295.297600015
"Opt-D Inj. 200,000 IU 1's",2025,8,73350,10426356.6971001
Paridopa Tab. 125/31.25/200mg 30's,2025,8,7,11602.57
Erli Plus Tab. 12.5/500mg 14's,2025,8,21242,7653056.48050001
Xcept Tab. 20mg 14's,2025,8,13453,11094020.7069009
Zoltar Inj. 40mg 1's,2025,8,29170,5079320.57950001
Ad-D Chewable Tab. 10000IU 8's,2025,8,1718,289885.2288
Duzalta Cap. 20mg 14's,2025,8,11250,6296890.85100036
Zilero Tab. 2.5mg 30’s,2025,8,1211,920141.6175
Duzalta Cap. 60mg 10's,2025,8,3958,2273297.11900003
Xcept Tab. 2.5mg 10's,2025,8,18570,5485880.66249999
Vanzak Tab. 20mg 10's,2025,8,10586,3682724.96
Omron BPM M1 Basic Limited Edition (DH),2025,8,3124,19806984.6299999
Evokalm Tab. 25mg 10's,2025,8,23592,4439340.83199985
Thewril Cap. 4mg 20's,2025,8,8714,4939153.9038
Gouric Tab. 40mg 20's,2025,8,120201,64888338.2749998
Paridopa Tab. 150/37.5/200mg 30's,2025,8,492,686560.236
Aircare Plus DPI Device 1's,2025,8,7152,2680392.18919999
Orslim Cap. 120mg 30's,2025,8,33456,72677159.85
Sacvin Tab. 100mg 30's,2025,8,4533,8754364.20000029
Galvecta Tab. 50mg 10's,2025,8,1467,497112.543
Treatan Tab. 16mg 28's,2025,8,2345,2422127.9445
Momist Nasal Spray 50mcg CP 1X1'S,2025,8,7683,4485358.455
Erlina Tab. 25/5mg 14's,2025,8,17805,12222079.9259998
Arbi-D Tab. 300/25mg 14's,2025,8,923,700510.4372
Ferfer Gro Sac. 30's,2025,8,-38,-15954.2219
Avsar Tab. 160/10mg 14's,2025,8,65388,39300878.9700001
Eglaro-S Tab. 5/100mg 14's,2025,8,4316,2465404.2169
Evofix Susp. 100mg/5mL 60ML,2025,8,149,38382.6765
Dipof Cap. 6/25mg 20's,2025,8,2226,724315.491200013
Lowplat Plus Tab. 75/150mg 10's,2025,8,3641,921105.553499997
Nise Tab. 100mg 20's,2025,8,262799,68139899.6750265
Ad Folic OD Tab. 600mcg 30's,2025,8,45746,23874242.7599012
Ramipace Tab. 10mg 28's,2025,8,2214,2161901.71450003
Erlina Plus XR Tab. 25/5/1000mg 14's,2025,8,11042,3132475.5560001
Histalis Tab. 20mg 10's,2025,8,3276,946227.22
Dipof Cap. 3/25mg 20's,2025,8,7662,1488841.85739998
Neo Q 10 Cap. 100mg 20's,2025,8,3425,3798812.09009995
Avsar Plus Tab. 320/10/25mg 28's,2025,8,3912,2200584.7625
Evofix Susp. 100mg/5mL 30ML,2025,8,724,175600.3525
Revolic Tab. 30's,2025,8,1361,738023.613600004
Paridopa Tab. 50/12.5/200mg 30's,2025,8,646,667380.559999999
SETSPIN TABS 16MG 30S,2025,8,-1,-309.22
Redexa Cap. 30mg 30's,2025,8,2168,1056059.975
Evofix Cap. 400mg 10's,2025,8,5041,3436304.18
Zibes Tab. 5mg 20's,2025,8,23804,4810208.7333
Evopride Plus Tab. 2/500mg 30's,2025,8,38995,19174538.2042983
Arbi-D Tab. 150/12.5mg 10's,2025,8,12838,4877811.6235
Erli Tab. 25mg 14's,2025,8,13057,6485322.08199955
Zoltar Cap. 20mg 14's,2025,8,8445,2573456.68160007
Erli Plus Tab. 5/500mg 14's,2025,8,4123,1188653.77
Aireez Sac. 4mg 14's,2025,8,2298,726583.638000003
EvoCheck Infrared Thermometer,2025,8,17,77777.8188
Ad-D Chewable Tab. 2000IU 30's,2025,8,1527,575461.378799999
EvoCheck Weighing Scale (Black),2025,8,1173,2985732.1118
Omron BPM M3 Comfort,2025,8,98,1608514.5232
Inosita Plus XR Tab. 50/1000mg 14's,2025,8,13934,8700847.68949999
SheVit Tab. 30's,2025,8,13946,6901220.78459996
Avsar Plus Tab. 160/10/12.5mg 28's,2025,8,46587,21520876.1579093
Erlina Plus XR Tab. 12.5/2.5/1000mg 14's,2025,8,1891,448417.704
Xilica Cap. 75mg 14's,2025,8,14751,6633052.09170036
Dapwiz Tab. 10mg 10's,2025,8,16349,5247973.3735
Aireez Tab. 10mg 30's,2025,8,19905,12533235.465
Erli Plus XR Tab. 25/1000mg 14's,2025,8,8574,5829566.73899972
Bempion Tab. 180mg CP 1X10'S,2025,8,471,190132.08
Byvas Tab. 10mg 14's,2025,8,4108,1650082.3245
Omron BPM Wrist RS1,2025,8,68,400676.376
Lowplat Tab. 75mg 10's,2025,8,365796,86269125.2346812
Dapwiz Plus XR Tab. 5/500mg 14's,2025,8,3060,1335707.56
Xcept Tab. 10mg 10's,2025,8,36942,16652307.296
Voxamine Tab. 50mg 10's,2025,8,9509,2921416.8245001
Erli Plus Tab. 5/850mg 14's,2025,8,-18,-2848.70699999987
"Omron Weigh Scale HN-289 ",2025,8,12,64411.5564
Ramipace Tab. 1.25mg 28's,2025,8,8946,3250024.89710009
Fasteso Tab. 20mg 14's,2025,8,2773,615896.787599996
Evo Joshanda Sac. 30's,2025,8,9,4812.3689
Itipso Tab. 50mg 10's,2025,8,14198,2648737.19
X-Plended EZ Tab. 10/10mg 10's,2025,8,35954,13366500.38
Telsarta-D Tab. 40/12.5mg 14's,2025,8,2687,1118966.1914
Actiflor Sac. 250mg 10's,2025,8,7900,5015993.2745
X-Plended EZ Tab. 5/10mg 10's,2025,8,10166,2484554.845
Ad Folic Tab. 30's,2025,8,32242,12472218.0386026
Inosita Plus XR Tab. 50/500mg 14's,2025,8,36404,21091783.6180003
Sparliv Tab. 30's,2025,8,5108,4024720.86030016
Zilero Tab. 5mg 30’s,2025,8,766,679949.6409
Arbi Tab. 300mg 10's,2025,8,3920,1648024.7944
Phytus Syp. 120ML,2025,8,1904,759021.468999997
Evopride Tab. 3mg 30's,2025,8,3990,2427006.105
Dapwiz Tab. 5mg 10's,2025,8,8064,1705618.16
Dapwiz Plus XR Tab. 10/1000mg 14's,2025,8,664,331582.492499999
EvoCheck Pulse Oximeter,2025,8,130,337440
Telsarta Tab. 40mg 10's,2025,8,18615,5191531.4
Paridopa Tab. 100/25/200mg 30's,2025,8,2396,3669370.44
Telsarta-D Tab. 80/12.5mg 14's,2025,8,239,150633.804
Ramipace Tab. 5mg 28's,2025,8,14031,10158216.382
Treatan Tab. 4mg 14's,2025,8,16382,5524544.40350002
Telsarta-A Tab. 10/40mg 10's,2025,8,6355,2047522.089
Erli Plus Tab. 12.5/850mg 14's,2025,8,5944,2137695.425
Redexa Cap. 60mg 30's,2025,8,2211,1671999.0175
Zilfom Tab. 400mg 5's,2025,8,3242,1443527.1625
EvoCheck Weighing Scale (White),2025,8,134,298413.3888
Anex-M Tab. 85/500mg 2's,2025,8,2866,948298.168399988
Ivadin Tab. 5mg 14's,2025,8,-39,-13884.75
Arbi-D Tab. 300/12.5mg 10's,2025,8,7121,4033811.3485
Inosita Plus Tab. 50/850mg 28's,2025,8,15850,16655961.3495
Dapwiz Plus XR Tab. 10/500mg 14's,2025,8,1454,688798.5965
Estar Tab. 5mg 14's,2025,8,55492,15814315.7585976
Klevra Soln. 500mg/5mL 60mL,2025,8,4301,2354884.67749998
X-Plended EZ Tab. 20/10mg 10's,2025,8,17058,9749335.90299997
Estar Tab. 20mg 14's,2025,8,7616,4145081.7587
X-Plended Tab. 5mg 10's,2025,8,55578,12842854.4200016
Anplag Tab. 90mg 20's,2025,8,25435,36355586.04
Omron BPM M7 Intelli IT,2025,8,273,6556763.478
Ramipace Tab. 2.5mg 28's,2025,8,27462,14941029.7310025
Kalsob Tab. 30's,2025,8,55227,34345783.3594951
Voxamine Tab. 100mg 10's,2025,8,8305,5092175.03280001
Vanzak Tab. 10mg 10's,2025,8,2597,614270.7665
Paridopa Tab. 75/18.75/200mg 14's,2025,8,70,29325
Inosita Plus Tab. 50/500mg 28's,2025,8,62432,64522525.6770117
Evofix DS Susp. 200mg/5mL 30ML,2025,8,222,60613.6275
Inosita Tab. 25mg 10's,2025,8,1487,425610.435999998
Tiocap Cap. 18mcg 30's,2025,8,3260,2068018.125
Fasteso Tab. 40mg 14's,2025,8,7057,2778629.00159994
Forsonide Cap. 50/250 mcg 30's,2025,8,350,177837
Lowplat Plus Tab. 75/75mg 10's,2025,8,441869,111574041.484033
EvoCheck BPM68,2025,8,-54,-271735.3868
Ivadin Tab. 7.5mg 14's,2025,8,-12,-3962.7
K-1000 Tab. 30's,2025,8,20317,12658972.3955003
Inosita Plus XR Tab. 100/1000mg 14's,2025,8,9430,6463333.27500036
Treatan Tab. 8mg 14's,2025,8,11180,4506225.95350018
Telsarta-A Tab. 5/80mg 14's,2025,8,6626,3567898.53030013
BD SYRINGE - BAG 1ML 31G 6MM,2025,8,163260,6259010.12449999
EvoCheck Go BGM Meter Kit,2025,8,3077,4886006.375
Omron ETB Eco Temp Basic,2025,8,206,288694.6729
Telsarta Tab. 20mg 10's,2025,8,8670,1615153.136
Erli Plus Tab. 12.5/1000mg 14's,2025,8,8660,3114945.4875
Evopride Tab. 4mg 30's,2025,8,8175,7673292.55
Stevo Tab. 15mg 200's,2025,8,1931,877061.721200003
Avsar Tab. 80/5mg 14's,2025,8,203401,79566321.4500265
Bempion EZ Tab. 180/10mg CP 1x10'S,2025,8,689,289408
Telsarta-A Tab. 5/40mg 14's,2025,8,24428,10127659.101
Omron BPM Evolv HEM-7600T-E,2025,9,22,800389.8019
Evofix Cap. 400mg 10's,2025,9,6010,4080624.41
Aireez Tab. 5mg 30's,2025,9,1293,512087.43
Inosita Plus XR Tab. 50/1000mg 14's,2025,9,15129,9429385.3055
Zoltar Cap. 20mg 14's,2025,9,8869,2706338.80340007
Xcept Tab. 15mg 14's,2025,9,17119,11888193.1247
Stevo Sac. 1gm 50's,2025,9,558,262764.96
Redexa Cap. 30mg 30's,2025,9,2152,1047657.2192
Paridopa Tab. 50/12.5/200mg 30's,2025,9,677,694394.512
Vanzak Tab. 20mg 10's,2025,9,12845,4468644.735
Erli Tab. 25mg 14's,2025,9,14287,7083110.1784995
Erlina Tab. 10/5mg 14's,2025,9,19858,9616609.79300046
Voxamine Tab. 50mg 10's,2025,9,9548,2940133.83950009
Xilica Cap. 50mg 14's,2025,9,12930,4683911.9415999
Ad Folic OD Tab. 600mcg 30's,2025,9,46824,24431884.945501
EvoCheck GS700 BGM Test Strips 50's,2025,9,8759,18312668.3445995
Arbi-A Tab. 100/5mg 10's,2025,9,1958,531567.4528
Byvas Tab. 2.5mg 14's,2025,9,50274,10845721.5155
Arbi Tab. 150mg 10's,2025,9,7967,2524972.2455
EvoCheck GM700S BGM Meter Kit,2025,9,831,2102062.7
Dapwiz Plus XR Tab. 5/1000mg 14's,2025,9,528,184634.195
Iprazyme-S Inh. Sol. 0.5/2.5mg 5X2mL,2025,9,196,112157.5
Forsonide Cap. 50/500 mcg 30's,2025,9,775,432312.21
Erlina Plus XR Tab. 10/5/1000mg 14's,2025,9,10356,2937209.4030001
Momist Nasal Spray 50mcg CP 1X1'S,2025,9,7454,4335806.82
Gouric Tab. 80mg 20's,2025,9,32362,27610844.27
Paridopa Tab. 200/50/200mg 30's,2025,9,1402,2784905.2785
Zoltar Cap. 40mg 14's,2025,9,6624,2172668.44549997
Evo Joshanda Sac. 30's,2025,9,-343,-170622.6675
Paridopa Tab. 125/31.25/200mg 30's,2025,9,104,142213.448
Evokalm XR Tab. 300mg 10's,2025,9,2356,1420784.469
Dapwiz Tab. 10mg 10's,2025,9,17762,5698506.521
Agoviz Tab. 25mg 14's,2025,9,5265,3723076.14300005
Zoltar Inj. 40mg 1's,2025,9,27475,4828762.00120001
Telsarta Tab. 80mg 10's,2025,9,4569,1729921.4133
Sacvin Tab. 100mg 30's,2025,9,4154,8026617.70860022
Evokalm Tab. 25mg 10's,2025,9,24470,4605339.87349988
Ferfer Gro Sac. 30's,2025,9,-62,-26121.84
Phytus Syp. 120ML,2025,9,1501,597576.663999999
Arbi-D Tab. 300/25mg 14's,2025,9,1023,773229.613
Avsar Tab. 160/10mg 14's,2025,9,67991,40854132.9640001
Duzalta Cap. 20mg 14's,2025,9,11718,6557128.23200037
Sparliv Tab. 30's,2025,9,5180,4085858.75190016
Evopride Tab. 1mg 30's,2025,9,4422,1003415.34860004
Xilica Cap. 75mg 14's,2025,9,14710,6617681.48220027
EvoCheck Go BGM Test Strip 50's,2025,9,11031,15300337.1239994
Zibes Tab. 2.5mg 14's,2025,9,25942,1432253.42040003
EvoCheck Infrared Thermometer,2025,9,34,153846.25
Erlina Plus XR Tab. 12.5/2.5/1000mg 14's,2025,9,3139,741372.975
Evokalm XR Tab. 200mg 10's,2025,9,2058,1130948.494
K-1000 Plus Sac. 10's,2025,9,13640,3433138.20960012
Lowplat Tab. 75mg 10's,2025,9,370899,87417029.8808827
UriTreat Cap. 0.4mg 20's,2025,9,1829,1546124.5
Erli Plus Tab. 5/850mg 14's,2025,9,707,128203.273
Erli Plus XR Tab. 5/1000mg 14's,2025,9,1523,565528.63
Xcept Tab. 10mg 10's,2025,9,36402,16380557.2985
"Opt-D Cap. 25,000IU 4's",2025,9,4721,925902.239100007
Omron BPM M1 Basic,2025,9,123,959794.55
"Opt-D Cap. 200,000IU 1's",2025,9,107991,32081446.9301952
EvoCheck Pulse Oximeter,2025,9,130,361440
Klevra Soln. 500mg/5mL 60mL,2025,9,4181,2287357.09799997
Tansin DS Tab. 100mg 10's,2025,9,1492,462724.485
Omron Nebulizer NE-C101-E Essential,2025,9,22,250621.0391
X-Plended Tab. 10mg 10's,2025,9,244306,98281799.657536
Avsar Tab. 160/5mg 14's,2025,9,69354,34370509.1605054
Stevo Tab. 15mg 100's,2025,9,584,222784.342
Tansin Tab. 50mg 10's,2025,9,22894,4444018.45540014
Inosita Tab. 25mg 10's,2025,9,1278,365365.427999999
X-Plended Tab. 20mg 10's,2025,9,136448,77027573.9771
Actnise Crm. 50gm 1's,2025,9,17313,5694273.98689989
Galvecta Plus Tab. 50/850mg 14's,2025,9,5767,2922430.7785
Fasteso Tab. 40mg 14's,2025,9,8283,3259663.23199995
Paridopa Tab. 150/37.5/200mg 30's,2025,9,465,650753.016
Telsarta-A Tab. 5/80mg 14's,2025,9,8876,4771057.72370006
Arbi-A Tab. 100/10mg 10's,2025,9,620,192297.850999999
Xcept Tab. 2.5mg 10's,2025,9,18953,5598532.71799999
Dapwiz Tab. 5mg 10's,2025,9,8099,1713144.927
Erli Plus Tab. 12.5/1000mg 14's,2025,9,8484,3051180.893
K-1000 Tab. 30's,2025,9,34392,21412078.7198014
Klevra Tab. 500mg 30's,2025,9,3648,5848139.8079999
Inosita Tab. 50mg 28's,2025,9,11230,11078156.7174991
Evopride Tab. 4mg 30's,2025,9,8056,7549857.25
BD PEN NEEDLE 31GA 8MM (320109),2025,9,7141,162038.5753
Xilica Cap. 100mg 14's,2025,9,2822,1419765.09839999
Galvecta Tab. 50mg 10's,2025,9,1480,501803.6752
Inosita Tab. 100mg 28's,2025,9,2477,3843385.515
Erli Plus Tab. 12.5/850mg 14's,2025,9,5753,2069489.065
Inosita Plus Tab. 50/1000mg 28's,2025,9,25642,26739125.593
Zilfom Tab. 400mg 5's,2025,9,3269,1456223.1875
Duzalta Cap. 30mg 14's,2025,9,18399,11016399.4694001
Avsar Plus Tab. 160/10/25mg 28's,2025,9,10548,4769135.85699981
Ramipace Tab. 5mg 28's,2025,9,13805,10000737.1379999
Treatan Tab. 16mg 28's,2025,9,2156,2233214.0573
Onita Sac. 2g 7's,2025,9,12573,14817687.9
Telsarta-D Tab. 80/12.5mg 14's,2025,9,2730,1684222.4986
Omron ETB Eco Temp Basic,2025,9,190,274031.7091
"Opt-D Inj. 200,000 IU 1's",2025,9,77855,11078947.932
Telsarta Tab. 20mg 10's,2025,9,9771,1813176.4528
Aircare DPI Device 1's,2025,9,-5,-2179.5
Zilero Tab. 2.5mg 30’s,2025,9,1287,979161.75
Dapwiz Plus XR Tab. 10/500mg 14's,2025,9,1543,729383.5465
Avsar Plus Tab. 160/5/25mg 28's,2025,9,3749,1584544.94299998
X-Plended Tab. 5mg 10's,2025,9,61269,14140549.165002
Erli Plus Tab. 12.5/500mg 14's,2025,9,21350,7692112.48100001
Byvas Tab. 5mg 14's,2025,9,60616,19845889.3154971
Vible Tab. 30's,2025,9,12722,9109092.02859942
Evokalm Tab. 200mg 10's,2025,9,1169,538890.307400003
Busonide Cap. 200/6 mcg 30's,2025,9,4668,1646054.30700003
Evokalm Tab. 100mg 10's,2025,9,12265,5008325.54680009
Galvecta Plus Tab. 50/500mg 14's,2025,9,3949,1937724.5915
Aircare Plus DPI Device 1's,2025,9,2278,894190.087899996
Kalsob Tab. 30's,2025,9,38982,24227206.032797
Finno-Q Sac. 3g 10's,2025,9,6724,3378755.92060005
Tiocap Cap. 18mcg 6's,2025,9,10406,1322788.785
Ad-D Chewable Tab. 10000IU 8's,2025,9,1642,277248.476799999
Eglaro-S Tab. 5/100mg 14's,2025,9,4503,2572948.0869
Dipof Cap. 3/25mg 20's,2025,9,7553,1472451.39429998
Paridopa Tab. 100/25/200mg 30's,2025,9,2687,4086737.9925
Xilica Cap. 25mg 14's,2025,9,4422,1064431.3785
Dapwiz Plus XR Tab. 10/1000mg 14's,2025,9,245,122291.9565
Omron BPM M3 Comfort,2025,9,83,1376016.7578
Avsar Plus Tab. 320/10/25mg 28's,2025,9,3766,2121947.4118
Tiocap Cap. 18mcg 30's,2025,9,3798,2407741.875
Diu Tansin Tab. 50/12.5mg 10's,2025,9,8610,2001947.268
Ramipace Tab. 10mg 28's,2025,9,2302,2242667.18600002
Estar Tab. 10mg 14's,2025,9,87334,36455817.1024999
Iprazyme Inh. Sol. 0.025% 5X2mL,2025,9,202,94235.25
Eglaro Tab. 15mg 14's,2025,9,342,150522.93
Treatan Tab. 4mg 14's,2025,9,16401,5528087.3524999
Klevra XR Tab. 500mg 10's,2025,9,782,438481.8976
Dapwiz Plus XR Tab. 5/500mg 14's,2025,9,3115,1359882.3175
BD SYRINGE - BAG 1CC 30GA 8MM 10 (328838),2025,9,1790766,60521765.1425
Lowplat Plus Tab. 75/75mg 10's,2025,9,458482,115612585.050438
X-Plended EZ Tab. 10/10mg 10's,2025,9,3821,1424549.3475
Supercran Sac. 10's,2025,9,2521,748499.825200001
Fasteso Tab. 20mg 14's,2025,9,3061,680268.329699995
Lowplat Plus Tab. 75/150mg 10's,2025,9,3462,874955.065599999
Erlina Plus XR Tab. 25/5/1000mg 14's,2025,9,8769,2491674.36000006
Treatan Tab. 8mg 14's,2025,9,11586,4665229.86100013
Evopride Plus Tab. 2/500mg 30's,2025,9,39895,19614337.0682987
Sacvin Tab. 200mg 30's,2025,9,605,1390401.525
Anplag Tab. 60mg 14's,2025,9,2460,1727177.9
Klevra Tab. 250mg 30's,2025,9,1710,1662138.87839998
UFI Tab 5mg CP,2025,9,-2,-697
Itipso Tab. 50mg 10's,2025,9,15000,2799047.79
Arbi-D Tab. 150/12.5mg 10's,2025,9,13109,4976746.56600001
EvoCheck Go BGM Meter Kit,2025,9,3178,5440354.475
Erlina Plus XR Tab. 5/2.5/1000mg 14's,2025,9,391,92618.176
Ad Folic Tab. 30's,2025,9,30430,11756914.8526024
Evopride Plus Tab. 1/500mg 30's,2025,9,15390,4128494.36780054
Telsarta-A Tab. 10/80mg 10's,2025,9,150,54623.142
Femova Sac. 10's,2025,9,17091,18305016.1253995
Telsarta-D Tab. 40/12.5mg 14's,2025,9,16363,6765606.365
Neo Q 10 Cap. 100mg 20's,2025,9,3462,3839934.28709995
X-Plended EZ Tab. 5/10mg 10's,2025,9,11052,2699563.96
Zibes Tab. 10mg 20's,2025,9,1432,535714.881999998
Erli Plus Tab. 5/1000mg 14's,2025,9,1023,184211.353999999
Inosita TABS 100MG 14`S,2025,9,3,1477.98
Byvas Tab. 10mg 14's,2025,9,4858,1949083.4362
"Omron Weigh Scale HN-289 ",2025,9,50,278003.615
Forsonide Cap. 50/250 mcg 30's,2025,9,243,123302.7
"Opt-D Cap. 100,000IU 2's",2025,9,3180,810271.479099997
EvoCheck Weighing Scale (Black),2025,9,1512,3935603.34809999
Evopride Tab. 3mg 30's,2025,9,4010,2440307.415
Inosita Plus Tab. 50/500mg 28's,2025,9,65106,66996078.6579133
Omron BPM Wrist RS1,2025,9,479,4204891.83249999
Paridopa Tab. 75/18.75/200mg 14's,2025,9,21,8733.75
Eglaro Tab. 5mg 14's,2025,9,290,101212.976
Avsar Plus Tab. 160/5/12.5mg 28's,2025,9,49965,21276464.8420045
Erli Plus XR Tab. 25/1000mg 14's,2025,9,8777,5962397.72949972
SheVit Tab. 30's,2025,9,19114,9443966.61019976
BD PEN NEEDLE 31GA 5MM (320119),2025,9,27045,609578.2552
Anex-M Tab. 85/500mg 2's,2025,9,2653,878307.393599989
Eglaro-S Tab. 15/100mg 14's,2025,9,12724,8509122.84
Oxivort Tab. 10mg 14's,2025,9,-49,-16782.1875
Ferfer Sac. 30's,2025,9,34112,25627900.4496971
Erli Plus XR Tab. 10/1000mg 14's,2025,9,2180,987509.651
Erli Plus Tab. 5/500mg 14's,2025,9,1999,577065.918
Estar Tab. 5mg 14's,2025,9,57792,16468829.0437976
Zibes Tab. 5mg 20's,2025,9,25004,5052509.764
Erli Tab. 10mg 14's,2025,9,39456,14886911.5973991
Avsar Plus Tab. 160/10/12.5mg 28's,2025,9,48798,22536100.2702095
Nise Tab. 100mg 20's,2025,9,284301,73739055.3795232
Telsarta Tab. 40mg 10's,2025,9,19160,5340402.015
Ivadin Tab. 5mg 14's,2025,9,-20,-6988.275
Treatan-D Tab. 16/12.5mg 28's,2025,9,1405,1178262.7185
Sacvin Tab. 50mg 30's,2025,9,30870,40377746.2790006
Anplag Tab. 90mg 20's,2025,9,27278,38833295.5
X-Plended EZ Tab. 20/10mg 10's,2025,9,18402,10498829.2165
Xilica Cap. 150mg 14's,2025,9,1213,702727.706400004
Evopride Tab. 2mg 30's,2025,9,10901,4756937.2364999
Ramipace Tab. 1.25mg 28's,2025,9,9343,3389897.75160008
Omron BPM M1 Basic Limited Edition (DH),2025,9,2874,18200523.3514999
FREEDEP TABS F.C. 0100MG X 20,2025,9,-1,-255
Dipof Cap. 6/25mg 20's,2025,9,2428,794460.704200014
Gouric Tab. 40mg 20's,2025,9,127698,68780232.1699998
Histalis Tab. 20mg 10's,2025,9,3477,1004269.56
Erlina Tab. 25/5mg 14's,2025,9,12844,8755163.2238002
Histalis Tab. 10mg 10's,2025,9,9780,1490921.943
Busonide Cap. 400/12 mcg 30's,2025,9,26986,11813500.7954998
Evofix Susp. 100mg/5mL 60ML,2025,9,43,11126.16
EvoCheck BPM68,2025,9,-19,-106560
Thewril Cap. 4mg 20's,2025,9,8967,5088221.3625
Avsar Tab. 80/5mg 14's,2025,9,212325,83021760.1500333
Telsarta-A Tab. 10/40mg 10's,2025,9,6972,2241487.2126
Revolic Tab. 30's,2025,9,1476,800254.358400005
BD SYRINGE - BAG 1ML 31G 6MM,2025,9,107785,4135282.38749995
Estar Tab. 20mg 14's,2025,9,7495,4084295.475
Inosita Plus XR Tab. 100/1000mg 14's,2025,9,9706,6640985.54870036
Evofix Susp. 100mg/5mL 30ML,2025,9,350,85695.9375
Ivadin Tab. 7.5mg 14's,2025,9,-18,-6380.1
Zilero Tab. 5mg 30’s,2025,9,830,735437.85
UFI Tab 10mg CP,2025,9,-2,-1020
Stevo Tab. 15mg 200's,2025,9,201,129115.428
Ad-D Chewable Tab. 2000IU 30's,2025,9,1001,377680.802099999
Telsarta-A Tab. 5/40mg 14's,2025,9,25063,10383710.278
Retzole Tab. 2.5mg 10's,2025,9,3540,6281272.2
Voxamine Tab. 100mg 10's,2025,9,8760,5371955.27050001
Duzalta Cap. 60mg 10's,2025,9,3853,2212666.98190003
Bempion EZ Tab. 180/10mg CP 1x10'S,2025,9,69,26626.25
Actiflor Sac. 250mg 10's,2025,9,6857,4290685.6997
Xcept Tab. 20mg 14's,2025,9,14971,12315899.4660009
Orslim Cap. 120mg 30's,2025,9,35329,76731919.7369999
Evofix DS Susp. 200mg/5mL 30ML,2025,9,24,7107.7425
Arbi Tab. 300mg 10's,2025,9,3465,1462922.25
Erli Plus XR Tab. 12.5/1000mg 14's,2025,9,14350,6852572.22799978
Inosita Plus XR Tab. 50/500mg 14's,2025,9,38436,22238989.0589998
Vanzak Tab. 10mg 10's,2025,9,2688,637658.865
Redexa Cap. 60mg 30's,2025,9,2132,1610013.05
Aireez Tab. 10mg 30's,2025,9,20954,13271556.906
Galvecta Plus Tab. 50/1000mg 14's,2025,9,2377,1220900.927
Inosita Plus Tab. 50/850mg 28's,2025,9,16829,17668175.571
Arbi-D Tab. 300/12.5mg 10's,2025,9,7660,4330176.046
Ramipace Tab. 2.5mg 28's,2025,9,28654,15568711.4010023
Bempion Tab. 180mg CP 1X10'S,2025,9,40,14218.8
BD PEN NEEDLE 4MM 100’S,2025,9,100160,2217507.84
Aireez Sac. 4mg 14's,2025,9,3250,1026965.54600001
Omron BPM M7 Intelli IT,2025,9,42,946929.58
EvoCheck Weighing Scale (White),2025,9,12,28854.2208
Fasteso Tab. 20mg 14's,2025,10,3499,778258.489399993
Momist Nasal Spray 50mcg CP 1X1'S,2025,10,10017,5846302.38
Paridopa Tab. 150/37.5/200mg 30's,2025,10,73,98437.862
Zoltar Cap. 20mg 14's,2025,10,9429,2894783.48040007
"Omron Weigh Scale HN-289 ",2025,10,25,144107.1991
Xcept Tab. 2.5mg 10's,2025,10,18433,5443577.65
Sacvin Tab. 100mg 30's,2025,10,3902,7540102.48660021
Itipso Tab. 50mg 10's,2025,10,14052,2622244.9
Telsarta-D Tab. 40/12.5mg 14's,2025,10,9599,3978118.879
Byvas Tab. 10mg 14's,2025,10,4596,1846684.8125
Erlina Plus XR Tab. 25/5/1000mg 14's,2025,10,11350,3222233.44800014
Paridopa Tab. 75/18.75/200mg 14's,2025,10,23,9753.75
Zilfom Tab. 400mg 5's,2025,10,3856,1717178.925
Xilica Cap. 100mg 14's,2025,10,2847,1433605.92149998
Erli Plus XR Tab. 25/1000mg 14's,2025,10,8697,5915711.55749972
Redexa Cap. 30mg 30's,2025,10,2006,979248.875
X-Plended EZ Tab. 10/10mg 10's,2025,10,63330,23494023.3575
Erli Plus Tab. 12.5/850mg 14's,2025,10,5597,2013506.57
Avsar Plus Tab. 320/10/25mg 28's,2025,10,4271,2406050.8423
Ad Folic OD Tab. 600mcg 30's,2025,10,44641,23321792.4328007
Stevo Tab. 15mg 100's,2025,10,77,39692.7579999998
Evopride Tab. 4mg 30's,2025,10,8085,7566033.515
Inosita Plus Tab. 50/500mg 28's,2025,10,64799,66585384.6369135
Xilica Cap. 75mg 14's,2025,10,14386,6482673.49790025
EvoCheck Pulse Oximeter,2025,10,34,104880
Phytus Syp. 120ML,2025,10,3067,1220691.5845
Telsarta Tab. 20mg 10's,2025,10,10040,1860494.5656
EvoCheck Weighing Scale (Black),2025,10,1128,2959012.3194
X-Plended EZ Tab. 5/10mg 10's,2025,10,11828,2891308.5325
Vible Tab. 30's,2025,10,12685,9086031.88719939
Dapwiz Plus XR Tab. 5/500mg 14's,2025,10,3198,1393996.243
Tiocap Cap. 18mcg 30's,2025,10,4106,2606374.125
Zibes Tab. 2.5mg 14's,2025,10,22822,1260113.36320004
Dapwiz Plus XR Tab. 5/1000mg 14's,2025,10,866,301665.782000001
Galvecta Plus Tab. 50/850mg 14's,2025,10,6055,3071277.3885
Evopride Tab. 3mg 30's,2025,10,4059,2468925.9375
Ramipace Tab. 10mg 28's,2025,10,2168,2118967.04250003
Evo Joshanda Sac. 30's,2025,10,37,19367.8989
Anex-M Tab. 85/500mg 2's,2025,10,2326,769565.077999991
Paridopa Tab. 125/31.25/200mg 30's,2025,10,40,55457.195
Evopride Plus Tab. 2/500mg 30's,2025,10,40917,20121587.7806991
Lowplat Plus Tab. 75/150mg 10's,2025,10,3717,942585.011999997
Aireez TABS CHWE 0004MG X 14,2025,10,-1,-142.8
SheVit Tab. 30's,2025,10,24452,12091596.3473995
Evokalm Tab. 25mg 10's,2025,10,24024,4524789.24949992
Arbi-A Tab. 100/5mg 10's,2025,10,2627,713758.486899994
Dapwiz Tab. 10mg 10's,2025,10,17556,5636389.278
Forsonide Cap. 50/500 mcg 30's,2025,10,854,476636.82
Dapwiz Tab. 5mg 10's,2025,10,8175,1729410.085
Arbi Tab. 150mg 10's,2025,10,8018,2541173.2504
Forsonide Cap. 50/250 mcg 30's,2025,10,231,117213.3
X-Plended Tab. 5mg 10's,2025,10,60102,13891769.087902
Omron BPM Wrist RS1,2025,10,32,279200.3595
Kalsob Tab. 30's,2025,10,64769,40269623.6664985
Zoltar Inj. 40mg 1's,2025,10,27239,4546790.9849
Lowplat Tab. 75mg 10's,2025,10,378088,89232199.1304835
Erli Plus Tab. 12.5/1000mg 14's,2025,10,9500,3413978.4455
EvoCheck GS700 BGM Test Strips 50's,2025,10,7668,15938765.7453
Sparliv Tab. 30's,2025,10,5477,4315791.56080019
Erlina Plus XR Tab. 10/5/1000mg 14's,2025,10,10726,3044861.09200011
Stevo Tab. 15mg 200's,2025,10,-72,-26543.5362
Arbi Tab. 300mg 10's,2025,10,3663,1544288.4342
Evofix DS Susp. 200mg/5mL 30ML,2025,10,98,27366.855
Klevra Soln. 500mg/5mL 60mL,2025,10,4485,2452906.86049999
K-1000 Tab. 30's,2025,10,33585,20937532.3231011
Inosita Tab. 25mg 10's,2025,10,1360,388316.855999999
EvoCheck BPM68,2025,10,-8,-43776
Telsarta-A Tab. 5/80mg 14's,2025,10,8958,4817804.26750009
Bempion EZ Tab. 180/10mg CP 1x10'S,2025,10,1051,440270.25
Telsarta-A Tab. 5/40mg 14's,2025,10,25218,10447694.25
Evopride Tab. 1mg 30's,2025,10,4492,1020133.42150005
Inosita Plus XR Tab. 50/1000mg 14's,2025,10,14371,8968716.08599999
Evokalm Tab. 200mg 10's,2025,10,1130,523685.201700002
Avsar Tab. 80/5mg 14's,2025,10,217235,84964197.507029
Histalis Tab. 20mg 10's,2025,10,3817,1101936.6
Inosita Tab. 50mg 28's,2025,10,10445,10346568.9764992
Byvas Tab. 5mg 14's,2025,10,60836,19931846.7801973
Byvas Tab. 2.5mg 14's,2025,10,51820,11180523.542
Paridopa Tab. 50/12.5/200mg 30's,2025,10,1316,1361955.95199999
Fasteso Tab. 40mg 14's,2025,10,8782,3456513.37199993
Voxamine Tab. 50mg 10's,2025,10,9414,2897309.36030009
Evofix Susp. 100mg/5mL 30ML,2025,10,452,109705.93
Evofix Cap. 400mg 10's,2025,10,6712,4564634.4565
ESMART TABS 75MG 20`S,2025,10,-1,-218.59
Telsarta Tab. 40mg 10's,2025,10,18999,5294081.01
Avsar Plus Tab. 160/10/12.5mg 28's,2025,10,50689,23410096.2405103
EvoCheck Infrared Thermometer,2025,10,33,143589.8176
Telsarta Tab. 80mg 10's,2025,10,4438,1684880.5521
Telsarta-D Tab. 80/12.5mg 14's,2025,10,7536,4635866.3332
Omron ETB Eco Temp Basic,2025,10,209,301863.442
Dapwiz Plus XR Tab. 10/500mg 14's,2025,10,1518,719461.862
Estar Tab. 5mg 14's,2025,10,56730,16186587.6748973
Erlina Plus XR Tab. 12.5/2.5/1000mg 14's,2025,10,5024,1188024.6
Bempion Tab. 180mg CP 1X10'S,2025,10,941,381100.56
Omron Nebulizer NE-C101-E Essential,2025,10,710,5941477.13650001
Actiflor Sac. 250mg 10's,2025,10,3296,2058583.55
Omron BPM M7 Intelli IT,2025,10,62,1399094.4
Inosita Plus Tab. 50/850mg 28's,2025,10,16290,17104198.025
Erli Tab. 25mg 14's,2025,10,14147,7022519.78149946
Omron BPM M1 Basic,2025,10,82,641873.375
Anplag Tab. 90mg 20's,2025,10,28344,40456241.735
Ramipace Tab. 2.5mg 28's,2025,10,28323,15398261.8496023
Evokalm XR Tab. 300mg 10's,2025,10,2589,1565575.05
UriTreat Cap. 0.4mg 20's,2025,10,1912,1613631.5
Aireez Tab. 10mg 30's,2025,10,26122,16554737.853
Aireez Sac. 4mg 14's,2025,10,5031,1595254.279
Arbi-D Tab. 300/12.5mg 10's,2025,10,7529,4258956.5375
Oxivort Tab. 20mg 14's,2025,10,-4,-2193
K-1000 Plus Sac. 10's,2025,10,5479,1377260.96640001
Vanzak Tab. 10mg 10's,2025,10,2573,611831.1135
EvoCheck Weighing Scale (White),2025,10,17,40338.96
Ramipace Tab. 5mg 28's,2025,10,14093,10202736.5365
Onita Sac. 2g 7's,2025,10,12247,14463600
Xcept Tab. 10mg 10's,2025,10,38069,17147721.47
Redexa Cap. 60mg 30's,2025,10,2033,1539688.8525
Erli Plus Tab. 5/850mg 14's,2025,10,941,170488.222999999
Ferfer Gro Sac. 30's,2025,10,-57,-23943.0324
Orslim Cap. 120mg 30's,2025,10,36459,79251418.3335
Duzalta Cap. 20mg 14's,2025,10,11252,6299669.20610039
Arbi-D Tab. 300/25mg 14's,2025,10,993,752121.684
Avsar Tab. 160/10mg 14's,2025,10,70179,42174256.608
Treatan Tab. 8mg 14's,2025,10,11402,4594307.00850015
EvoCheck GM700S BGM Meter Kit,2025,10,879,2188545.32
Voxamine Tab. 100mg 10's,2025,10,8509,5230122.7795
Ivadin Tab. 7.5mg 14's,2025,10,-36,-12553.14
Estar Tab. 20mg 14's,2025,10,7477,4077513.5492
Iprazyme-S Inh. Sol. 0.5/2.5mg 5X2mL,2025,10,3157,1862986.65
Paridopa Tab. 200/50/200mg 30's,2025,10,1784,3560367.8425
Eglaro Tab. 5mg 14's,2025,10,241,84109.6112000002
Treatan Tab. 4mg 14's,2025,10,16748,5642942.38999994
SPEDICAM TABS 8MG 10`S,2025,10,-1,-120.726
Vanzak Tab. 20mg 10's,2025,10,13934,4849018.545
Diu Tansin Tab. 50/12.5mg 10's,2025,10,8942,2079634.786
Xilica Cap. 25mg 14's,2025,10,4320,1042609.559
Erli Tab. 10mg 14's,2025,10,40474,15294031.3475991
Xilica Cap. 50mg 14's,2025,10,13381,4850627.33789994
EVOCIN TABS 500MG 10`S,2025,10,-5,-765
Gouric Tab. 80mg 20's,2025,10,34132,29097035.8225
Xcept Tab. 15mg 14's,2025,10,16829,11718914.5451
EvoCheck Go BGM Meter Kit,2025,10,3409,5646075.2
Inosita Plus XR Tab. 100/1000mg 14's,2025,10,9779,6682588.08560039
Omron BPM M1 Basic Limited Edition (DH),2025,10,3219,20459675.1099999
Telsarta-A Tab. 10/40mg 10's,2025,10,6704,2157697.5275
Lowplat Plus Tab. 75/75mg 10's,2025,10,451434,113932887.27603
BD SYRINGE - BAG 1ML 31G 6MM,2025,10,117230,4475088.89349996
X-Plended EZ Tab. 20/10mg 10's,2025,10,18492,10564413.6829999
Paridopa Tab. 100/25/200mg 30's,2025,10,2650,4069204.065
Eglaro Tab. 15mg 14's,2025,10,385,169893.376
Dapwiz Plus XR Tab. 10/1000mg 14's,2025,10,2383,1182990.20350001
Erli Plus XR Tab. 10/1000mg 14's,2025,10,4792,2170799.9125
Erlina Tab. 10/5mg 14's,2025,10,27620,13386126.8590013
Stevo Sac. 1gm 50's,2025,10,371,170838
Evokalm XR Tab. 200mg 10's,2025,10,1732,952729.5414
Estar Tab. 10mg 14's,2025,10,88108,36771576.678
Ivadin Tab. 5mg 14's,2025,10,-25,-8752.875
Aireez Tab. 5mg 30's,2025,10,2178,867360.315
"Opt-D Cap. 25,000IU 4's",2025,10,4859,951807.575400006
Evopride Tab. 2mg 30's,2025,10,10964,4786823.73829988
Zoltar Cap. 40mg 14's,2025,10,6750,2222780.59939998
Omron BPM Evolv HEM-7600T-E,2025,10,33,1228600.6259
EvoCheck Go BGM Test Strip 50's,2025,10,9286,12879916.9834995
Histalis Tab. 10mg 10's,2025,10,11781,1796105.055
Erlina Plus XR Tab. 5/2.5/1000mg 14's,2025,10,2560,604931.74
Femova Sac. 10's,2025,10,17139,18378155.3320994
Retzole Tab. 2.5mg 10's,2025,10,3429,6092630.85
BD PEN NEEDLE 31GA 5MM (320119),2025,10,27688,628979.967900001
Eglaro-S Tab. 15/100mg 14's,2025,10,12968,8670005.1
Sacvin Tab. 200mg 30's,2025,10,671,1546265.175
Erli Plus XR Tab. 5/1000mg 14's,2025,10,1657,614890.85
Xcept Tab. 20mg 14's,2025,10,15853,13067898.2034012
Busonide Cap. 400/12 mcg 30's,2025,10,31902,13962904.1244992
Agoviz Tab. 25mg 14's,2025,10,6319,4461618.8475001
Erli Plus Tab. 5/1000mg 14's,2025,10,1067,193061.383999998
Klevra Tab. 250mg 30's,2025,10,1696,1652976.59579998
Inosita TABS 100MG 14`S,2025,10,3,1477.98
"Opt-D Cap. 100,000IU 2's",2025,10,3157,807203.865299996
"Opt-D Cap. 200,000IU 1's",2025,10,105891,31543609.8754948
Thewril Cap. 4mg 20's,2025,10,8544,4840023.6071
Inosita Plus XR Tab. 50/500mg 14's,2025,10,38346,21978383.5555002
Gouric Tab. 40mg 20's,2025,10,136288,73510858.6349998
Ramipace Tab. 1.25mg 28's,2025,10,9282,3368398.73650008
Zibes Tab. 10mg 20's,2025,10,1565,585941.987499995
Supercran Sac. 10's,2025,10,2971,849914.169000001
Ad Folic Tab. 30's,2025,10,29270,11321545.5508022
X-Plended Tab. 10mg 10's,2025,10,248829,100176401.864635
Evofix Susp. 100mg/5mL 60ML,2025,10,140,36129.114
Erli Plus Tab. 5/500mg 14's,2025,10,5163,1486445.49
Inosita Tab. 100mg 28's,2025,10,2519,3905146.7425
Arbi-D Tab. 150/12.5mg 10's,2025,10,13272,5037518.8035
Galvecta Tab. 50mg 10's,2025,10,1666,563485.464
Ad-D Chewable Tab. 2000IU 30's,2025,10,1231,464144.095799998
Telsarta-A Tab. 10/80mg 10's,2025,10,8163,2966491.245
Aircare DPI Device 1's,2025,10,-121,-52063.896
Treatan Tab. 16mg 28's,2025,10,2132,2209105.0146
"Opt-D Inj. 200,000 IU 1's",2025,10,64716,9215264.11240016
Galvecta Plus Tab. 50/500mg 14's,2025,10,3836,1882782.5125
Erlina Tab. 25/5mg 14's,2025,10,29018,19874426.3339985
Erli Plus Tab. 12.5/500mg 14's,2025,10,22359,8044679.26
Dipof Cap. 3/25mg 20's,2025,10,7562,1473032.73429998
Inosita Plus Tab. 50/1000mg 28's,2025,10,21070,22330370.805
Dipof Cap. 6/25mg 20's,2025,10,2557,836179.598400016
Tansin DS Tab. 100mg 10's,2025,10,1716,529143.3383
Duzalta Cap. 30mg 14's,2025,10,17683,10585738.2903
BD PEN NEEDLE 31GA 8MM (320109),2025,10,8094,183827.9311
Tansin Tab. 50mg 10's,2025,10,25328,4919956.83479993
Omron BPM M3 Comfort,2025,10,130,2103088.3826
Avsar Plus Tab. 160/5/12.5mg 28's,2025,10,50412,21464803.1075047
Zilero Tab. 5mg 30’s,2025,10,944,836106.7143
Anplag Tab. 60mg 14's,2025,10,2326,1627729.77
Evopride Plus Tab. 1/500mg 30's,2025,10,15894,4264770.91810054
Arbi-A Tab. 100/10mg 10's,2025,10,-49,-15866.8
Nise Tab. 100mg 20's,2025,10,289384,75020579.3130187
X-Plended Tab. 20mg 10's,2025,10,133210,75328620.7604999
Avsar Tab. 160/5mg 14's,2025,10,70052,34724834.537006
Revolic Tab. 30's,2025,10,1573,851707.376800005
Klevra XR Tab. 500mg 10's,2025,10,791,443066.988
Actnise Crm. 50gm 1's,2025,10,13891,4664179.1286
Zibes Tab. 5mg 20's,2025,10,25833,5221867.4725
Erli Plus XR Tab. 12.5/1000mg 14's,2025,10,13833,6611784.58499986
Neo Q 10 Cap. 100mg 20's,2025,10,3356,3721290.69159994
Sacvin Tab. 50mg 30's,2025,10,32814,42969963.9954978
Tiocap Cap. 18mcg 6's,2025,10,12718,1617649.263
BD PEN NEEDLE 4MM 100’S,2025,10,89578,1982994.764
Treatan-D Tab. 16/12.5mg 28's,2025,10,1541,1288412.235
Finno-Q Sac. 3g 10's,2025,10,7575,3805206.81180008
Aircare Plus DPI Device 1's,2025,10,6794,2559474.43909998
Iprazyme Inh. Sol. 0.025% 5X2mL,2025,10,3382,1633801.83
BD SYRINGE - BAG 1CC 30GA 8MM 10 (328838),2025,10,1645798,55816922.55
Xilica Cap. 150mg 14's,2025,10,1235,717303.643500004
Eglaro-S Tab. 5/100mg 14's,2025,10,4638,2651310.8625
Evokalm Tab. 100mg 10's,2025,10,11734,4785181.4880001
Busonide Cap. 200/6 mcg 30's,2025,10,5969,2105541.01700005
Duzalta Cap. 60mg 10's,2025,10,4002,2298066.06690004
Avsar Plus Tab. 160/10/25mg 28's,2025,10,10599,4796804.30169977
Zilero Tab. 2.5mg 30’s,2025,10,1440,1094754.015
Ad-D Chewable Tab. 10000IU 8's,2025,10,1388,234425.715199999
Oxivort Tab. 10mg 14's,2025,10,-31,-10671.75
Galvecta Plus Tab. 50/1000mg 14's,2025,10,2736,1409583.582
Klevra Tab. 500mg 30's,2025,10,3591,5762511.21599989
Avsar Plus Tab. 160/5/25mg 28's,2025,10,3876,1637710.72959998
Ferfer Sac. 30's,2025,10,30672,23044340.6147979
Telsarta-A Tab. 5/80mg 14's,2025,11,8998,4839956.73130012
Evopride Tab. 3mg 30's,2025,11,4101,2498211.29
Telsarta-A Tab. 5/40mg 14's,2025,11,24043,9966416.55299999
Paridopa Tab. 75/18.75/200mg 14's,2025,11,-8,-3400
Evopride Tab. 4mg 30's,2025,11,7825,7344566.78
Bempion EZ Tab. 180/10mg CP 1x10'S,2025,11,1273,535402.25
Treatan Tab. 8mg 14's,2025,11,10943,4398890.89250019
Fasteso Tab. 20mg 14's,2025,11,2874,638556.005999995
Ivadin Tab. 7.5mg 14's,2025,11,-62,-22083.51
Inosita Plus XR Tab. 100/1000mg 14's,2025,11,8923,6099623.04350032
Avsar Tab. 80/5mg 14's,2025,11,210714,82441777.8220279
Itipso Tab. 50mg 10's,2025,11,12474,2327302.89
Telsarta-D Tab. 40/12.5mg 14's,2025,11,9636,3992997.4716
Omron ETB Eco Temp Basic,2025,11,265,365904.3041
X-Plended EZ Tab. 5/10mg 10's,2025,11,10681,2610383.3625
Telsarta Tab. 20mg 10's,2025,11,8780,1632690.71
Telsarta-A Tab. 10/40mg 10's,2025,11,6565,2112828.5485
Erlina Plus XR Tab. 5/2.5/1000mg 14's,2025,11,2077,491414.308
Inosita TABS 100MG 14`S,2025,11,2,985.32
Forsonide Cap. 50/250 mcg 30's,2025,11,289,146176.2
Voxamine Tab. 100mg 10's,2025,11,7807,4803584.89149994
Byvas Tab. 10mg 14's,2025,11,4689,1883598.8965
Kalsob Tab. 30's,2025,11,54089,33612283.5889944
Lowplat Plus Tab. 75/75mg 10's,2025,11,433014,109263902.243733
Erli Plus Tab. 5/1000mg 14's,2025,11,891,161282.756999999
Inosita Plus Tab. 50/500mg 28's,2025,11,58364,60256957.9230102
Eglaro Tab. 5mg 14's,2025,11,235,82148.4880000001
Evofix DS Susp. 200mg/5mL 30ML,2025,11,-139,-36450.0315
Tiocap Cap. 18mcg 30's,2025,11,5928,3761109.75
Lowplat Plus Tab. 75/150mg 10's,2025,11,2567,649662.283400002
UFI Tab 5mg CP,2025,11,3,1045.5
Estar Tab. 20mg 14's,2025,11,6984,3806624.19
Eglaro-S Tab. 15/100mg 14's,2025,11,12201,8148713.6475
Dapwiz Tab. 5mg 10's,2025,11,7295,1543764.56
Sacvin Tab. 200mg 30's,2025,11,620,1417154.34
Arbi-D Tab. 300/12.5mg 10's,2025,11,7178,4063024.072
Redexa Cap. 60mg 30's,2025,11,1790,1356134.9225
Omron BPM M7 Intelli IT,2025,11,83,1813248.91
Anex-M Tab. 85/500mg 2's,2025,11,2586,856334.699799991
Aireez TABS CHWE 0004MG X 14,2025,11,-1,-142.8
X-Plended Tab. 5mg 10's,2025,11,57553,13271734.5070017
SheVit Tab. 30's,2025,11,20013,9898650.35669983
Klevra Soln. 500mg/5mL 60mL,2025,11,2849,1559839.68349998
Erli Plus XR Tab. 10/1000mg 14's,2025,11,3671,1673490.03
Ramipace Tab. 2.5mg 28's,2025,11,27107,14729052.4120023
Erli Plus Tab. 12.5/850mg 14's,2025,11,5233,1882323.435
EvoCheck Pulse Oximeter,2025,11,138,362020
EvoCheck Go BGM Meter Kit,2025,11,3727,6469736
X-Plended EZ Tab. 20/10mg 10's,2025,11,17348,9905320.13849985
Paridopa Tab. 100/25/200mg 30's,2025,11,2675,4094704.83
Zilfom Tab. 400mg 5's,2025,11,3223,1437227.4831
Telsarta-D Tab. 80/12.5mg 14's,2025,11,6310,3885148.21
BD SYRINGE - BAG 1ML 31G 6MM,2025,11,126370,4882190.215
Avsar Plus Tab. 320/10/25mg 28's,2025,11,4169,2348839.8492
Xilica Cap. 25mg 14's,2025,11,3770,907840.6541
Treatan Tab. 4mg 14's,2025,11,15448,5207084.87489987
NUVAL D TABS 80+12.5MG 14`S,2025,11,-2,-396.04
Ivadin Tab. 5mg 14's,2025,11,-23,-8211
Anplag Tab. 90mg 20's,2025,11,27795,39675479.029
Ramipace Tab. 10mg 28's,2025,11,2075,2024144.47200003
Dapwiz Plus XR Tab. 10/1000mg 14's,2025,11,1699,843767.715
Erlina Plus XR Tab. 25/5/1000mg 14's,2025,11,11783,3346383.76800016
Inosita Plus XR Tab. 50/500mg 14's,2025,11,35352,20457136.7109995
Evofix Susp. 100mg/5mL 60ML,2025,11,41,11218.878
Dipof Cap. 6/25mg 20's,2025,11,2273,743397.882400013
Gouric Tab. 40mg 20's,2025,11,115597,62410057.2799999
EvoCheck Premium LinX CGM 1's,2025,11,87,1166336
Zilero Tab. 5mg 30’s,2025,11,908,802364.9205
Stevo Tab. 15mg 200's,2025,11,148,71764.2128
Sparliv Tab. 30's,2025,11,4861,3831956.23620015
Arbi Tab. 300mg 10's,2025,11,3237,1366749.367
X-Plended EZ Tab. 10/10mg 10's,2025,11,34727,12896103.5025
Actiflor Sac. 250mg 10's,2025,11,3047,1931314.536
Revolic Tab. 30's,2025,11,1108,601770.920800003
Evofix Susp. 100mg/5mL 30ML,2025,11,-82,-18503.055
Evo Joshanda Sac. 30's,2025,11,-245,-106974.5537
Ramipace Tab. 1.25mg 28's,2025,11,9192,3331401.88150008
Ad Folic Tab. 30's,2025,11,29042,11223112.4065021
Thewril Cap. 4mg 20's,2025,11,8613,4881499.509
EvoCheck BPM68,2025,11,-33,-175104
"Omron Weigh Scale HN-289 ",2025,11,41,220611.1989
Erli Plus Tab. 5/500mg 14's,2025,11,3669,1056411.28
Erli Plus XR Tab. 25/1000mg 14's,2025,11,8069,5482177.83749972
Vanzak Tab. 10mg 10's,2025,11,1529,362930.8155
BD PEN NEEDLE 4MM 100’S,2025,11,256568,5583016.906
Aireez Tab. 10mg 30's,2025,11,25627,16222592.346
EvoCheck Infrared Thermometer,2025,11,36,161367.6161
Omron BPM Wrist RS1,2025,11,19,156044.533
Dapwiz Plus XR Tab. 5/500mg 14's,2025,11,2772,1207297.41299999
Phytus Syp. 120ML,2025,11,3343,1330352.84399999
Voxamine Tab. 50mg 10's,2025,11,8696,2682496.65890006
Galvecta Plus Tab. 50/1000mg 14's,2025,11,2580,1330565.54
EvoCheck Weighing Scale (White),2025,11,11,23986.4264
Avsar Plus Tab. 160/10/12.5mg 28's,2025,11,49916,23046128.4886103
Ad-D Chewable Tab. 2000IU 30's,2025,11,1075,404940.016799999
Arbi-D Tab. 150/12.5mg 10's,2025,11,12665,4809383.1045
Bempion Tab. 180mg CP 1X10'S,2025,11,953,384642
Erli Plus Tab. 5/850mg 14's,2025,11,841,152371.611999999
Azliv Tab. 250mg CP 6's,2025,11,-1,-156.89
Erli Tab. 25mg 14's,2025,11,13213,6557973.83999952
Inosita Plus Tab. 50/850mg 28's,2025,11,15224,16004718.3975
Estar Tab. 5mg 14's,2025,11,54408,15515748.0160977
Erlina Plus XR Tab. 12.5/2.5/1000mg 14's,2025,11,4386,1036244.86
Evopride Plus Tab. 2/500mg 30's,2025,11,36625,18013324.5943975
Xilica Cap. 150mg 14's,2025,11,1072,622024.699500003
EvoCheck Weighing Scale (Black),2025,11,1392,3383147.18160001
Aireez Sac. 4mg 14's,2025,11,6662,2106815.78
Xcept Tab. 10mg 10's,2025,11,38461,17292851.2249
Telsarta Tab. 40mg 10's,2025,11,18355,5112419.1375
Paridopa Tab. 50/12.5/200mg 30's,2025,11,925,957730.087999998
EvoCheck Go Test Strips 1x50's (Foil Packing),2025,11,5,7821.1052
Neo Q 10 Cap. 100mg 20's,2025,11,3231,3582354.44679996
Omron BPM M3 Comfort,2025,11,102,1700695.723
Zibes Tab. 5mg 20's,2025,11,25033,5057830.55059999
Dipof Cap. 3/25mg 20's,2025,11,6958,1358078.85299997
Evofix Cap. 400mg 10's,2025,11,6026,4109048.58
Inosita Plus XR Tab. 50/1000mg 14's,2025,11,13673,8525323.79799999
Histalis Tab. 20mg 10's,2025,11,3489,1007464.71
Nise Tab. 100mg 20's,2025,11,270002,70014968.7750256
Ad Folic OD Tab. 600mcg 30's,2025,11,42965,22411795.3605003
Galvecta Tab. 50mg 10's,2025,11,1483,502344.7724
Erlina Tab. 25/5mg 14's,2025,11,21099,14457223.4869995
Ferfer Gro Sac. 30's,2025,11,-53,-22308.894
Avsar Tab. 160/10mg 14's,2025,11,70251,42207206.025
Gouric Tab. 80mg 20's,2025,11,29164,24868319.2275
Momist Nasal Spray 50mcg CP 1X1'S,2025,11,11690,6819212.04
"Opt-D Cap. 25,000IU 4's",2025,11,3812,746248.408000004
Paridopa Tab. 150/37.5/200mg 30's,2025,11,784,1094507.033
Zoltar Inj. 40mg 1's,2025,11,22900,3971041.4761
Zilero Tab. 2.5mg 30’s,2025,11,1470,1113289.2
Paridopa Tab. 125/31.25/200mg 30's,2025,11,46,62694.907
Sacvin Tab. 100mg 30's,2025,11,3633,7009731.65700014
Orslim Cap. 120mg 30's,2025,11,32644,70927603.7774999
Xcept Tab. 2.5mg 10's,2025,11,18117,5348496.395
Evokalm Tab. 25mg 10's,2025,11,22103,4161129.30399981
Xcept Tab. 20mg 14's,2025,11,15255,12587126.8527012
Duzalta Cap. 20mg 14's,2025,11,10706,5989931.97870033
Arbi-D Tab. 300/25mg 14's,2025,11,958,725532.3646
Duzalta Cap. 60mg 10's,2025,11,4067,2332549.52080003
Zibes Tab. 2.5mg 14's,2025,11,21008,1160603.97740003
Xilica Cap. 75mg 14's,2025,11,14503,6525828.26780036
Omron BPM M1 Basic Limited Edition (DH),2025,11,3858,24439688.5523999
Dapwiz Tab. 10mg 10's,2025,11,15300,4909714.2536
Treatan Tab. 16mg 28's,2025,11,2188,2261962.0273
Vanzak Tab. 20mg 10's,2025,11,13034,4530618.49
Lowplat Tab. 75mg 10's,2025,11,366090,86294421.364186
Ad-D Chewable Tab. 10000IU 8's,2025,11,1201,202655.2448
REKLAIM SACHET 30's,2025,11,-4,-1904.864
Iprazyme-S Inh. Sol. 0.5/2.5mg 5X2mL,2025,11,3134,1841346.5
Vible Tab. 30's,2025,11,11063,7925667.02829956
Erlina Tab. 10/5mg 14's,2025,11,22883,11097247.777001
Erli Plus XR Tab. 5/1000mg 14's,2025,11,1840,684757.11
Retzole Tab. 2.5mg 10's,2025,11,1512,2693255.6
EvoCheck Go BGM Test Strip 50's,2025,11,10038,13758025.8408994
Arbi Tab. 150mg 10's,2025,11,7765,2461665.6235
Forsonide Cap. 50/500 mcg 30's,2025,11,641,356588.43
Evokalm XR Tab. 200mg 10's,2025,11,1444,795340.6786
"Opt-D Cap. 200,000IU 1's",2025,11,93276,27628105.1345958
Tansin DS Tab. 100mg 10's,2025,11,1555,480282.3463
BD PEN NEEDLE 31GA 8MM (320109),2025,11,7222,162484.2136
Zoltar Cap. 20mg 14's,2025,11,8655,2650236.30440004
Stevo Tab. 15mg 100's,2025,11,207,74043.1871999999
Evopride Tab. 2mg 30's,2025,11,10402,4549869.41400002
Dapwiz Plus XR Tab. 5/1000mg 14's,2025,11,592,206758.08
Arbi-A Tab. 100/5mg 10's,2025,11,2691,730764.848099992
Xcept Tab. 15mg 14's,2025,11,16284,11334465.0865
Xilica Cap. 100mg 14's,2025,11,2905,1464823.97639998
Erli Plus XR Tab. 12.5/1000mg 14's,2025,11,13419,6415144.71799988
Busonide Cap. 400/12 mcg 30's,2025,11,32977,14435646.8574991
Erli Tab. 10mg 14's,2025,11,38515,14540004.251799
Redexa Cap. 30mg 30's,2025,11,1445,704454.925
Sacvin Tab. 50mg 30's,2025,11,31381,41086252.6485001
Histalis Tab. 10mg 10's,2025,11,11878,1810256.22
Agoviz Tab. 25mg 14's,2025,11,5246,3704119.84130005
Galvecta Plus Tab. 50/850mg 14's,2025,11,5091,2585313.0128
Treatan-D Tab. 16/12.5mg 28's,2025,11,1586,1325603.213
Xilica Cap. 50mg 14's,2025,11,12051,4364290.67599986
Inosita Plus Tab. 50/1000mg 28's,2025,11,20324,21534565.98
Galvecta Plus Tab. 50/500mg 14's,2025,11,3698,1815378.8045
Paridopa Tab. 200/50/200mg 30's,2025,11,1829,3629696.0105
EvoCheck GM700S BGM Meter Kit,2025,11,868,2142555.92
Evopride Tab. 1mg 30's,2025,11,3629,825875.069200026
Supercran Sac. 10's,2025,11,2695,765055.240700001
Erlina Plus XR Tab. 10/5/1000mg 14's,2025,11,2764,786639.498999991
Evokalm XR Tab. 300mg 10's,2025,11,2081,1258037.6159
Aircare Plus DPI Device 1's,2025,11,3437,1345842.67259999
Inosita Tab. 50mg 28's,2025,11,9627,9522136.03299934
Duzalta Cap. 30mg 14's,2025,11,16353,9792617.83650016
Inosita Tab. 100mg 28's,2025,11,2306,3579416.215
Evopride Plus Tab. 1/500mg 30's,2025,11,14215,3812542.59420043
Erli Plus Tab. 12.5/1000mg 14's,2025,11,8798,3169407.937
K-1000 Tab. 30's,2025,11,30331,18887621.0364003
Evokalm Tab. 200mg 10's,2025,11,1177,547007.323200005
Byvas Tab. 2.5mg 14's,2025,11,48884,10545010.6415
Aircare DPI Device 1's,2025,11,-23,-9960.315
Eglaro-S Tab. 5/100mg 14's,2025,11,4156,2376205.3875
EvoCheck GS700 BGM Test Strips 50's,2025,11,9640,19677823.4790997
Telsarta-A Tab. 10/80mg 10's,2025,11,10252,3725644.639
Zibes Tab. 10mg 20's,2025,11,1567,587739.411999995
Inosita Tab. 25mg 10's,2025,11,1474,421230.113999998
Femova Sac. 10's,2025,11,15602,16730771.9536991
Busonide Cap. 200/6 mcg 30's,2025,11,6027,2121922.42140005
X-Plended Tab. 10mg 10's,2025,11,230541,92785952.5065311
Zoltar Cap. 40mg 14's,2025,11,7241,2382294.24739997
Evokalm Tab. 100mg 10's,2025,11,11195,4571902.79450003
UriTreat Cap. 0.4mg 20's,2025,11,1608,1357441.5
Avsar Plus Tab. 160/10/25mg 28's,2025,11,11253,5086040.97899968
BD SYRINGE - BAG 1CC 30GA 8MM 10 (328838),2025,11,1451235,49147159.4
Fasteso Tab. 40mg 14's,2025,11,6565,2583256.89599997
Erli Plus Tab. 12.5/500mg 14's,2025,11,20860,7504800.365
Diu Tansin Tab. 50/12.5mg 10's,2025,11,8770,2041439.692
"Opt-D Inj. 200,000 IU 1's",2025,11,72991,10371937.1350001
Onita Sac. 2g 7's,2025,11,12186,14357074.6
Byvas Tab. 5mg 14's,2025,11,58537,19171732.9249972
Avsar Plus Tab. 160/5/12.5mg 28's,2025,11,48724,20748274.5536044
BD PEN NEEDLE 31GA 5MM (320119),2025,11,27546,623087.7351
Avsar Plus Tab. 160/5/25mg 28's,2025,11,3919,1654646.07199997
Ferfer Sac. 30's,2025,11,26556,19943444.6180986
Omron BPM M1 Basic,2025,11,59,456340.5
Dapwiz Plus XR Tab. 10/500mg 14's,2025,11,1004,475183.898
Tiocap Cap. 18mcg 6's,2025,11,8094,1028728.6551
Finno-Q Sac. 3g 10's,2025,11,5791,2909167.29490002
Oxivort Tab. 10mg 14's,2025,11,-13,-4445.5
K-1000 Plus Sac. 10's,2025,11,7894,1982575.87440002
Klevra XR Tab. 500mg 10's,2025,11,763,425234.6
Ramipace Tab. 5mg 28's,2025,11,13376,9680104.33999972
Telsarta Tab. 80mg 10's,2025,11,4344,1649296.2676
Avsar Tab. 160/5mg 14's,2025,11,69763,34581705.7910063
Stevo Sac. 1gm 50's,2025,11,456,199728
Omron Nebulizer NE-C101-E Essential,2025,11,175,1466145.8411
Estar Tab. 10mg 14's,2025,11,81469,33996188.887
Tansin Tab. 50mg 10's,2025,11,23415,4549755.54520009
"Opt-D Cap. 100,000IU 2's",2025,11,3706,937570.288999997
Arbi-A Tab. 100/10mg 10's,2025,11,-1147,-355378.731999997
Aireez Tab. 5mg 30's,2025,11,2077,824459.2
Eglaro Tab. 15mg 14's,2025,11,360,158868.944
Klevra Tab. 250mg 30's,2025,11,1732,1693262.96459997
Anplag Tab. 60mg 14's,2025,11,2444,1713171.685
Omron BPM Evolv HEM-7600T-E,2025,11,28,1035482.0147
X-Plended Tab. 20mg 10's,2025,11,128925,72760747.4899999
Klevra Tab. 500mg 30's,2025,11,3761,6029001.71799989
Actnise Crm. 50gm 1's,2025,11,8999,3076925.67949998
Iprazyme Inh. Sol. 0.025% 5X2mL,2025,11,1860,896043.99
Arbi-D Tab. 300/12.5mg 10's,2025,12,8008,4530013.369
Erli Plus XR Tab. 5/1000mg 14's,2025,12,2064,764653.897
Retzole Tab. 2.5mg 10's,2025,12,2341,4143840.1
EvoCheck Go BGM Test Strip 50's,2025,12,8673,12107882.9294992
BD PEN NEEDLE 4MM 100’S,2025,12,84184,1871010.394
Inosita Plus Tab. 50/850mg 28's,2025,12,16360,17185931.7105
Duzalta Cap. 60mg 10's,2025,12,4067,2337363.83150004
Galvecta Plus Tab. 50/1000mg 14's,2025,12,2835,1457615.2413
EvoCheck Weighing Scale (White),2025,12,5,10677.96
Vanzak Tab. 10mg 10's,2025,12,1761,418313.985
Vanzak Tab. 20mg 10's,2025,12,14112,4908991.0314
Lowplat Plus Tab. 75/75mg 10's,2025,12,478662,120765501.967137
Redexa Cap. 60mg 30's,2025,12,1896,1435457.6025
Ferfer Gro Sac. 30's,2025,12,-54,-22688.082
Avsar Tab. 160/10mg 14's,2025,12,77720,46702763.12
BD SYRINGE - BAG 1ML 31G 6MM,2025,12,123200,4759767.99449996
Ivadin Tab. 7.5mg 14's,2025,12,-435,-154820.7
EvoCheck BPM68,2025,12,-8,-42508.0616
Duzalta Cap. 20mg 14's,2025,12,11137,6226300.29130034
Arbi-D Tab. 300/25mg 14's,2025,12,949,720876.4932
Voxamine Tab. 100mg 10's,2025,12,8584,5283121.86850001
Evofix Susp. 100mg/5mL 60ML,2025,12,32,8293.11
Bempion EZ Tab. 180/10mg CP 1x10'S,2025,12,1171,492966
Erli Plus XR Tab. 12.5/1000mg 14's,2025,12,14735,7043058.6389998
Thewril Cap. 4mg 20's,2025,12,8476,4796902.8095
Gouric Tab. 80mg 20's,2025,12,27886,23774900.1375
Avsar Tab. 80/5mg 14's,2025,12,234591,91730745.8660378
Erlina Tab. 25/5mg 14's,2025,12,23071,15806862.1059993
Stevo Tab. 15mg 200's,2025,12,-172,-86249.832
Telsarta-A Tab. 5/40mg 14's,2025,12,26489,10969788.924
Xcept Tab. 20mg 14's,2025,12,16363,13500336.0025014
EvoCheck Go BGM Meter Kit,2025,12,3138,5402136.5
Orslim Cap. 120mg 30's,2025,12,31356,68133060.691
Evofix DS Susp. 200mg/5mL 30ML,2025,12,-35,-9549.75
Gouric Tab. 40mg 20's,2025,12,116943,63038699.8549998
Busonide Cap. 400/12 mcg 30's,2025,12,37519,16414137.2024988
Treatan Tab. 8mg 14's,2025,12,11657,4689282.95980012
Inosita Plus XR Tab. 100/1000mg 14's,2025,12,9760,6660098.70400037
Treatan Tab. 4mg 14's,2025,12,17161,5778588.98479993
Histalis Tab. 10mg 10's,2025,12,11364,1734610.137
Telsarta-A Tab. 10/40mg 10's,2025,12,6758,2171255.6494
Sacvin Tab. 50mg 30's,2025,12,36658,47996225.6414949
Anplag Tab. 90mg 20's,2025,12,32524,46379954.587
Omron BPM M1 Basic Limited Edition (DH),2025,12,3876,24550790.1963998
Ivadin Tab. 5mg 14's,2025,12,-126,-44848.125
Dapwiz Plus XR Tab. 10/1000mg 14's,2025,12,1405,698294.144499999
Paridopa Tab. 100/25/200mg 30's,2025,12,3501,5354160.15749999
Telsarta Tab. 40mg 10's,2025,12,19183,5349917.4575
Evopride Tab. 2mg 30's,2025,12,11723,5119916.61369974
Xilica Cap. 150mg 14's,2025,12,1298,750843.302100003
Treatan-D Tab. 16/12.5mg 28's,2025,12,1581,1321903.965
Erli Tab. 10mg 14's,2025,12,41980,15844818.1218991
Omron BPM M7 Intelli IT,2025,12,192,4431474.61
Ramipace Tab. 2.5mg 28's,2025,12,29758,16165289.6520027
X-Plended EZ Tab. 20/10mg 10's,2025,12,19221,10966856.893
Erlina Tab. 10/5mg 14's,2025,12,24950,12092911.8520012
Estar Tab. 20mg 14's,2025,12,8111,4419415.1925
Estar Tab. 5mg 14's,2025,12,59004,16821853.0172975
Erlina Plus XR Tab. 5/2.5/1000mg 14's,2025,12,1714,404584.292
Eglaro-S Tab. 15/100mg 14's,2025,12,12835,8584527.2735
Omron BPM Wrist RS1,2025,12,50,437631.98
Avsar Plus Tab. 160/5/25mg 28's,2025,12,3949,1666245.32829997
Erli Plus Tab. 5/1000mg 14's,2025,12,1132,204612.033999998
Avsar Plus Tab. 160/5/12.5mg 28's,2025,12,54256,23102249.0619052
Erli Plus XR Tab. 25/1000mg 14's,2025,12,8463,5747618.65999974
Dapwiz Plus XR Tab. 5/500mg 14's,2025,12,2459,1072056.52299998
Oxivort Tab. 10mg 14's,2025,12,-10,-3442.5
SheVit Tab. 30's,2025,12,21508,10637987.4392995
Ferfer Sac. 30's,2025,12,25744,19336016.1203991
BD PEN NEEDLE 31GA 5MM (320119),2025,12,24311,550787.4232
Avsar Plus Tab. 160/10/25mg 28's,2025,12,12014,5433631.24829965
Evopride Tab. 3mg 30's,2025,12,4441,2702911.01
Galvecta Plus Tab. 50/500mg 14's,2025,12,4028,1970168.3435
Femova Sac. 10's,2025,12,15513,16622672.3587992
Busonide Cap. 200/6 mcg 30's,2025,12,6681,2320631.20580001
Eglaro Tab. 5mg 14's,2025,12,293,101639.7952
Aireez TABS CHWE 0004MG X 14,2025,12,-5,-714
"Omron Weigh Scale HN-289 ",2025,12,41,228308.4622
Zibes Tab. 10mg 20's,2025,12,1509,565747.513899996
Ad Folic Tab. 30's,2025,12,31162,12042699.6458022
Inosita TABS 100MG 14`S,2025,12,9,4433.94
Supercran Sac. 10's,2025,12,978,288679.5973
X-Plended EZ Tab. 5/10mg 10's,2025,12,11319,2766203.45
Fasteso Tab. 20mg 14's,2025,12,2959,657985.787099994
Neo Q 10 Cap. 100mg 20's,2025,12,3484,3866535.39139997
Inosita Plus XR Tab. 50/500mg 14's,2025,12,37349,21633665.3330001
"Opt-D Cap. 100,000IU 2's",2025,12,2025,525642.488499997
Itipso Tab. 50mg 10's,2025,12,12559,2342629.41
Inosita Tab. 100mg 28's,2025,12,2782,4327959.79
Byvas Tab. 10mg 14's,2025,12,4909,1972732.675
Aircare DPI Device 1's,2025,12,-3,-1307.7
Ad-D Chewable Tab. 2000IU 30's,2025,12,1127,424745.303399998
Dipof Cap. 3/25mg 20's,2025,12,8094,1578514.47089997
Duzalta Cap. 30mg 14's,2025,12,18038,10778606.9705999
Avsar Plus Tab. 320/10/25mg 28's,2025,12,4212,2373209.775
Zilero Tab. 5mg 30’s,2025,12,928,824418.7995
Evopride Plus Tab. 1/500mg 30's,2025,12,15071,4041703.40840048
Telsarta-A Tab. 10/80mg 10's,2025,12,10225,3710914.615
Inosita Plus Tab. 50/1000mg 28's,2025,12,23743,24909277.895
Evopride Plus Tab. 2/500mg 30's,2025,12,39749,19541264.2344986
Revolic Tab. 30's,2025,12,902,489258.649600002
Omron BPM M3 Comfort,2025,12,84,1382380.5156
Xilica Cap. 25mg 14's,2025,12,3818,920236.8294
Lowplat Plus Tab. 75/150mg 10's,2025,12,1921,477539.400600003
X-Plended EZ Tab. 10/10mg 10's,2025,12,45296,16797508.9875
Arbi-A Tab. 100/10mg 10's,2025,12,625,192179.212399999
Actnise Crm. 50gm 1's,2025,12,10921,3571199.57249992
Dipof Cap. 6/25mg 20's,2025,12,2266,740626.267000011
Erlina Plus XR Tab. 25/5/1000mg 14's,2025,12,10245,2915208.33100011
Nise Tab. 100mg 20's,2025,12,273645,70936857.6260223
Sacvin Tab. 200mg 30's,2025,12,645,1481290.155
Anplag Tab. 60mg 14's,2025,12,2291,1607751.0725
Klevra Tab. 250mg 30's,2025,12,1997,1947731.27939997
Klevra XR Tab. 500mg 10's,2025,12,1007,565675.9792
Ramipace Tab. 1.25mg 28's,2025,12,9585,3476781.1330001
EvoCheck Weighing Scale (Black),2025,12,1395,3524473.07969998
BD SYRINGE - BAG 1CC 30GA 8MM 10 (328838),2025,12,1740163,59289302.25
Arbi-D Tab. 150/12.5mg 10's,2025,12,13791,5229464.4945
Zibes Tab. 5mg 20's,2025,12,27427,5543107.9586
EvoCheck Go Test Strips 1x50's (Foil Packing),2025,12,12,18630.5707
Iprazyme Inh. Sol. 0.025% 5X2mL,2025,12,4824,2333196.96
Diu Tansin Tab. 50/12.5mg 10's,2025,12,9449,2199346.3235
Avsar Tab. 160/5mg 14's,2025,12,77153,38254830.7370099
Estar Tab. 10mg 14's,2025,12,88574,36924926.92
Ramipace Tab. 10mg 28's,2025,12,2284,2225931.57680003
Erli Plus Tab. 5/500mg 14's,2025,12,3995,1151361.55
Erli Plus XR Tab. 10/1000mg 14's,2025,12,3875,1761289.4625
Eglaro Tab. 15mg 14's,2025,12,345,151966.026
Evokalm Tab. 25mg 10's,2025,12,26102,4914743.92799993
Finno-Q Sac. 3g 10's,2025,12,5450,2738880.44150001
Evokalm Tab. 100mg 10's,2025,12,12752,5201515.6479001
Lowplat Tab. 75mg 10's,2025,12,402972,94997964.5256722
Ad-D Chewable Tab. 10000IU 8's,2025,12,1205,203156.313599999
Paridopa Tab. 75/18.75/200mg 14's,2025,12,-228,-94843
Erli Plus Tab. 12.5/500mg 14's,2025,12,21972,7904478.3125
Kalsob Tab. 30's,2025,12,55352,34374300.6554953
Dapwiz Plus XR Tab. 10/500mg 14's,2025,12,1339,633461.648
Fasteso Tab. 40mg 14's,2025,12,6464,2543594.87599996
X-Plended Tab. 5mg 10's,2025,12,61417,14195755.6280019
IBANDRO TABS 150MG,2025,12,-1,-423.9375
Inosita Plus Tab. 50/500mg 28's,2025,12,67973,69536281.266017
Zibes Tab. 2.5mg 14's,2025,12,26469,1460888.38020004
Ramipace Tab. 5mg 28's,2025,12,13957,10100469.8229999
Aircare Plus DPI Device 1's,2025,12,6011,2281100.6623
Paridopa Tab. 125/31.25/200mg 30's,2025,12,60,81769.96
Zilero Tab. 2.5mg 30’s,2025,12,1440,1095120.7135
Eglaro-S Tab. 5/100mg 14's,2025,12,4532,2591313.825
Telsarta-D Tab. 40/12.5mg 14's,2025,12,10494,4342318.8984
Omron ETB Eco Temp Basic,2025,12,280,394847.6604
Zoltar Inj. 40mg 1's,2025,12,19382,3179285.5971
Erli Plus Tab. 12.5/1000mg 14's,2025,12,10128,3646747.4555
Momist Nasal Spray 50mcg CP 1X1'S,2025,12,11726,6835405.30499999
Telsarta-D Tab. 80/12.5mg 14's,2025,12,5639,3473183.419
K-1000 Tab. 30's,2025,12,31315,19514248.0354006
Forsonide Cap. 50/250 mcg 30's,2025,12,305,154897.2
EvoCheck Pulse Oximeter,2025,12,112,296040
Erli Plus Tab. 12.5/850mg 14's,2025,12,6016,2163181.37
Tansin DS Tab. 100mg 10's,2025,12,1699,524955.4085
Evopride Tab. 4mg 30's,2025,12,5365,5030737.835
Zilfom Tab. 400mg 5's,2025,12,2074,923503.5375
Treatan Tab. 16mg 28's,2025,12,1652,1711039.9921
Telsarta Tab. 20mg 10's,2025,12,9129,1698419.1224
Sacvin Tab. 100mg 30's,2025,12,4282,8262722.35600027
"Opt-D Inj. 200,000 IU 1's",2025,12,70683,10057262.0507001
Xilica Cap. 100mg 14's,2025,12,2705,1361198.55829999
BD PEN NEEDLE 31GA 8MM (320109),2025,12,8731,196847.0125
Galvecta Tab. 50mg 10's,2025,12,1411,478507.714
Dapwiz Tab. 5mg 10's,2025,12,8057,1704619.155
Forsonide Cap. 50/500 mcg 30's,2025,12,454,252943.68
Telsarta-A Tab. 5/80mg 14's,2025,12,9267,4981604.16460008
Paridopa Tab. 150/37.5/200mg 30's,2025,12,526,737245.816
Arbi Tab. 150mg 10's,2025,12,8817,2791755.3245
Klevra Tab. 500mg 30's,2025,12,3932,6310843.50959989
Arbi-A Tab. 100/5mg 10's,2025,12,2654,720885.181299991
Dapwiz Plus XR Tab. 5/1000mg 14's,2025,12,285,99071.5799999996
Tansin Tab. 50mg 10's,2025,12,13600,2640570.90070015
Vible Tab. 30's,2025,12,12124,8691312.81079945
Galvecta Plus Tab. 50/850mg 14's,2025,12,5861,2967349.6708
Inosita Tab. 25mg 10's,2025,12,1372,392184.610999999
Tiocap Cap. 18mcg 30's,2025,12,10204,6475149.975
X-Plended Tab. 20mg 10's,2025,12,138864,78448344.6776999
Xcept Tab. 2.5mg 10's,2025,12,19598,5785387.725
X-Plended Tab. 10mg 10's,2025,12,249089,100239407.161036
Anex-M Tab. 85/500mg 2's,2025,12,2040,675318.169399993
Stevo Tab. 15mg 100's,2025,12,-283,-103240.9728
Klevra Soln. 500mg/5mL 60mL,2025,12,5343,2922452.4768
Tiocap Cap. 18mcg 6's,2025,12,536,68439.45
Erli Plus Tab. 5/850mg 14's,2025,12,884,160142.940999999
Oxivort Tab. 20mg 14's,2025,12,-1,-548.25
Evopride Tab. 1mg 30's,2025,12,4216,957568.821400041
Bempion Tab. 180mg CP 1X10'S,2025,12,896,363426
Zoltar Cap. 40mg 14's,2025,12,6786,2232266.03249997
UriTreat Cap. 0.4mg 20's,2025,12,1937,1633402.5
Evokalm Tab. 200mg 10's,2025,12,1187,549732.150900004
Aireez Tab. 10mg 30's,2025,12,26323,16661935.671
Xcept Tab. 10mg 10's,2025,12,38812,17501586.7845
Aireez Sac. 4mg 14's,2025,12,6797,2146948.12199999
Xilica Cap. 75mg 14's,2025,12,15300,6882056.66480029
K-1000 Plus Sac. 10's,2025,12,6253,1571242.09440002
Voxamine Tab. 50mg 10's,2025,12,9071,2794559.74590007
"Opt-D Cap. 200,000IU 1's",2025,12,95167,28272077.5776964
CEFIPIME INJECTION 1G,2025,12,-1,-510
Erlina Plus XR Tab. 12.5/2.5/1000mg 14's,2025,12,1518,360633.665
Dapwiz Tab. 10mg 10's,2025,12,16310,5235056.0155
Byvas Tab. 5mg 14's,2025,12,65750,21527440.5134961
Onita Sac. 2g 7's,2025,12,13986,16488168.25
Sparliv Tab. 30's,2025,12,5043,3979715.02140016
EvoCheck Premium LinX CGM 1's,2025,12,447,5590280
Evokalm XR Tab. 300mg 10's,2025,12,2296,1388100.337
Actiflor Sac. 250mg 10's,2025,12,3058,1932212.4275
Phytus Syp. 120ML,2025,12,3889,1532343.3325
EvoCheck GM700S BGM Meter Kit,2025,12,747,1739167.83
Telsarta Tab. 80mg 10's,2025,12,4356,1654668.7222
Arbi Tab. 300mg 10's,2025,12,3668,1548564.1072
Evo Joshanda Sac. 30's,2025,12,-60,-25680.7899
Inosita Plus XR Tab. 50/1000mg 14's,2025,12,4689,2934972.5095
Iprazyme-S Inh. Sol. 0.5/2.5mg 5X2mL,2025,12,6422,3791042.5
"Opt-D Cap. 25,000IU 4's",2025,12,4302,841680.087300004
Paridopa Tab. 200/50/200mg 30's,2025,12,2351,4657341.1655
Erlina Plus XR Tab. 10/5/1000mg 14's,2025,12,9294,2640112.09900005
Redexa Cap. 30mg 30's,2025,12,1364,665344.9375
Inosita Tab. 50mg 28's,2025,12,10268,10155514.6889992
Agoviz Tab. 25mg 14's,2025,12,5771,4076722.33200008
Histalis Tab. 20mg 10's,2025,12,3374,974001.145
Xilica Cap. 50mg 14's,2025,12,12841,4651372.4537999
Ad Folic OD Tab. 600mcg 30's,2025,12,45662,23799650.8423008
Byvas Tab. 2.5mg 14's,2025,12,54168,11681403.8302
Evofix Susp. 100mg/5mL 30ML,2025,12,-89,-21322.845
EvoCheck Infrared Thermometer,2025,12,59,260854.8465
EvoCheck GS700 BGM Test Strips 50's,2025,12,6885,14382639.4325996
Evofix Cap. 400mg 10's,2025,12,5806,3988839.71
Aireez Tab. 5mg 30's,2025,12,2102,835364.53
Paridopa Tab. 50/12.5/200mg 30's,2025,12,928,957107.479999996
Omron Nebulizer NE-C101-E Essential,2025,12,56,747164.8118
Xcept Tab. 15mg 14's,2025,12,17809,12395988.032
Zoltar Cap. 20mg 14's,2025,12,7013,2144900.30400003
Erli Tab. 25mg 14's,2025,12,13937,6927434.72699952
Stevo Sac. 1gm 50's,2025,12,215,94882.5
Omron BPM Evolv HEM-7600T-E,2025,12,37,1382820.9561
Omron BPM M1 Basic,2025,12,53,422171.75
Evokalm XR Tab. 200mg 10's,2025,12,1814,997531.1476
Avsar Plus Tab. 160/10/12.5mg 28's,2025,12,55423,25594776.1850128
Byvas Tab. 5mg 14's,2026,1,59575,19514464.5504974
Inosita Tab. 50mg 28's,2026,1,9690,9572457.26549938
Byvas Tab. 2.5mg 14's,2026,1,49149,10600429.2855
Telsarta-A Tab. 5/80mg 14's,2026,1,8286,4452426.33180016
Histalis Tab. 20mg 10's,2026,1,2479,715590.35
EvoCheck GS700 BGM Test Strips 50's,2026,1,4108,8711602.26190019
Evopride Tab. 1mg 30's,2026,1,3524,801113.509800023
Telsarta-A Tab. 5/40mg 14's,2026,1,23191,9607539.49500001
K-1000 Tab. 30's,2026,1,23456,14609925.5894001
Avsar Tab. 80/5mg 14's,2026,1,213468,83471934.9980308
Inosita Plus XR Tab. 50/1000mg 14's,2026,1,17826,11105549.9895
Evofix Susp. 100mg/5mL 30ML,2026,1,-107,-25716.0488
Evokalm Tab. 200mg 10's,2026,1,869,402516.854600002
Erlina Plus XR Tab. 10/5/1000mg 14's,2026,1,882,251627.880000001
Stevo Tab. 15mg 200's,2026,1,-815,-396551.891000002
EvoCheck BPM68,2026,1,-3,-17280
Klevra Soln. 500mg/5mL 60mL,2026,1,3708,2031597.79249997
Evofix DS Susp. 200mg/5mL 30ML,2026,1,-290,-78005.0864999999
Sparliv Tab. 30's,2026,1,3673,2895847.3402001
Arbi Tab. 300mg 10's,2026,1,3167,1336115.6525
Onita Sac. 2g 7's,2026,1,11489,13569140.75
Erli Plus Tab. 12.5/1000mg 14's,2026,1,8128,2925981.5625
Fasteso Tab. 40mg 14's,2026,1,3845,1510122.0615
Inosita Tab. 25mg 10's,2026,1,1269,362661.322999999
EvoCheck Premium LinX CGM 1's,2026,1,98,1257422
Bempion EZ Tab. 180/10mg CP 1x10'S,2026,1,1187,499115.75
Dapwiz Plus XR Tab. 10/500mg 14's,2026,1,1245,588519.26
Voxamine Tab. 50mg 10's,2026,1,8576,2646548.17580003
Vanzak Tab. 10mg 10's,2026,1,1358,322226.449
Redexa Cap. 60mg 30's,2026,1,1213,916332.215
Erlina Plus XR Tab. 12.5/2.5/1000mg 14's,2026,1,3357,794908.1
Erli Plus Tab. 5/850mg 14's,2026,1,763,137532.771
K-1000 Plus Sac. 10's,2026,1,4536,1139524.4124
Ramipace Tab. 2.5mg 28's,2026,1,25902,14083274.4968021
Xcept Tab. 10mg 10's,2026,1,33767,15225012.45
Aireez Tab. 10mg 30's,2026,1,20800,13135747.017
EvoCheck Weighing Scale (White),2026,1,2,4745.76
Arbi-D Tab. 300/12.5mg 10's,2026,1,7298,4128582.396
Inosita Plus Tab. 50/850mg 28's,2026,1,13785,14445685.616
Aireez Sac. 4mg 14's,2026,1,6198,1955215.10099999
UriTreat Cap. 0.4mg 20's,2026,1,1386,1171861
Bempion Tab. 180mg CP 1X10'S,2026,1,715,289822.8
Erli Tab. 25mg 14's,2026,1,12441,6176354.44749957
Evokalm XR Tab. 300mg 10's,2026,1,2057,1243312.2975
Actiflor Sac. 250mg 10's,2026,1,1868,1180530.844
Estar Tab. 5mg 14's,2026,1,48480,13826888.0086981
Omron BPM Evolv HEM-7600T-E,2026,1,30,1116152.4809
Avsar Plus Tab. 160/10/12.5mg 28's,2026,1,51061,23575806.5874108
Omron Nebulizer NE-C101-E Essential,2026,1,120,921539.0645
Telsarta Tab. 80mg 10's,2026,1,4212,1595076.7481
Omron BPM M1 Basic,2026,1,77,597933
Omron ETB Eco Temp Basic,2026,1,98,139487.045
Anplag Tab. 90mg 20's,2026,1,29712,42404652.1
Telsarta-D Tab. 80/12.5mg 14's,2026,1,4456,2747413.175
Paridopa Tab. 50/12.5/200mg 30's,2026,1,977,1006221.16
Evofix Cap. 400mg 10's,2026,1,4324,2983961.72
Telsarta Tab. 40mg 10's,2026,1,17985,5011674.7575
Ramipace Tab. 5mg 28's,2026,1,12349,8931248.43619948
EvoCheck Infrared Thermometer,2026,1,32,137435.961
Redexa Cap. 30mg 30's,2026,1,872,422935.1375
Paridopa Tab. 75/18.75/200mg 14's,2026,1,-19,-7968.75
Dapwiz Plus XR Tab. 5/1000mg 14's,2026,1,363,126614.81
X-Plended EZ Tab. 10/10mg 10's,2026,1,37741,14004082.215
Xilica Cap. 75mg 14's,2026,1,12787,5756909.13970017
Fasteso Tab. 20mg 14's,2026,1,1841,408378.073199997
Inosita Plus Tab. 50/500mg 28's,2026,1,54907,56417239.7860076
Paridopa Tab. 150/37.5/200mg 30's,2026,1,545,760808.756
Zilfom Tab. 400mg 5's,2026,1,2061,915597.5175
Zibes Tab. 2.5mg 14's,2026,1,23384,1291383.53920003
Erlina Plus XR Tab. 25/5/1000mg 14's,2026,1,14532,4126051.77600022
Ad Folic OD Tab. 600mcg 30's,2026,1,36288,18915991.8869989
BD PEN NEEDLE 31GA 8MM (320109),2026,1,4973,112761.2312
Evopride Tab. 4mg 30's,2026,1,8370,7841751.075
Evopride Tab. 3mg 30's,2026,1,3479,2121216.485
Xilica Cap. 100mg 14's,2026,1,2472,1246242.46029999
Erli Plus Tab. 12.5/850mg 14's,2026,1,4881,1755434.4575
Avsar Plus Tab. 320/10/25mg 28's,2026,1,4404,2480688.1521
Byvas Tab. 10mg 14's,2026,1,3104,1245799.955
Itipso Tab. 50mg 10's,2026,1,8421,1569792.07
Telsarta-D Tab. 40/12.5mg 14's,2026,1,8747,3625546.816
Zoltar Cap. 20mg 14's,2026,1,6197,1892034.37320003
Paridopa Tab. 125/31.25/200mg 30's,2026,1,-261,-356652.588
Forsonide Cap. 50/250 mcg 30's,2026,1,172,87261
Phytus Syp. 120ML,2026,1,256,102095.022
"Omron Weigh Scale HN-289 ",2026,1,12,65760.1476
Zoltar Inj. 40mg 1's,2026,1,7962,1353247.712
NEBULIZERS Comp C 803,2026,1,-3,-16984.608
Omron BPM Wrist RS1,2026,1,9,73822.7645
Dapwiz Tab. 10mg 10's,2026,1,14519,4657003.8255
Arbi Tab. 150mg 10's,2026,1,7320,2318111.1384
Tiocap Cap. 18mcg 30's,2026,1,6729,4268457.75
Momist Nasal Spray 50mcg CP 1X1'S,2026,1,9008,5241532.905
Sacvin Tab. 100mg 30's,2026,1,3575,6904599.39600013
Treatan Tab. 16mg 28's,2026,1,1903,1971929.756
Xcept Tab. 2.5mg 10's,2026,1,17849,5269413.925
Dapwiz Tab. 5mg 10's,2026,1,7033,1486092.315
Lowplat Plus Tab. 75/150mg 10's,2026,1,3010,762070.9451
Evopride Plus Tab. 2/500mg 30's,2026,1,34529,16977574.3767974
EvoCheck Pulse Oximeter,2026,1,123,316220
Arbi-A Tab. 100/5mg 10's,2026,1,2638,715567.152499992
SheVit Tab. 30's,2026,1,17222,8514983.52449997
Forsonide Cap. 50/500 mcg 30's,2026,1,145,80716.68
X-Plended Tab. 5mg 10's,2026,1,57246,13193906.2340015
Kalsob Tab. 30's,2026,1,46754,29033367.8316955
Lowplat Tab. 75mg 10's,2026,1,364861,85975378.1010902
Evokalm Tab. 25mg 10's,2026,1,22185,4184405.70399984
Telsarta Tab. 20mg 10's,2026,1,8602,1591115.3944
X-Plended EZ Tab. 5/10mg 10's,2026,1,10209,2492564.225
Ramipace Tab. 10mg 28's,2026,1,1771,1725285.93300002
Evo Joshanda Sac. 30's,2026,1,-169,-70430.1143
Anex-M Tab. 85/500mg 2's,2026,1,364,120690.99
EvoCheck Weighing Scale (Black),2026,1,208,531273.0064
Vible Tab. 30's,2026,1,8879,6352945.09909967
Galvecta Plus Tab. 50/850mg 14's,2026,1,5084,2578746.052
Stevo Tab. 15mg 100's,2026,1,-1695,-592536.5604
Dapwiz Plus XR Tab. 5/500mg 14's,2026,1,2447,1066543.61999999
Actnise Crm. 50gm 1's,2026,1,4518,1519596.27740002
Avsar Plus Tab. 160/5/12.5mg 28's,2026,1,48525,20655699.5160045
Tansin Tab. 50mg 10's,2026,1,29710,5767688.71159965
Arbi-A Tab. 100/10mg 10's,2026,1,1111,344234.445799996
Dipof Cap. 6/25mg 20's,2026,1,2269,739985.146000014
Nise Tab. 100mg 20's,2026,1,208187,53970103.2640207
Erli Plus XR Tab. 25/1000mg 14's,2026,1,7987,5425884.16749977
Gouric Tab. 40mg 20's,2026,1,91760,49470471.0699999
Galvecta Tab. 50mg 10's,2026,1,1043,354009.521
Duzalta Cap. 30mg 14's,2026,1,15083,9013885.5054004
Inosita Tab. 100mg 28's,2026,1,2569,3992253.0975
Dipof Cap. 3/25mg 20's,2026,1,6814,1327789.95939999
Galvecta Plus Tab. 50/500mg 14's,2026,1,3363,1648523.507
Zilero Tab. 5mg 30’s,2026,1,783,693249.375
Telsarta-A Tab. 10/80mg 10's,2026,1,7578,2754591.821
Omron BPM M3 Comfort,2026,1,14,243137.1494
Erli Plus Tab. 12.5/500mg 14's,2026,1,19081,6862103.55
Anplag Tab. 60mg 14's,2026,1,2395,1676307.057
Erlina Tab. 25/5mg 14's,2026,1,20313,13899647.9159995
Revolic Tab. 30's,2026,1,478,258442.032800001
Evopride Plus Tab. 1/500mg 30's,2026,1,13362,3581672.14270034
Eglaro-S Tab. 5/100mg 14's,2026,1,4179,2388976.5941
Inosita Plus Tab. 50/1000mg 28's,2026,1,18019,19077208.5775
Erli Plus Tab. 5/500mg 14's,2026,1,3504,1007060.96
Arbi-D Tab. 150/12.5mg 10's,2026,1,11561,4390258.194
Thewril Cap. 4mg 20's,2026,1,6975,3951295.975
X-Plended Tab. 10mg 10's,2026,1,218692,87983677.1330254
"Opt-D Inj. 200,000 IU 1's",2026,1,50063,7124336.61020017
Zilero Tab. 2.5mg 30’s,2026,1,1456,1106971.9915
Supercran Sac. 10's,2026,1,939,301652.422999999
Evofix Susp. 100mg/5mL 60ML,2026,1,-39,-9426.33
Ramipace Tab. 1.25mg 28's,2026,1,8542,3099005.24340007
Duzalta Cap. 60mg 10's,2026,1,2620,1500459.73670002
Inosita Plus XR Tab. 50/500mg 14's,2026,1,20756,12014231.312999
Ad Folic Tab. 30's,2026,1,24623,9514434.7534014
Zibes Tab. 10mg 20's,2026,1,1409,528180.649699999
Diu Tansin Tab. 50/12.5mg 10's,2026,1,8106,1884845.5835
Oxivort Tab. 10mg 14's,2026,1,-4,-1377
Ferfer Sac. 30's,2026,1,18677,14008589.7242999
Galvecta Plus Tab. 50/1000mg 14's,2026,1,2139,1100919.96
Avsar Plus Tab. 160/5/25mg 28's,2026,1,3495,1476593.92399998
Klevra Tab. 500mg 30's,2026,1,3062,4913616.04879992
Ad-D Chewable Tab. 10000IU 8's,2026,1,758,127924.8949
Busonide Cap. 200/6 mcg 30's,2026,1,4588,1609154.90690003
Evokalm Tab. 100mg 10's,2026,1,10085,4111626.33930005
BD PEN NEEDLE 4MM 100’S,2026,1,72608,1611913.306
Ad-D Chewable Tab. 2000IU 30's,2026,1,900,336803.326299999
Avsar Plus Tab. 160/10/25mg 28's,2026,1,11117,5023572.82039974
Finno-Q Sac. 3g 10's,2026,1,4696,2360140.6986
BD SYRINGE - BAG 1CC 30GA 8MM 10 (328838),2026,1,941102,32383253.24
Iprazyme Inh. Sol. 0.025% 5X2mL,2026,1,4472,2157987.225
Neo Q 10 Cap. 100mg 20's,2026,1,2753,3048975.57389999
Avsar Tab. 160/5mg 14's,2026,1,70227,34815018.7040063
X-Plended Tab. 20mg 10's,2026,1,124451,70278915.8829999
Xilica Cap. 150mg 14's,2026,1,1083,625145.883200003
Aircare Plus DPI Device 1's,2026,1,2468,965568.335699997
Tiocap Cap. 18mcg 6's,2026,1,607,77171.568
Tansin DS Tab. 100mg 10's,2026,1,1457,449792.079
Sacvin Tab. 50mg 30's,2026,1,33763,44230168.7052984
Zibes Tab. 5mg 20's,2026,1,22171,4480945.2192
Klevra XR Tab. 500mg 10's,2026,1,391,222401.072
Erli Plus XR Tab. 12.5/1000mg 14's,2026,1,13010,6210756.81199996
Xilica Cap. 50mg 14's,2026,1,10666,3861336.91209987
Treatan Tab. 4mg 14's,2026,1,15233,5120990.09149998
Lowplat Plus Tab. 75/75mg 10's,2026,1,416193,104980922.400429
Gouric Tab. 80mg 20's,2026,1,21582,18406059.715
Eglaro Tab. 5mg 14's,2026,1,214,74589.6984000001
Inosita Plus XR Tab. 100/1000mg 14's,2026,1,6895,4716726.12600014
Treatan Tab. 8mg 14's,2026,1,10424,4190568.31150023
Paridopa Tab. 200/50/200mg 30's,2026,1,1786,3543932.0305
Telsarta-A Tab. 10/40mg 10's,2026,1,5974,1921868.6917
Vanzak Tab. 20mg 10's,2026,1,9231,3210576.565
Xilica Cap. 25mg 14's,2026,1,3357,807632.3535
Orslim Cap. 120mg 30's,2026,1,22329,48382738.408
Ivadin Tab. 7.5mg 14's,2026,1,-316,-112626.87
Voxamine Tab. 100mg 10's,2026,1,7143,4386724.40549991
Duzalta Cap. 20mg 14's,2026,1,8994,5027484.22040026
Estar Tab. 20mg 14's,2026,1,6243,3395992.9062
Xcept Tab. 20mg 14's,2026,1,14391,11859212.622001
Zoltar Cap. 40mg 14's,2026,1,4720,1554894.92069998
Erlina Plus XR Tab. 5/2.5/1000mg 14's,2026,1,2149,508297.076
Sacvin Tab. 200mg 30's,2026,1,645,1479776.985
Histalis Tab. 10mg 10's,2026,1,8361,1272929.4
Erli Plus Tab. 5/1000mg 14's,2026,1,877,158325.759999999
Klevra Tab. 250mg 30's,2026,1,1453,1419610.19399999
Eglaro-S Tab. 15/100mg 14's,2026,1,11810,7885451.38
Arbi-D Tab. 300/25mg 14's,2026,1,716,542140.6077
EvoCheck GM700S BGM Meter Kit,2026,1,372,848264.62
Avsar Tab. 160/10mg 14's,2026,1,71458,42950731.11
Ferfer Gro Sac. 30's,2026,1,-65,-27368.364
Omron BPM M1 Basic Limited Edition (DH),2026,1,1275,8102221.75999997
Retzole Tab. 2.5mg 10's,2026,1,2953,5228961.15
Omron BPM M7 Intelli IT,2026,1,24,569184
Iprazyme-S Inh. Sol. 0.5/2.5mg 5X2mL,2026,1,6261,3683615.25
Femova Sac. 10's,2026,1,11232,12039008.2042994
EvoCheck Go BGM Test Strip 50's,2026,1,6069,8575377.58639971
Estar Tab. 10mg 14's,2026,1,73708,30731579.9955
Xcept Tab. 15mg 14's,2026,1,15218,10587954.4455
X-Plended EZ Tab. 20/10mg 10's,2026,1,19407,11057371.7865
BD PEN NEEDLE 31GA 5MM (320119),2026,1,25700,583870.9133
Busonide Cap. 400/12 mcg 30's,2026,1,30630,13390881.3254993
"Opt-D Cap. 200,000IU 1's",2026,1,77535,22918788.812898
Erli Plus XR Tab. 5/1000mg 14's,2026,1,1809,671008.275
Stevo Sac. 1gm 50's,2026,1,-63,-27247.596
Erli Tab. 10mg 14's,2026,1,37566,14192452.0231995
Aireez Tab. 5mg 30's,2026,1,1123,445858.745
Eglaro Tab. 15mg 14's,2026,1,399,175208.9955
Evokalm XR Tab. 200mg 10's,2026,1,1530,838676.3255
EvoCheck Go BGM Meter Kit,2026,1,831,1742916.3
Dapwiz Plus XR Tab. 10/1000mg 14's,2026,1,1378,684520.377999999
Erli Plus XR Tab. 10/1000mg 14's,2026,1,3483,1580979.3025
Treatan-D Tab. 16/12.5mg 28's,2026,1,1445,1204161.713
Erlina Tab. 10/5mg 14's,2026,1,6241,3035113.6829999
"Opt-D Cap. 25,000IU 4's",2026,1,3707,726149.674600004
BD SYRINGE - BAG 1ML 31G 6MM,2026,1,68550,2643778.81999998
Paridopa Tab. 100/25/200mg 30's,2026,1,2678,4095276.1575
Evopride Tab. 2mg 30's,2026,1,9898,4325465.4406001
Agoviz Tab. 25mg 14's,2026,1,5021,3546200.49800004
Ivadin Tab. 5mg 14's,2026,1,-126,-44952.25
"Opt-D Cap. 100,000IU 2's",2026,1,2796,710268.334199998
